"firm_id","year","sic2","total_assets","book_equity","lt_debt","debt_current","total_liabilities","ebitda","num_shares","share_price","dividends_total","total_sales","rf","excess_return","uk_exposure","uk_listed"
1,2010,50,657.891263130693,616.641054071252,30.7695688989578,10.4806401604826,227.789670710058,0.467221005164032,45.7742688613014,28.1138494987142,49.5951534196948,835.3549,0.008,-0.0812669574364791,1,0
1,2011,50,806.141338996654,648.518779699749,117.574633169192,40.0479261277133,348.021878998516,61.9339373581457,45.7742688613014,70.2078162976966,136.038564465001,939.7381,0.003,0.264408597073405,1,0
1,2012,50,711.816802811447,606.157978854576,78.8135754376206,26.8452485192514,304.425614631898,72.1786972460036,45.7742688613014,24.9648393844386,52.382226595077,802.4684,1e-04,0.437775467483948,1,0
1,2013,50,904.077258435561,761.395758697877,106.429720888422,36.251778849262,348.802073931663,90.0365925017887,45.7742688613014,20.8122402484573,43.1836607520512,1068.3166,0.002,0.187286610482917,1,0
1,2014,50,1103.73033011625,841.06291413498,195.930234969252,66.7371810120188,384.723841020084,97.6047213790773,45.7742688613014,76.8325605099072,165.427369235368,1299.6608,0,-0.366757559320706,1,0
1,2015,50,879.169324623653,726.24677642167,114.068776629103,38.85377157288,317.805949690163,74.3681762614602,45.7742688613014,88.2003212433427,173.009257295917,1037.9939,-0.003,0.355635493429595,1,0
1,2016,50,1105.58762882789,840.914113087069,197.426635258537,67.2468804822825,436.335905920957,133.469053389386,45.7742688613014,183.708912016724,403.594365056486,1274.2665,-0.006,0.127116961182408,1,0
1,2017,50,1090.92864182437,978.381453590211,83.9517796810379,28.59540855312,432.187199706529,41.4691416615496,45.7742688613014,25.6021723323521,47.9781558495612,1286.6813,-0.007,-0.405427041985623,1,0
1,2018,50,859.148870997636,775.793861455518,62.1765990442301,21.1784104978882,279.545153148631,141.548590643917,45.7742688613014,54.9333091329587,92.8097430513459,948.7267,-0.006,0.0704535983718465,1,0
1,2019,50,970.25718385833,813.293119402978,117.083445297451,39.880619157901,407.461029280397,39.967776697888,45.7742688613014,36.759820915459,53.0678261047252,1079.3502,-0.006,-5.71670959669422e-05,1,0
1,2020,50,968.276648004142,860.312614519595,80.5330892293229,27.4309442552235,331.61471125078,-33.1031397983233,45.7742688613014,41.8514851656498,0,1084.5465,-0.007,0.0800140434589622,1,0
1,2021,50,1247.74201043868,1105.56655704576,106.052248186431,36.1232052064864,374.128550589299,114.606157162378,45.7742688613014,150.775875154876,446.048011085906,1508.8327,-0.006,0.0424091937526857,1,0
2,2010,36,11.3981959029637,9.61123310339683,0.907010196850242,0.879952602716609,4.15254257312264,0.832348194450474,9.60274797415329,2.5811780567396,0.630505294620963,5.9721,0.008,-0.226457519513909,0,0
2,2011,36,13.4520731950195,9.8744949349009,1.81587437787955,1.76170388223909,7.28787236980335,1.43921958865078,9.60274797415329,0.939067144352895,0.417971645005506,6.1025,0.003,0.385281850721951,0,0
2,2012,36,16.9458022161173,11.7115986669186,2.65672905595109,2.57747449324761,7.07192132196424,0.523589322929683,9.60274797415329,2.16030401646916,0.686282912736716,9.1179,1e-04,0.263394924136397,0,0
2,2013,36,16.8047939224369,11.5897943474969,2.64698167873824,2.56801789620175,7.20564998415278,NA,9.60274797415329,1.05411856625462,0.243373347370066,8.0641,0.002,0.0885405622556129,0,0
2,2014,36,19.6138791452497,14.0582480826866,2.81987628668267,2.73575477588038,8.22502177791388,2.4681356406953,9.60274797415329,1.4434073820491,0.462592571838052,8.9811,0,0.163339292721708,0,0
2,2015,36,19.4668413184915,13.3790608763945,3.0899797905731,2.99780065152395,8.04034321256414,2.71460641705356,9.60274797415329,2.37192400305761,1.15613768736336,10.1188,-0.003,-0.14447174092419,0,0
2,2016,36,17.9584887706164,14.4167681806997,1.79767407034303,1.74404651957368,5.96350631287892,0.481955637339511,9.60274797415329,2.45349303723322,0.656294135777325,8.7835,-0.006,-0.0388296197288739,0,0
2,2017,36,16.6240405917244,12.2127599295845,2.23903740061013,2.17224326152976,6.12213834708896,1.37243283432244,9.60274797415329,2.21933412243895,0.731284062458045,7.674,-0.007,0.103875323285046,0,0
2,2018,36,20.3841684429443,14.8438056254772,2.8121265707997,2.72823624666736,7.92671877176951,1.75917944097457,9.60274797415329,2.10732518338797,0.606633201177584,11.0213,-0.006,-0.0115807547926294,0,0
2,2019,36,21.5919487076954,15.7817686030833,2.949077956014,2.86110214859819,9.58426338505806,0.717684628785199,9.60274797415329,2.20976723251973,0.46087997946622,10.7695,-0.006,0.0906111241422286,0,0
2,2020,36,23.9064719968625,18.4381582603413,2.7755565587617,2.69275717775946,10.2307609724686,1.80203033649804,9.60274797415329,1.64396341627314,0.641934178690253,11.475,-0.007,-0.0104352298936718,0,0
2,2021,36,20.990166432279,15.8555125818674,2.60620053240536,2.52845331800626,8.4643528101064,1.41302127146505,9.60274797415329,3.72680923395104,1.36664100880605,9.9497,-0.006,-0.18014616818446,0,0
3,2010,38,840.727587516809,617.290814443022,114.07866571864,109.358107355147,337.897547448706,164.039804587678,55.2725582337519,4.9292714301611,0.29205668663577,728.982,0.008,0.0782034889835378,0,0
3,2011,38,660.888138416463,474.810259793126,95.0045770044091,91.0733016189272,353.258965536607,133.013697376631,55.2725582337519,4.48152491402752,1.07806660677296,519.2579,0.003,0.165134567734377,0,0
3,2012,38,758.430386661989,632.792816754142,64.1459601391861,61.4916097686605,289.215931489613,114.985350108737,55.2725582337519,5.15220635893604,0,575.9027,1e-04,0.572425121112579,0,0
3,2013,38,837.141586652441,626.86914594764,107.357437824632,102.915002880169,351.950238075274,137.806153951162,55.2725582337519,6.40287554718444,1.7302354306451,665.4298,0.002,0.154246631776204,0,0
3,2014,38,860.909762175112,637.01854931493,114.310686096344,109.580526763839,417.88144351514,69.5996078406786,55.2725582337519,6.72585449008005,0,720.0172,0,-0.070533594068839,0,0
3,2015,38,988.517608257853,747.794015761168,122.904685120702,117.818907375983,498.625017672682,237.521789001152,55.2725582337519,6.72706417114044,0,801.5025,-0.003,0.0431486231678044,0,0
3,2016,38,949.8544960144,695.020385142319,130.109001074244,124.725109797837,414.196983166284,125.939106248746,55.2725582337519,8.08474145006239,0.554294148845156,754.0924,-0.006,0.240622851810169,0,0
3,2017,38,1046.33406548205,753.390984740321,149.566050935974,143.37702980575,588.313224796519,167.489315671327,55.2725582337519,6.62903789722309,0,794.4947,-0.007,-0.369391640633427,0,0
3,2018,38,888.18643310608,663.048502062528,114.947214922505,110.190716121047,389.906627441172,153.622006322563,55.2725582337519,5.71470806600158,0.552848413212293,819.3179,-0.006,0.479005625652939,0,0
3,2019,38,1009.62523190916,781.708313378226,116.366064560585,111.55085397035,434.233372033216,129.168278122438,55.2725582337519,6.88247601788165,0,831.2503,-0.006,0.170221462941017,0,0
3,2020,38,1788.90506417797,1142.2333052223,330.167010580782,316.504748374888,1057.82357824159,252.684189064743,55.2725582337519,13.6326085487637,0,1409.6661,-0.007,0.355477458534157,0,0
3,2021,38,1174.69166833272,795.474284324152,193.614563036697,185.602820971873,604.164224807862,182.448916384619,55.2725582337519,8.71597242123907,7.82653182385081,1054.1991,-0.006,0.1056646831193,0,0
4,2010,36,46.9155615278699,40.2287220607988,4.57244887867193,2.11439058839919,16.739864494794,1.77138498497053,38.5837850887093,0.868579802457457,0.722854639312446,67.2835,0.008,0.0878432399981524,0,0
4,2011,36,60.9105173920238,51.61099186315,6.3589989390466,2.94052658982724,15.7377882633902,3.72934229182799,38.5837850887093,1.17318436200902,0,80.7902,0.003,0.0573617350693127,0,0
4,2012,36,46.4492578700201,40.7735115052114,3.8810652220971,1.79468114271164,11.5012884922487,5.80036131681872,38.5837850887093,0.674545070734174,0.0680068717131952,65.0064,1e-04,0.22900774418906,0,0
4,2013,36,52.9778043975877,43.6246479385844,6.39567167323446,2.95748478576889,18.8242514380618,3.68573460613263,38.5837850887093,0.963345959032255,0.549813374458255,70.6496,0.002,-0.0455478904458276,0,0
4,2014,36,51.5554542387908,42.8875912804499,5.92706920205273,2.74079375628819,17.2661550952092,5.36354939077277,38.5837850887093,0.813311522524517,0,65.9559,0,0.347827029732554,0,0
4,2015,36,55.7112224084213,49.3616465124817,4.34182865139847,2.00774724454116,14.4347301691974,2.98861855397503,38.5837850887093,0.938416113977014,0,71.0663,-0.003,0.0549657662151227,0,0
4,2016,36,54.6080363901206,49.1004983284981,3.76604468495476,1.74149337666777,11.1348939941964,0.763161695760495,38.5837850887093,1.06783341257897,0,75.096,-0.006,0.0675009987415533,0,0
4,2017,36,56.4143440583142,43.5141810875385,8.82110838773349,4.07905458304218,22.5409233377245,1.48087570088078,38.5837850887093,0.77924345906802,0,86.9236,-0.007,0.115277968699203,0,0
4,2018,36,69.2567876498928,61.4145952939169,5.36247711957075,2.47971523640514,24.0421759089734,2.25948278370149,38.5837850887093,1.55108861491385,0,97.5961,-0.006,0.54114368880642,0,0
4,2019,36,71.0360615493911,53.5264180428522,11.9730629412712,5.53658056526768,31.3691414660705,8.53935302916262,38.5837850887093,1.04704746995507,0.361126451688272,98.0269,-0.006,-0.166235626069645,0,0
4,2020,36,67.9263588428367,62.7321409079503,3.55179694217355,1.64242099271277,12.1540472337454,10.5402520476832,38.5837850887093,1.05983916704842,0.488733753827193,88.8139,-0.007,0.196757839267196,0,0
4,2021,36,77.0494603717053,67.3160326665954,6.65570047180418,3.07772723330572,31.7427224054442,9.22983468697788,38.5837850887093,1.6495136848406,0,106.5424,-0.006,-0.247947589755819,0,0
5,2010,50,483.446210283056,399.636800923614,59.0955450416479,24.713864317794,194.729294607222,27.3287618729423,26.8355063260173,7.07427937499697,5.76246428230973,609.9496,0.008,0.12837707381997,0,0
5,2011,50,512.200064167882,420.358370432529,64.7592554382712,27.0824382970809,212.59488345823,33.847535086373,26.8355063260173,6.16297696471811,4.44656787686862,753.7435,0.003,0.628893084325611,0,0
5,2012,50,423.115180152595,393.763502201308,20.6964041349946,8.65527381629213,95.7622608535555,54.5328761903879,26.8355063260173,8.30891567660621,7.36582021556798,520.8772,1e-04,0.362814959146437,0,0
5,2013,50,649.443159813025,537.917322204699,78.6389047490392,32.8869328592876,291.896163498517,26.5095658412982,26.8355063260173,8.97077645134866,5.3459459928304,870.83,0.002,0.141196605494173,0,0
5,2014,50,458.578818826262,376.178586740402,58.1019084120725,24.2983236737876,190.416319081843,13.7332726354687,26.8355063260173,7.26049791486806,2.8727343783155,607.4687,0,0.39815240357383,0,0
5,2015,50,596.479314913899,478.303513983627,83.3279153269796,34.847885603293,251.185048464505,66.1217980851516,26.8355063260173,9.68204161734723,3.89316280624278,812.9083,-0.003,0.0373900058986175,0,0
5,2016,50,573.626800437313,474.727415490287,69.735762397063,29.1636225499626,158.0596528082,42.141754053789,26.8355063260173,9.01944569354021,6.69441864782658,814.9942,-0.006,0.241362025621596,0,0
5,2017,50,547.603823374023,471.303333529394,53.8008687661159,22.4996210785122,205.839944698927,51.5730636448447,26.8355063260173,8.49164853604574,5.7543108601495,682.1872,-0.007,-0.311923632909724,0,0
5,2018,50,553.545186845337,482.921395967633,49.7981246583629,20.8256662193406,145.658660111268,86.4874385874458,26.8355063260173,7.94288728185762,5.30835714484685,768.5214,-0.006,0.48745475643832,0,0
5,2019,50,701.083073572365,618.328383328992,58.3518433319434,24.4028469114295,177.686213604205,53.8668430610603,26.8355063260173,10.9895437556681,5.90193518280602,1008.4047,-0.006,-0.321820905199593,0,0
5,2020,50,808.96485774372,641.127716758586,118.345033100164,49.4921078849692,345.482931596378,46.572644245898,26.8355063260173,10.998811068662,5.32470223571475,1115.457,-0.007,0.245793410441921,0,0
5,2021,50,645.39104108989,593.529549792464,36.5684845928191,15.2930067046061,244.549846901416,45.9517415415343,26.8355063260173,9.69963027663238,2.03330642050601,866.3094,-0.006,-0.19965635725842,0,0
6,2010,35,111.484136493814,86.2647390710239,11.5819648849848,13.6374325378053,48.6829556637633,1.19154778434374,58.6702269870211,1.41597879928655,0,69.8297,0.008,-0.604090635124741,0,0
6,2011,35,191.812469905109,117.90556198007,33.9416203327708,39.9652875922677,121.310615120661,8.45645443722954,58.6702269870211,2.55144935751854,0.377964148492746,112.2389,0.003,-0.0070454126035793,0,0
6,2012,35,151.421697689538,118.408033721833,15.1614683883411,17.8521955793636,69.6741232405084,NA,58.6702269870211,1.99380939642108,0,83.8535,1e-04,0.294496415211488,0,0
6,2013,35,184.16282004502,115.309002008956,31.6209974933887,37.2328205426747,122.071441734681,18.9537680202821,58.6702269870211,1.73757065353791,0.76091683141025,107.6154,0.002,-0.124607279769628,0,0
6,2014,35,171.302410166401,124.213607296755,21.6254517175481,25.4633511520973,87.1355395531602,3.34307441466747,58.6702269870211,1.91355700377315,0.522955114312715,94.4839,0,0.19197134055254,0,0
6,2015,35,160.169940059288,116.103849590255,20.2372762471198,23.8288142219133,61.0607863720679,-2.2794043337718,58.6702269870211,1.20200437290505,0,81.2936,-0.003,0.166059340753289,0,0
6,2016,35,181.366387454935,116.913021515305,29.6000974375894,34.8532685020413,94.1710551177272,7.51521601368412,58.6702269870211,1.55657525109256,0.454234840341287,97.3154,-0.006,0.4292138675008,0,0
6,2017,35,184.372301113734,127.199269237342,26.2566165423958,30.9164153339959,97.7183161191419,9.49724092717834,58.6702269870211,2.04716689111185,0,108.5415,-0.007,-0.0605013195211418,0,0
6,2018,35,196.782033464412,144.948095844037,23.8046466894237,28.0292909309518,109.280796699133,-8.76325535700873,58.6702269870211,2.02114367121984,0,109.5708,-0.006,0.178629402617284,0,0
6,2019,35,220.218802336483,144.546514864409,34.752367853009,40.9199196190644,104.784517157344,NA,58.6702269870211,1.90922203620051,0.0613749185809952,121.2336,-0.006,0.302873645218071,0,0
6,2020,35,222.802727986214,152.624436155435,32.2292598053033,37.9490320254758,128.785752011057,-1.92095220159269,58.6702269870211,2.33902635139544,0,124.6912,-0.007,-0.0524785633619329,0,0
6,2021,35,219.024038214925,154.907737914964,29.4453006223785,34.6709996775828,129.812831242773,7.36488356640237,58.6702269870211,2.94092892508791,0,128.2393,-0.006,-0.236619288043544,0,0
7,2010,36,4.3448615130642,3.23904002867889,0.879502056378243,0.226319428007065,2.1218007112867,0.111407318369434,24.7373265623222,0.0615040693593259,0.00959852876499291,1.9401,0.008,0.305887997375759,0,0
7,2011,36,4.07810248287005,3.53643731736098,0.430806991599101,0.110858173909967,1.32974775728206,0.160043211276962,24.7373265623222,0.0742601140959806,0,2.112,0.003,0.77846046179044,0,0
7,2012,36,5.84099770476767,4.64672386976674,0.949851588700065,0.244422246300866,2.84584004436601,-0.304192512088529,24.7373265623222,0.101604387770075,0,2.8812,1e-04,0.260230671057341,0,0
7,2013,36,4.503048784169,4.01691172298951,0.386643369681593,0.0994936914978964,1.79781719030955,0.0053709732897903,24.7373265623222,0.0693715039973159,0.00301467812129954,2.2048,0.002,0.183512914836714,0,0
7,2014,36,4.70685112339335,3.71097935579341,0.792054847785902,0.203816919814041,2.30656434983311,-0.121777407596903,24.7373265623222,0.0866780023734959,0,2.3293,0,0.342900511522173,0,0
7,2015,36,4.35950376101538,3.66232923114321,0.55448952777215,0.142685002100019,1.6799057882237,-0.0100173742372044,24.7373265623222,0.0705637250578163,0,2.0748,-0.003,0.244441809717129,0,0
7,2016,36,4.89815871413227,4.36508068073308,0.423977317501002,0.10910071589819,1.70907341713659,0.149085491210664,24.7373265623222,0.0934724916971912,0.00502235782165264,2.1977,-0.006,0.537577593017864,0,0
7,2017,36,5.77811370423092,4.09318674208736,1.34008675810468,0.344840204038885,2.58700507288775,-0.211026616674042,24.7373265623222,0.115803791128712,0,2.9045,-0.007,-0.0705971183429982,0,0
7,2018,36,5.83408090612795,4.66899028003672,0.926641068186383,0.238449557904849,2.63627326151217,0.0334743724162307,24.7373265623222,0.107509155245678,0.0188119307460865,2.7794,-0.006,0.125665451108832,0,0
7,2019,36,5.63960868446143,4.43462062157203,0.958373023301827,0.246615039587572,2.82180324006702,0.0172882802978761,24.7373265623222,0.0830654522842989,0,2.5324,-0.006,0.346682660841134,0,0
7,2020,36,5.75228158344955,4.90972989632549,0.67011353269419,0.172438154429873,2.32151046001866,0.640346417546499,24.7373265623222,0.15147390830761,0.00101139773894122,2.5978,-0.007,0.146686707098833,0,0
7,2021,36,7.1027266457737,5.54922037561694,1.23556286298674,0.317943407170012,2.33378042932144,0.0484830860641409,24.7373265623222,0.128423022309829,0,3.35,-0.006,0.107354587455609,0,0
8,2010,73,22.3875631873788,17.1711190628018,3.35884965303474,1.85759447154228,10.3159245072394,3.58114548426837,49.9482689249917,0.147966266945478,0.29454227581617,11.3345,0.008,0.464090648923776,0,0
8,2011,73,17.6308611141112,13.5032728933454,2.65773924384045,1.46984897692529,6.98451338130142,2.20958622831379,49.9482689249917,0.125252191413587,0.219893116056973,10.3001,0.003,0.391456118453452,0,0
8,2012,73,18.544680601378,15.8864808544129,1.71160527833982,0.94659446862528,5.20456172720225,5.38095838743933,49.9482689249917,0.133521952132176,0.330520387125335,9.3659,1e-04,0.493720187597361,0,0
8,2013,73,20.3129720649633,16.7870680524794,2.27031694122203,1.25558707126187,7.7260487718652,4.09129305093845,49.9482689249917,0.131134208443923,0.312289066385627,10.8265,0.002,0.412270273012303,0,0
8,2014,73,26.1389153545849,18.6434722149082,4.82628894085706,2.66915419881969,13.8067347269304,7.27031049131267,49.9482689249917,0.167653093544594,0.424685485201678,13.5153,0,0.205422140350363,0,0
8,2015,73,22.3169171184103,17.3435765524784,3.20231614398022,1.77102442195162,10.0994948670735,4.66436455048573,49.9482689249917,0.153676128351795,0.437116745100956,11.6662,-0.003,0.640535253462448,0,0
8,2016,73,24.2533688299833,18.4018095316468,3.76779803435996,2.08376126397657,10.8146437571481,4.17973599291761,49.9482689249917,0.139582202482575,0.332694930834356,13.2265,-0.006,0.445249983439697,0,0
8,2017,73,28.1026546135646,20.4638385003801,4.9186062840166,2.72020982916792,15.4431102160338,3.56642643927906,49.9482689249917,0.16966924671651,0.483052054311532,14.9599,-0.007,0.0197773094651754,0,0
8,2018,73,28.6548120636578,22.3890874187661,4.03447761480858,2.23124703008312,14.7472383037498,5.82449200646788,49.9482689249917,0.190803937518704,0.46791240078482,14.9701,-0.006,0.206957019392944,0,0
8,2019,73,27.234725051108,23.5309921091389,2.38482035079303,1.318912591176,8.49393111748415,3.44441694957314,49.9482689249917,0.166572343423358,0.358276762972041,14.7921,-0.006,0.413125078765231,0,0
8,2020,73,27.1695354633344,20.5293651702261,4.27558182402781,2.36458846908042,9.94665666129419,5.61687944695061,49.9482689249917,0.125365100671069,0.323270069737632,14.3396,-0.007,0.270954189073667,0,0
8,2021,73,25.8032133091365,20.5013827193753,3.41382969156452,1.88800089819666,11.7237169666683,1.98301166837585,49.9482689249917,0.192700557207163,0.310479707424346,13.9717,-0.006,0.228862080733335,0,0
9,2010,35,80.5253150222829,56.0123664278269,14.6285989444336,9.88434965002242,47.3261009227707,10.0527570895558,48.0287508802525,0.969935698801748,0.887908417372477,48.9604,0.008,-0.161427041565219,0,0
9,2011,35,93.6989860281545,62.2299516007124,18.779784163205,12.6892502642371,49.3388435831597,12.8472534027766,48.0287508802525,0.89551678033748,1.04491739674906,54.8832,0.003,0.609485965225162,0,0
9,2012,35,84.0796397987418,61.1336634207042,13.6934765121922,9.25249986584535,37.214931981214,12.4199549059725,48.0287508802525,1.38589038347865,1.2793000075603,40.2937,1e-04,0.510482744774104,0,0
9,2013,35,97.3042434046623,69.2343457157879,16.7512804149027,11.3186172739717,52.1911203258476,-1.30325536125991,48.0287508802525,1.485992903386,0,51.8114,0.002,0.212695592985828,0,0
9,2014,35,121.388634282447,82.2297997430874,23.3688282501145,15.7900062892453,61.9576644052163,21.3572609516977,48.0287508802525,1.57295272131816,1.90828419868522,69.9517,0,0.48208019635425,0,0
9,2015,35,102.574227705158,76.851959804595,15.3502847529209,10.371983147642,53.0958005376001,8.72123523502101,48.0287508802525,1.41149747686027,0.840955039026438,60.6102,-0.003,0.2364194736367,0,0
9,2016,35,135.237658532374,85.9373000021515,29.4209882575499,19.8793702726729,72.9056984858282,22.461791539157,48.0287508802525,3.63183769456162,2.49547197833925,68.0738,-0.006,-0.19941482034785,0,0
9,2017,35,104.335996147642,70.4429772830216,20.2263460095858,13.6666728550349,45.9982014509409,-0.379421008172428,48.0287508802525,1.88668724100214,0,55.9531,-0.007,-0.12287365863461,0,0
9,2018,35,136.343507592796,96.9883254339882,23.4860026719318,15.8691794868756,64.5911122302735,3.15117964544,48.0287508802525,1.73287152149368,0.75420149040113,76.6065,-0.006,0.105117538605185,0,0
9,2019,35,106.383156402686,79.8253717033932,15.8488963382577,10.7088883610354,48.9973516899876,11.5673879976686,48.0287508802525,1.33782782489087,0.105824367739831,56.0194,-0.006,0.464623426977165,0,0
9,2020,35,133.580910439075,92.7905440216876,24.3424779690278,16.4478884483599,64.8463804433738,18.830656719238,48.0287508802525,1.50368689694798,1.3295987272302,75.3991,-0.007,-0.00698343523093861,0,0
9,2021,35,150.369284595935,98.305078764555,31.0703701569365,20.9938356744439,96.5670644972417,11.2998322862801,48.0287508802525,4.23092377382101,5.16921472363176,88.5313,-0.006,-0.350681493838598,0,0
10,2010,38,511.459586467309,374.480573273538,63.8424353125477,73.1365778812234,273.803900931454,26.0657053760585,18.4070272686733,18.615127311366,12.720520447244,494.4793,0.008,0.240173277761367,0,0
10,2011,38,704.33301628662,524.81975474724,83.6665670189941,95.8466945203859,389.910710355011,18.6590009542529,18.4070272686733,30.9929005959566,16.6176386357805,779.5087,0.003,0.0119666919490769,0,0
10,2012,38,660.953614457571,481.153158270713,83.800421142164,96.000035044694,298.794948708618,129.749499490424,18.4070272686733,19.543727209149,11.6019886035803,671.2194,1e-04,0.498700589028151,0,0
10,2013,38,750.659788154143,599.144072363358,70.6176227925067,80.8980929982777,241.221990084579,120.99270129645,18.4070272686733,24.5363248998971,12.6383821783833,769.924,0.002,-0.251924870721955,0,0
10,2014,38,903.173332153833,676.934224456619,105.444295892947,120.794811804267,495.2238661915,73.3564605838312,18.4070272686733,22.4272713483968,8.36598408036592,992.5997,0,-0.265621821267511,0,0
10,2015,38,657.467391390712,539.081494889315,55.1766563584217,63.2092401429754,278.978479496504,88.6511657718445,18.4070272686733,25.4463202103285,14.8152060743975,661.1586,-0.003,0.0768437199924233,0,0
10,2016,38,686.168375541584,526.50344309113,74.4157654810284,85.2491669694248,326.516150346455,30.0681789338971,18.4070272686733,15.7805679113326,6.47890086289738,676.1055,-0.006,-0.142783063462669,0,0
10,2017,38,1030.24728735919,736.913217118193,136.715552022817,156.61851821818,406.122985704886,12.1377539265532,18.4070272686733,27.0491967262918,12.640060317579,1021.6606,-0.007,-0.230362339779675,0,0
10,2018,38,682.084822430516,563.593048296607,55.2260032309611,63.2657709029473,267.985384952583,119.467977871057,18.4070272686733,23.7514682128104,13.0019546967765,747.3167,-0.006,0.664788249810837,0,0
10,2019,38,917.907839186823,740.218389646262,82.816534617373,94.8729149231889,329.394359286737,145.963602996012,18.4070272686733,26.7688871940854,13.8572310848302,920.9805,-0.006,-0.0255804745931499,0,0
10,2020,38,1061.22225492935,781.597703059486,130.325894079105,149.298657790755,487.763243312226,217.216912858498,18.4070272686733,36.4438605726887,26.1401046721044,1144.4338,-0.007,0.0342839785437569,0,0
10,2021,38,950.477702636591,744.987434668622,95.7737892413121,109.716478726657,361.026440327635,28.8863674580419,18.4070272686733,26.4357708640801,17.0125769332887,913.813,-0.006,0.365750523827268,0,0
11,2010,35,3.16009728858567,1.73412781396521,0.732122832738677,0.693846641881787,2.03705858778728,0.151566409886652,73.1349088628185,0.0128417342087369,0.028085406685486,2.6832,0.008,0.37473566490126,0,1
11,2011,35,2.98661844366641,1.64542290837695,0.688598102574345,0.652597432715117,1.70100360144067,0.333462324688176,73.1349088628185,0.0094983946846316,0.0146623534672655,2.5249,0.003,0.276144383512062,0,1
11,2012,35,3.36828534336895,1.74209661111188,0.834919626554174,0.791269105702904,2.13212920317048,-0.0312734500130874,73.1349088628185,0.0117018236952846,0,2.695,1e-04,-0.0161216874078768,0,1
11,2013,35,4.0547206001037,2.18484678043835,0.960032695006776,0.909841124658567,2.88595956452987,0.39209822050097,73.1349088628185,0.0133395558420334,0.0405833363477826,3.1243,0.002,0.162681439407421,0,1
11,2014,35,3.16404911266614,1.92629542089754,0.635488876289988,0.602264815478613,1.60585537182657,-0.200957501794177,73.1349088628185,0.0104245581600868,0,2.4662,0,0.373022329220132,0,1
11,2015,35,4.13437896743551,1.99094722296055,1.10048310884403,1.04294863563093,3.05830721947764,0.198908667115102,73.1349088628185,0.01517981205032,0.0395125741276466,3.19,-0.003,0.39202524181189,0,1
11,2016,35,4.4548496394769,2.7220808539239,0.889640075989615,0.843128709563387,2.96917784175957,-0.110062359306022,73.1349088628185,0.0205275547012511,0,3.5634,-0.006,0.281429346144468,0,1
11,2017,35,4.13079328914852,2.48772166593423,0.843587659196108,0.799483964018181,2.85506377098038,0.0499266491323225,73.1349088628185,0.0150239460206495,0.0530143333223257,3.5435,-0.007,0.266536253434115,0,1
11,2018,35,4.92828227911401,2.83628183032466,1.07407719584313,1.01792325294623,2.87949980650894,-0.335887894635664,73.1349088628185,0.0165752664713967,0,4.0659,-0.006,0.39118834411798,0,1
11,2019,35,5.90196346725059,3.24744652855077,1.36288503737499,1.29163190132482,3.86538708461778,0.389104332437637,73.1349088628185,0.0248411720939334,0.0570913587353875,4.8248,-0.006,0.0202419437036885,0,1
11,2020,35,4.57236106343295,2.63867172740761,0.99279692835237,0.940892407672965,2.58546079764102,0.626996455369502,73.1349088628185,0.0245223221408125,0.0463595189342595,3.738,-0.007,0.437867184598373,0,1
11,2021,35,5.66864695890346,3.09160513549303,1.32310767756333,1.25393414584709,3.48014097745183,-0.161886604472662,73.1349088628185,0.0235039046174813,0,4.7502,-0.006,0.178259786032756,0,1
12,2010,38,321.163180498613,155.655423608481,115.629517367755,49.8782395223765,213.612526012842,20.218333499434,9.41945334875814,47.3131370323338,8.30267224165058,337.307,0.008,-0.160918137165471,0,0
12,2011,38,312.232031853783,175.371804312521,95.6153497261304,41.2448778151318,204.939698666266,47.8260620365906,9.41945334875814,37.8409456346127,0.378979161381049,313.5052,0.003,0.169915648623291,0,0
12,2012,38,373.662948948295,183.565543375592,132.808707411976,57.2886981607262,234.288679712978,11.000749257654,9.41945334875814,90.0042178229844,2.59612684837331,391.8201,1e-04,0.287545874648163,0,0
12,2013,38,469.646720106321,181.983663762051,200.971489159277,86.6915671849933,340.107346555225,47.1761335294259,9.41945334875814,19.448084781707,1.51528517934166,463.8662,0.002,0.0598213068222487,0,0
12,2014,38,541.636120025715,209.607170101634,231.967056730338,100.061893193744,418.650651327959,85.4302356825327,9.41945334875814,35.3812739320302,0.219109473529151,560.6071,0,0.39531374386957,0,0
12,2015,38,371.565278920605,192.12305610576,125.364623443306,54.0775993715381,254.052853921143,18.7136982709793,9.41945334875814,111.041652115066,8.32866214523521,416.0919,-0.003,0.126894081142841,0,0
12,2016,38,461.704633349022,236.578405197596,157.281070066418,67.8451580850077,313.276588812704,51.1125687426966,9.41945334875814,54.6013996650038,4.02304632524384,508.4556,-0.006,0.375632878328824,0,0
12,2017,38,514.538712466864,249.739461677981,184.998033586952,79.8012172019307,380.630701569621,77.4130078463535,9.41945334875814,55.5865210337371,9.65514994531903,522.2563,-0.007,-0.213655340956898,0,0
12,2018,38,416.383960667659,205.684271235133,147.202184697553,63.4975047349728,276.10249640545,76.0107905989806,9.41945334875814,23.8703194832969,2.57218408859855,428.989,-0.006,0.300943539104505,0,0
12,2019,38,497.584548700971,241.356347561758,179.009998023252,77.2182031159613,335.091664830367,82.9975307509857,9.41945334875814,77.076951115292,9.62397249268614,529.6954,-0.006,0.182097972642754,0,0
12,2020,38,449.339031824272,228.000167212045,154.635085211313,66.7037794009146,329.35516739416,15.2060017532516,9.41945334875814,31.5890769139725,4.09843776873187,468.5601,-0.007,0.335357178522962,0,0
12,2021,38,511.093782760956,265.114112487678,171.850015312935,74.1296549603425,367.619248200002,103.992534898546,9.41945334875814,77.0634654167736,12.8670525481855,514.9593,-0.006,0.119817032696754,0,0
13,2010,28,39.9350557182462,29.5148408573744,6.866027933937,3.55418692693476,16.4785885079648,-0.210352684272512,30.6206627961398,0.468497324760291,0,51.131,0.008,0.300695013008888,0,0
13,2011,28,40.4314093321801,30.5457902966182,6.51377513311163,3.37184390245019,17.5402687127788,1.88051301086426,30.6206627961398,0.448646311260662,0.43935508953823,52.0816,0.003,0.510092940245216,0,0
13,2012,28,38.5329352595812,29.2612875362886,6.10922069378756,3.16242702950505,13.700367031873,2.36922246850156,30.6206627961398,0.502666448215039,0.552043585252147,53.8546,1e-04,0.392620032071251,0,0
13,2013,28,42.4952059611606,30.8839165090781,7.65084394050166,3.96044551158078,21.8569851716549,0.872170191953718,30.6206627961398,0.532117990698586,0.719727179991317,57.0291,0.002,0.106958915744699,0,0
13,2014,28,39.1113942020648,28.3405677753933,7.09705088661932,3.67377554005224,19.5730916540323,0.447021751397481,30.6206627961398,0.65595190581789,0.619926679661698,53.1712,0,0.0494024924747446,0,0
13,2015,28,45.9825156529666,36.0627744784141,6.53625869632062,3.38348247823187,16.3199774899774,3.22787874685006,30.6206627961398,0.743909226330457,1.11266212855667,62.0081,-0.003,0.251956284252157,0,0
13,2016,28,60.9572097953988,43.0529823723913,11.7973503678451,6.10687705516242,25.9407692175143,8.08751283018291,30.6206627961398,0.712061585568221,0.667916227688753,77.9537,-0.006,0.211048577908588,0,0
13,2017,28,50.8521777633434,41.8168691028301,5.95349352034738,3.08181514016597,16.372934123391,-2.10342876112064,30.6206627961398,0.82117713147836,0,66.8855,-0.007,0.0841280321932932,0,0
13,2018,28,65.0326650947837,44.5902192716725,13.4698186106052,6.97262721250601,27.5315041861056,-2.3876710933123,30.6206627961398,0.777180843515631,0,79.582,-0.006,0.326482848793142,0,0
13,2019,28,50.854285241642,39.7980964865682,7.28508018776747,3.77110856730636,19.7155617439133,4.91823744419585,30.6206627961398,0.62634085150111,0.883615585374668,70.4009,-0.006,0.163557196391562,0,0
13,2020,28,46.3368930245385,34.7636849926551,7.62575155053257,3.94745648135082,21.2949750761123,3.52268924954214,30.6206627961398,0.541717913275868,0.645352576757495,59.231,-0.007,0.564733907121974,0,0
13,2021,28,54.7895949296972,36.4528347970535,12.0823523285873,6.25440780405639,29.5718972063326,-4.42710361436751,30.6206627961398,0.660387313163622,0,73.4746,-0.006,0.121041518814446,0,0
14,2010,38,234.420139007393,159.564136887551,62.6671212251504,12.188880894692,100.324878207084,48.7965442504679,79.356018985324,2.68466880468138,5.47090411549524,101.931,0.008,-0.145709811050049,0,0
14,2011,38,200.09129360972,122.224075611833,65.1880176812882,12.6792003165994,135.266540238634,54.0933101051365,79.356018985324,2.51607906598833,3.82734939993265,93.0725,0.003,0.202028153088845,0,0
14,2012,38,230.372077918367,157.203830899201,61.2541850477261,11.9140619714396,121.093430278954,44.245559100877,79.356018985324,3.25950365226158,7.51614447543516,94.7573,1e-04,0.28135718414166,0,0
14,2013,38,339.15321564821,171.652209331764,140.226642766232,27.2743635502147,220.672111427074,51.3724111573013,79.356018985324,3.48503612773916,9.50379665597079,134.779,0.002,0.0302854860630239,0,0
14,2014,38,285.26325689845,176.904032425245,90.7149789412224,17.6442455319823,155.796568282971,58.0793799784055,79.356018985324,5.36414501448313,10.7868526546746,114.1503,0,-0.10450833110482,0,0
14,2015,38,290.490774087159,182.22010567314,90.640842557512,17.6298258565075,188.791929835913,62.9586673093237,79.356018985324,4.1796682655265,11.8004750380883,117.9472,-0.003,-0.426294023469944,0,0
14,2016,38,333.788440484832,200.346564095916,111.713396486065,21.7284799028502,206.640870075344,52.0405244728757,79.356018985324,9.37188835753105,13.9249708957486,130.7138,-0.006,0.593898445453453,0,0
14,2017,38,308.469197240256,198.633811849025,91.9507750374349,17.884610353796,199.829039508196,69.4422986563901,79.356018985324,2.97861259078128,6.58703827378939,129.7907,-0.007,-0.324303315843372,0,0
14,2018,38,310.071486086044,216.111972446512,78.6599880404765,15.2995255990549,159.424219725018,76.2365828837096,79.356018985324,7.11007655447845,11.5248248932953,118.2884,-0.006,-0.0662117540123821,0,0
14,2019,38,439.846046116459,236.827112424837,169.961148984221,33.0577847074019,271.077536563904,78.8489086461558,79.356018985324,22.4675434551517,35.1191063875075,198.495,-0.006,-0.00640883706095049,0,0
14,2020,38,459.392882789839,242.143699767071,181.874271975632,35.3749110471363,290.917972689881,112.765160059027,79.356018985324,2.70541103152513,6.18400605109157,198.6955,-0.007,0.251764878156323,0,0
14,2021,38,483.093191917284,266.116834627073,181.645870741645,35.3304865485661,354.47721711655,77.8225635759496,79.356018985324,32.4273223448941,127.001602899547,219.0888,-0.006,0.0875877905771856,0,0
15,2010,51,23.0860544940498,14.7694709300034,4.74692420200811,3.56965936203829,12.9003544028942,0.812959595584039,39.4385989798612,0.579522892428389,0,18.8389,0.008,-0.100467805216115,0,0
15,2011,51,22.5062900255186,15.6871284455066,3.89222844841025,2.92693313160169,13.312241009775,0.75933823862444,39.4385989798612,0.319836039281634,0.0708393591324538,16.968,0.003,0.193568239588032,0,0
15,2012,51,24.752585962441,17.3390843759563,4.23146473927658,3.18203684720807,13.4722282334428,1.60108626949927,39.4385989798612,0.550267734612407,0.38285254546082,19.9216,1e-04,0.402466723092103,0,0
15,2013,51,22.2567070284622,15.3245806594338,3.95670628198549,2.97542008704294,9.8274978423851,-0.0950708013126875,39.4385989798612,0.705650174587611,0,17.9681,0.002,-0.0257331674484835,0,0
15,2014,51,23.8648154596607,18.553903587886,3.03135246639583,2.27955940537878,8.27419895419703,2.139628891457,39.4385989798612,0.395492505671657,0.312654996033918,19.8701,0,0.166199992405307,0,0
15,2015,51,23.3718783675377,17.4369933569695,3.38750270178177,2.54738230878636,10.2255163744492,0.838843781242972,39.4385989798612,0.347081033578893,0.157147016004618,19.4598,-0.003,0.0795188832577789,0,0
15,2016,51,23.1946516142823,15.8023418134186,4.21936893103112,3.17294086983254,12.3718459131343,1.2367378301169,39.4385989798612,0.323558045414513,0.150893327552247,18.437,-0.006,0.319167545371714,0,0
15,2017,51,23.1297196319348,17.7058787437231,3.09580988176425,2.32803100644739,10.0571305090361,2.64057349956146,39.4385989798612,0.438484706915187,0.229254353978933,18.4392,-0.007,-0.0670716831967241,0,0
15,2018,51,30.7723331341608,21.1247918641311,5.5066057825185,4.14093548751124,14.7947302996607,2.78615265122104,39.4385989798612,0.29232183580567,0.0511454969095179,24.4283,-0.006,0.056316660048607,0,0
15,2019,51,35.5416026596637,23.7891583200644,6.70803846781209,5.04440587178719,20.9227941420166,-2.49462853344654,39.4385989798612,0.514083846172803,0,30.5851,-0.006,0.07384261980391,0,0
15,2020,51,23.3501474620626,16.9370745565825,3.66044190499951,2.75263100048052,9.1669038698391,0.916379926513112,39.4385989798612,0.365307380179279,0.0142044893241958,18.2655,-0.007,0.77710552357638,0,0
15,2021,51,37.5956169027303,22.1738573275181,8.80240343902793,6.61935613618429,19.1945092221968,2.57783445450626,39.4385989798612,0.773821875215688,0.157845379899752,30.369,-0.006,-0.256855737767856,0,0
16,2010,37,156.988361551189,116.304236635815,31.2896311666086,9.39449374876559,65.6064549678137,8.92280579639555,28.8723523270644,3.5051399384709,1.55478089933869,172.9124,0.008,0.417581478086918,0,0
16,2011,37,134.070681362386,104.536653158837,22.7142368497663,6.81979135378344,44.1382696113202,9.75630705059895,28.8723523270644,2.84305700328509,0.334335087582774,151.4136,0.003,0.19949402992817,0,0
16,2012,37,169.388288105252,130.272421176846,30.0835043520739,9.03236257633242,61.3198678270077,7.24555197557364,28.8723523270644,3.4300822515655,1.03685110710474,187.7327,1e-04,0.355366888862081,0,0
16,2013,37,158.033055642966,117.8465602434,30.9069107802258,9.27958461934013,61.7126390795026,3.168508559859,28.8723523270644,3.93725967838555,2.77133949677258,159.5094,0.002,-0.330603446633849,0,0
16,2014,37,150.912717305046,125.791199121999,19.3206328003323,5.80088538271479,51.0269148533461,14.3746537775933,28.8723523270644,2.23591959265304,0.984206525287733,156.5956,0,0.791623717196386,0,0
16,2015,37,198.75854272882,159.974748427703,29.8281116147346,8.95568268638299,67.2125242939099,-5.47833703514302,28.8723523270644,9.41793564143618,0,227.3072,-0.003,0.352432717256082,0,0
16,2016,37,200.072866696782,149.536787717159,38.8666408622063,11.6694381174161,104.174461589144,16.0302369831196,28.8723523270644,4.54139745310351,1.48725261722279,209.6861,-0.006,-0.0649584670977983,0,0
16,2017,37,167.286222670402,141.46237172488,19.8607877905103,5.96306315501167,71.3250861722364,-11.3429948746807,28.8723523270644,4.49249325830806,0,167.4264,-0.007,-0.408701536990011,0,0
16,2018,37,193.540666281721,166.056557561598,21.1376704447843,6.34643827533862,58.0654940563696,20.8020662537269,28.8723523270644,5.94447783376001,1.86942106183882,197.9041,-0.006,0.130311112838396,0,0
16,2019,37,222.441531596639,181.352898883971,31.6007328508084,9.48789986186046,63.9993598176025,23.1552022110412,28.8723523270644,5.35709416232886,5.04654714767765,239.181,-0.006,-0.0577644168065298,0,0
16,2020,37,142.302671839058,123.638114344258,14.3546683409074,4.30988915389232,40.4527496747367,5.83343492933626,28.8723523270644,4.57486423074794,0.577006688127434,149.8685,-0.007,-0.094743851553968,0,0
16,2021,37,212.982246897171,158.747033273514,41.7115971907059,12.523616432951,109.960266425781,8.77224282535605,28.8723523270644,4.74791608121298,2.35615992113974,230.053,-0.006,0.242036114512699,0,0
17,2010,20,195.488488041979,81.3624456005658,61.7055766322815,52.4204658091321,138.482294281701,22.1976051736854,11.8965449044593,4.07010110279282,1.2858116632925,178.4997,0.008,-0.0100146851278234,1,0
17,2011,20,148.538984335187,65.9535963667955,44.6522009961599,37.9331869722315,119.016152063991,10.7520604312519,11.8965449044593,5.21772072015014,2.72472053028476,141.7707,0.003,0.146457558873955,1,0
17,2012,20,235.429626660622,77.8042085014447,85.2247840313005,72.4006341278764,212.262790207007,10.9486141563741,11.8965449044593,4.40310439567224,1.68312216729054,213.1621,1e-04,0.27117061076288,1,0
17,2013,20,141.711535455934,66.0352389005464,40.9165990202708,34.7596975351167,112.707896060098,11.9560990950502,11.8965449044593,3.55266385183012,1.47229207436929,130.9338,0.002,-0.0366384685577921,1,0
17,2014,20,189.641844875353,83.7622906629284,57.2468720239771,48.6326821884477,135.039977116604,31.3233015830815,11.8965449044593,6.43396632081082,1.83362395370781,175.9932,0,-0.038959853204535,1,0
17,2015,20,228.197825148093,84.7425959561293,77.5632576828411,65.8919715091225,191.30617635946,28.8195492573031,11.8965449044593,6.50241034582222,3.11519768054299,219.7238,-0.003,-0.0181450473179788,1,0
17,2016,20,229.925677415034,93.4020910229382,73.8154626412805,62.708123750815,202.118237959585,27.8227871943894,11.8965449044593,8.86652718015411,3.5655371893965,214.1928,-0.006,0.293989773017223,1,0
17,2017,20,182.925491777076,75.704859984583,57.9719647689502,49.2486670235433,149.701232806072,21.9232362020566,11.8965449044593,3.79392138246759,0.481578623734102,152.5074,-0.007,0.619727217461684,1,0
17,2018,20,229.193172693112,87.5262770509632,76.5963429406707,65.0705527014783,178.857104561356,37.7742726575747,11.8965449044593,7.52266361229511,3.12812875231243,240.3218,-0.006,0.0620911178509211,1,0
17,2019,20,189.356045758684,102.303993430398,47.0672334817703,39.9848188465158,112.471566734659,24.6550111620569,11.8965449044593,6.95922106060716,2.65360905387604,178.1124,-0.006,-0.166973509000545,1,0
17,2020,20,285.435494600286,116.249196954147,91.475511033295,77.710786612844,209.679826662443,54.6297102009806,11.8965449044593,8.6364312727021,1.66237086999812,241.7983,-0.007,0.202837511038788,1,0
17,2021,20,269.154016478995,97.7406832397542,92.6796228426003,78.7337103966408,207.674452791435,35.9982963581562,11.8965449044593,5.30471921446738,1.48197329677062,236.8807,-0.006,0.0702166628954654,1,0
18,2010,36,1311.33262136276,558.684617543982,371.92166345266,380.726340366123,1123.65502346605,-58.7111177091418,67.5384121731398,4.64540787103053,0,1684.2626,0.008,-0.14492716352535,0,1
18,2011,36,1178.88234459797,644.261512318423,264.183347659192,270.437484620355,781.619570855001,80.2867973695105,67.5384121731398,4.1016250033038,0.903616010362866,1476.2512,0.003,0.293649478346541,0,1
18,2012,36,1115.55367249854,492.204704492025,308.028432834722,315.320535171793,815.569736321812,-41.9364802093317,67.5384121731398,4.38764683200838,0,1409.8787,1e-04,0.677345944100709,0,1
18,2013,36,1521.58491539382,649.992602482954,430.698096886749,440.894216024117,1055.95611873539,-25.0793606214595,67.5384121731398,6.00724722850635,0,1854.0123,0.002,-0.175316561951901,0,1
18,2014,36,1451.12480896497,647.076889640236,397.320976251342,406.726943073386,1216.2157186297,-123.450975354779,67.5384121731398,4.91857051205923,0,1853.741,0,0.13232073246482,0,1
18,2015,36,1835.21348672432,865.110362713776,479.377299576939,490.725824433601,1418.71849851504,93.8123365160376,67.5384121731398,8.92858712279791,0,2495.1927,-0.003,0.0670477983357653,0,1
18,2016,36,1709.24005732102,738.809856714406,479.538924760384,490.891275846226,1341.74312852339,126.14553776304,67.5384121731398,10.1217149496076,0,2296.4279,-0.006,0.123454303277587,0,1
18,2017,36,1778.19624821499,818.352207262053,474.307764791858,485.536276161083,1389.33293092915,132.593439966814,67.5384121731398,10.6309708875529,0,2221.4749,-0.007,-0.368566386304613,0,1
18,2018,36,1756.55812124279,840.972361421248,452.437496809444,463.148263012098,1282.62360763189,85.1530539796685,67.5384121731398,8.83460907222907,1.22238835454258,2201.6704,-0.006,0.339101774511468,0,1
18,2019,36,1893.91281718704,1042.35913475759,420.795990265667,430.757692163792,1363.25038543609,-19.9931488948156,67.5384121731398,10.6787935121503,0,2445.1724,-0.006,0.280400665556777,0,1
18,2020,36,1982.84874579154,876.518449848602,546.694074663672,559.636221279263,1616.66018033158,225.472814618381,67.5384121731398,9.62334869817878,1.55440160987828,2418.3401,-0.007,0.612042278256886,0,1
18,2021,36,1643.35440278471,849.46883296225,392.299242436471,401.586327385986,1035.98688297803,2.44605840334637,67.5384121731398,6.06768294143422,1.19861704499698,2132.1941,-0.006,-0.0405001454367458,0,1
19,2010,28,175.562339218368,111.50868185111,48.0477972303513,16.0058601369061,87.6361479277313,15.1164337618194,27.5413330718916,3.0658552963308,1.68755321403324,220.0668,0.008,0.20384289371291,0,1
19,2011,28,257.975813405183,137.151645886288,90.632375106833,30.1917924120613,157.959280551389,9.83212782745876,27.5413330718916,3.99369563166255,1.83304840313846,365.6665,0.003,-0.0603081482031381,0,1
19,2012,28,252.921191228325,133.472395954829,89.6006837174675,29.8481115560281,176.041608391144,35.1919553582761,27.5413330718916,4.24829562197458,0.35785617394181,351.646,1e-04,0.347798777599205,0,1
19,2013,28,260.58259480903,128.464569492781,99.1041004024621,33.0139249137875,201.937872759871,45.3523655933697,27.5413330718916,4.54488043781913,0,339.2111,0.002,0.141690840121197,0,1
19,2014,28,278.212749383821,170.091868827,81.1034117158268,27.0174688409944,153.899599590168,28.3794883882959,27.5413330718916,5.48444447638199,1.71698468089634,368.4883,0,0.114881979577488,0,1
19,2015,28,290.600127123106,153.449339400439,102.879265749003,34.271521973664,166.267445909513,16.3588522604223,27.5413330718916,5.20240089902927,3.79073086982665,401.0619,-0.003,-0.0982913080021614,0,1
19,2016,28,258.787854829327,133.019808205317,94.340867494895,31.4271791291157,187.497845502306,18.0761526708008,27.5413330718916,4.89401878483223,0.176997501788939,371.3753,-0.006,0.502091591707313,0,1
19,2017,28,298.134143239618,161.239261797891,102.687305857844,34.2075755838834,212.796966610312,30.3787843657441,27.5413330718916,3.50652465657697,0,401.1409,-0.007,-0.0575359361758759,0,1
19,2018,28,396.14898484094,183.175176951716,159.755473105397,53.2183347838265,269.771805692206,57.1975112964949,27.5413330718916,4.96857186908227,0.873892963168666,544.5586,-0.006,-0.0618284317907141,0,1
19,2019,28,266.877859409907,149.945448433752,87.7130987232333,29.2193122529219,172.766088712451,56.966627457054,27.5413330718916,6.10964416137046,0,357.5825,-0.006,-0.0983392587982896,0,1
19,2020,28,346.293483774997,195.323944995955,113.244958763635,37.7245800154071,249.64142859304,36.8051084575921,27.5413330718916,5.20605970133272,4.14396932223305,479.5532,-0.007,-0.0994007893067644,0,1
19,2021,28,414.254570689277,218.924296578766,146.520741971062,48.8095321394482,244.010969897914,32.4908179132686,27.5413330718916,5.94392766211444,0,552.6005,-0.006,-0.31899787132173,0,1
20,2010,28,1752.93674327795,1132.03267681752,435.940758919654,184.963307540772,1096.85603302504,317.578591158202,37.6835395615968,18.7385939102817,8.63162023755523,1889.9019,0.008,-0.0188027480456216,0,0
20,2011,28,2144.61760815925,1093.09409657844,738.281455094348,313.242056486469,1649.84156044195,450.754887994784,37.6835395615968,27.6467178116327,25.4247874211417,2474.1829,0.003,0.347013372040239,0,0
20,2012,28,2144.42141373101,1042.4016199815,773.735221240116,328.284572509402,1391.7944629609,387.20160758654,37.6835395615968,24.328145059233,30.1374077111971,2547.9418,1e-04,0.778868282176483,0,0
20,2013,28,2814.97067411531,1430.40814260158,972.110303932575,412.452227581163,2127.11125695051,499.556756634225,37.6835395615968,23.622464625131,15.9756070854261,3477.0528,0.002,-0.0931902583793977,0,0
20,2014,28,2097.4757608022,1156.25121254271,660.839839914624,280.384708344858,1238.0245911995,420.597814393818,37.6835395615968,21.3586596127212,16.4468809716165,2595.9441,0,-0.116596742584,0,0
20,2015,28,2520.68433741711,1189.10901233671,934.907643757937,396.667681322472,1932.5123347976,349.152457540211,37.6835395615968,19.7675227655408,23.9012666879047,2899.6048,-0.003,0.104576944031556,0,0
20,2016,28,2105.51792406666,1241.45209563514,606.666203927954,257.399624503567,1144.10064665241,227.911289828602,37.6835395615968,20.0551385425212,17.1973426693539,2418.2442,-0.006,0.271539740991998,0,0
20,2017,28,1730.07696579683,1036.82948458475,486.733538083527,206.513943128552,910.448547631193,343.785589420636,37.6835395615968,14.1382557258537,8.90704252183373,2096.208,-0.007,-0.203515156166706,0,0
20,2018,28,2499.91029223983,1377.83976495393,787.812970874734,334.257556411166,1388.5676987952,359.206464217912,37.6835395615968,14.58462840905,12.0028169808424,3111.126,-0.006,0.471196360393922,0,0
20,2019,28,2074.04985967189,1348.41789348512,509.470894334984,216.161071851787,991.570049424991,431.714246721863,37.6835395615968,17.6651280189378,12.7127684378324,2336.2967,-0.006,0.146734495069097,0,0
20,2020,28,3098.43848344966,1737.70394681746,955.380514689278,405.354021942928,2167.53938043723,196.941813649941,37.6835395615968,26.5379856012629,23.3625628093882,3770.1385,-0.007,0.383202834270903,0,0
20,2021,28,2456.08692237977,1579.43518182587,615.502854191179,261.148886362719,1131.40026702683,296.612659268461,37.6835395615968,21.0316891778945,16.6553257840834,2744.1359,-0.006,-0.253806504968546,0,0
21,2010,35,285.758180753643,233.475807661031,31.5455257528157,20.7368473397961,109.653834022792,23.871403568739,69.4079014731962,2.75824486231807,0,252.4529,0.008,-0.161197097148257,0,0
21,2011,35,283.621902359975,219.315413984626,38.8004955613687,25.50599281398,107.990378506417,34.3290356591305,69.4079014731962,3.29380611330842,0.20328314287111,263.0496,0.003,0.300437507172638,0,0
21,2012,35,381.000167764159,268.283686142731,68.0095501299654,44.7069314914626,226.950314538993,3.07530763432775,69.4079014731962,3.44647071596631,0,342.0012,1e-04,0.20878969446289,0,0
21,2013,35,293.016764385908,248.896119661999,26.6209977099449,17.4996470139641,96.9864801805539,-8.61507288172645,69.4079014731962,2.61003811750234,0,269.0392,0.002,0.564314203627898,0,0
21,2014,35,268.383071730031,214.318339367636,32.6209448074575,21.4437875549366,121.022525931946,33.3470282897874,69.4079014731962,5.55064613617404,3.64676297555851,234.9583,0,0.17729614377472,0,0
21,2015,35,366.026496905846,270.73170597389,57.497854508789,37.7969364231674,190.684121237773,-0.390024562192055,69.4079014731962,3.84526853185496,0,333.9532,-0.003,0.0727768767957505,0,0
21,2016,35,428.296565432948,295.422950961656,80.171724794301,52.7018896769908,225.206929805329,8.20598856364316,69.4079014731962,3.78563350975128,0,387.5019,-0.006,0.0181268599864143,0,0
21,2017,35,455.46901165011,333.951455320268,73.3198394769107,48.1977168529309,175.685730272248,0.57381469571188,69.4079014731962,6.91630150179929,0,397.6349,-0.007,0.0355664935119535,0,0
21,2018,35,417.815888024733,288.961271126382,77.7467891240486,51.1078277743021,237.950516469993,-2.49065671493169,69.4079014731962,5.11469012772815,0,397.6918,-0.006,0.274171113890348,0,0
21,2019,35,403.723865748112,283.718064053373,72.4076946764232,47.5981070183157,192.175683263592,-2.64892985938464,69.4079014731962,5.07768111842528,0,339.0875,-0.006,0.169471948214867,0,0
21,2020,35,456.967821689608,296.278760307245,96.9546832744943,63.7343781078689,215.914131279572,-3.36731325775852,69.4079014731962,3.33531314403918,0,378.9361,-0.007,0.289777212252959,0,0
21,2021,35,585.358909120787,398.10254321936,112.984552221041,74.2718136803857,276.075757325927,26.1919306596247,69.4079014731962,3.72154529444652,0,545.7433,-0.006,0.442202031913391,0,0
22,2010,38,10.146160131489,9.56349828340078,0.305980313434437,0.276681534653781,1.82537118040744,1.07821081457866,65.9246740904644,0.0970336813589253,0.0283626457106618,9.5014,0.008,0.008001804290306,0,0
22,2011,38,10.9493965167555,10.5156854678712,0.227759965944239,0.205951082940006,2.08936150797926,-0.148370448587484,65.9246740904644,0.0903944860206817,0,10.1201,0.003,0.281588053124922,0,0
22,2012,38,12.7651063758777,10.6566644549523,1.10723178793984,1.00121013298552,3.6654495538493,0.494037740363697,65.9246740904644,0.112365018389086,0.0549437627174,11.4015,1e-04,0.460888177607303,0,0
22,2013,38,9.05643625410411,8.93871402841116,0.0618209063008253,0.0559013193921216,2.13097420509863,-0.871457850549645,65.9246740904644,0.0843773320906316,0,7.9303,0.002,0.335958579068473,0,0
22,2014,38,11.2443966772879,10.0739162197189,0.61466865979119,0.555811797777799,3.8129212616501,-0.318563637168729,65.9246740904644,0.115753137856631,0,11.1651,0,0.385291013830012,0,0
22,2015,38,11.7307372392571,11.5872975810893,0.0753262148690669,0.0681134432986963,2.45224647317422,-1.16082660764408,65.9246740904644,0.11134979340642,0,11.2931,-0.003,0.471613254066216,0,0
22,2016,38,14.396576943366,12.5144738129074,0.988371741968722,0.893731388489908,4.00547764829678,0.401416732840261,65.9246740904644,0.17027338287576,0,13.8538,-0.006,0.46468356121782,0,0
22,2017,38,14.8290872684766,11.8241731903446,1.57800713138711,1.42690694674495,6.43731789148123,1.15129559594628,65.9246740904644,0.109734395816133,0,15.704,-0.007,-0.120821357955641,0,0
22,2018,38,12.963684061255,11.5140848088656,0.761245712338539,0.688353540050765,3.92981339722041,0.172110156031307,65.9246740904644,0.109795535944386,0.058286690691636,13.0291,-0.006,0.359511503179945,0,0
22,2019,38,13.014694095937,12.2261695784293,0.414087484549343,0.374437032958283,4.1557407181328,-0.0853934484152124,65.9246740904644,0.194709639108943,0,12.9527,-0.006,-0.209907343193309,0,0
22,2020,38,13.9586904353532,12.1427573231523,0.953623074293109,0.862310037907747,5.72598741121272,-1.48320072940311,65.9246740904644,0.111213166275339,0,14.4617,-0.007,0.567222958524237,0,0
22,2021,38,16.5601776853195,14.5695523200376,1.04536134500307,0.945264020278757,4.32062761192424,0.169444542652414,65.9246740904644,0.156634102252006,0.063283902799879,16.3452,-0.006,0.260878298259288,0,0
23,2010,36,24.5334166874216,17.1878110480319,4.05599991032252,3.28960572906725,13.6742915674041,1.57745288532332,71.534450232525,0.125378070698217,0.338969919186809,29.3046,0.008,0.389277342929534,0,0
23,2011,36,30.7069732342331,19.644910998163,6.10810403391189,4.95395820215825,17.8622929572021,NA,71.534450232525,0.280171189549753,0.585760138409339,38.5444,0.003,0.194224426935606,0,0
23,2012,36,38.5833283935728,24.4933180818668,7.78003657782406,6.30997373388199,22.9386608160459,-1.31180053274817,71.534450232525,0.180300910991295,0,45.6596,1e-04,0.0605904932821772,0,0
23,2013,36,36.870458925688,24.4643195669359,6.85025886180403,5.55588049694813,18.1006830503694,3.57873301693705,71.534450232525,0.173558101053275,0.228958701407443,43.0141,0.002,-0.0360961686328074,0,0
23,2014,36,32.7957845970758,20.0866335288627,7.01757188223217,5.69157918598094,16.7882384794861,4.9224055366511,71.534450232525,0.222733747988161,0.182480953818071,35.2993,0,0.133557680899691,0,0
23,2015,36,45.1420083349547,25.6727806845027,10.750262058833,8.7189655916189,30.3056624668181,4.60488521691104,71.534450232525,0.224978833276725,0.451018069694745,53.1475,-0.003,-0.0439845003118656,0,0
23,2016,36,38.6175905623134,24.0096069183274,8.06604427989985,6.54193936408613,25.5806821430791,2.08968658941999,71.534450232525,-0.221271091642478,0.387636440338354,46.5825,-0.006,0.398592643098671,0,0
23,2017,36,43.8897463396864,26.17042916613,9.78401950705479,7.93529766650165,27.3771268371627,NA,71.534450232525,0.22689530903655,0.478634125639554,53.3671,-0.007,0.174101976882039,0,0
23,2018,36,38.5848466448076,26.1620317380498,6.85946654657993,5.5633483601779,23.0876982871238,3.74165854256004,71.534450232525,0.269389113160975,0.481807112437833,42.9652,-0.006,0.597003901293856,0,0
23,2019,36,40.1036769829493,28.0796679034702,6.63925919008848,5.3847498893906,23.4009625055639,2.33426869699067,71.534450232525,0.279832299139649,0.634000203553831,41.5378,-0.006,0.310012986124,0,0
23,2020,36,37.4902037527285,25.1726737624337,6.80133170614656,5.51619828414823,18.4463073386148,NA,71.534450232525,0.233842620102988,0.270154996028177,44.8055,-0.007,0.375197890418587,0,0
23,2021,36,56.1605764869499,33.7822291720179,12.3565814935405,10.0217658213915,39.0769779986495,4.47815321530407,71.534450232525,0.309246934495517,0.482399709586923,65.2547,-0.006,0.292045885905559,0,0
24,2010,51,74.3869163784474,64.8095753316084,4.63673097748374,4.94061006935528,29.7136836162889,11.3200941028972,18.4111375622584,5.66898577715585,5.01285060319144,81.1465,0.008,-0.254448370305692,0,0
24,2011,51,103.977146221111,89.6153467614476,6.9530572338769,7.40874222578643,33.0905479193015,17.9919046940856,18.4111375622584,8.96833089659305,8.11220152311885,131.5012,0.003,0.411869156710886,0,0
24,2012,51,91.2507910890356,69.6803180924481,10.4430321373241,11.1274408592633,33.078131274321,8.88681101620164,18.4111375622584,2.90005103988155,1.69688456464018,103.79,1e-04,0.211915379992836,0,0
24,2013,51,111.623024499883,90.1235699040725,10.4086496070118,11.0908049887986,52.150156027058,15.0975839800813,18.4111375622584,5.27532548611134,4.65828248741902,139.2318,0.002,0.100146722707162,0,0
24,2014,51,97.3363268169947,81.2218036227394,7.8016130486284,8.31291014562689,35.8410204254897,15.451295459821,18.4111375622584,3.63220502405645,3.27838255509917,127.8701,0,-0.29824550891762,0,0
24,2015,51,93.6484656973263,83.0167222634658,5.1472046242637,5.48453880959681,28.6716094241537,12.6530368135278,18.4111375622584,4.63343303923748,2.83033096828627,123.9955,-0.003,-0.134207167215435,0,0
24,2016,51,89.3000872685909,86.7065292831139,1.25563354112054,1.33792444435647,29.1334599864632,4.75818389021447,18.4111375622584,5.61602643631364,4.55166504628615,112.0928,-0.006,0.269614780818837,0,0
24,2017,51,88.8618247843211,82.5073231798808,3.07643993167635,3.27806167276397,19.9312264884465,16.3384588637105,18.4111375622584,6.26204633171895,5.17376501309501,120.0881,-0.007,-0.171913016055056,0,0
24,2018,51,102.239565090741,94.0302775138658,3.97440770090686,4.23487987596806,27.1724666906558,NA,18.4111375622584,4.75032520750047,3.2388580039835,129.816,-0.006,0.721683214093586,0,0
24,2019,51,120.084137424204,96.5867709310791,11.3759097201533,12.1214567729713,38.938148399859,15.3189813262772,18.4111375622584,9.09493582657975,3.54767588200362,150.2537,-0.006,-0.191659571297733,0,0
24,2020,51,143.191175952206,127.596626795898,7.54987514794717,8.04467400836041,37.0211086493928,16.606327751895,18.4111375622584,7.98873373643723,7.67945132327488,184.1256,-0.007,0.0413918963295275,0,0
24,2021,51,120.859105148117,108.405416602466,6.02927296638501,6.42441557926634,34.727611542904,6.54897183405248,18.4111375622584,10.7958232186652,8.7999600062201,143.052,-0.006,-0.0427675009284637,0,0
25,2010,36,10.9979790608831,9.0944052303822,0.92839696340833,0.975176867092533,4.83234314753993,0.961051784305952,70.497521860084,0.161364027300522,0.100601175914076,12.5666,0.008,-0.129338603117832,0,0
25,2011,36,10.4007339655076,8.20379033705315,1.07147711360358,1.12546651485086,4.84868003220041,1.15177485836068,70.497521860084,0.22960977115541,0.647227773511581,12.2643,0.003,0.141110364973017,0,0
25,2012,36,14.2781627131371,11.3398438427328,1.43305516870391,1.50526370170041,4.73119298805618,0.984970689329129,70.497521860084,0.3319377344347,0.917897515408279,15.9181,1e-04,0.221831857360702,0,0
25,2013,36,13.435074478943,11.0809971858242,1.14811318349809,1.20596410962072,3.82701706794221,1.42768148267882,70.497521860084,0.241274938553025,0.379522339900019,14.0547,0.002,-0.259021765428012,0,0
25,2014,36,18.240139541988,12.6254599644061,2.73835003760598,2.87632953997592,8.40355319427403,1.72853537899362,70.497521860084,0.200658352452121,0.42039911703388,21.2729,0,0.426067202041806,0,0
25,2015,36,16.2144948864223,13.3962423203112,1.37449731792476,1.44375524818626,5.27670309317395,-0.378102772494472,70.497521860084,0.146260554888832,0,16.9123,-0.003,0.397392814283865,0,0
25,2016,36,14.4250735719261,12.3358005587018,1.01896479670455,1.07030821651975,3.75895265540853,1.66150221066718,70.497521860084,0.366879657549336,1.0398943075251,15.5523,-0.006,0.355569114736433,0,0
25,2017,36,17.4630584201229,13.7507190327112,1.81055473614454,1.90178465126714,8.84389402629036,-0.144047920554071,70.497521860084,0.259539460130427,0,19.9599,-0.007,0.19338255127704,0,0
25,2018,36,13.496240996573,11.7600252347974,0.846774322711712,0.889441439063846,3.26633688894431,1.0309806176667,70.497521860084,0.225774775213081,0.522492392215122,15.0274,-0.006,0.390582178285847,0,0
25,2019,36,16.5125873627245,13.0742873565226,1.67690227397419,1.76139773222767,7.93380136047363,-0.588565378084883,70.497521860084,0.274023308058498,0,17.7733,-0.006,0.066150232993353,0,0
25,2020,36,19.3376481292745,14.484386442486,2.36699692990365,2.48626475688489,8.72391460014471,1.34885806001947,70.497521860084,0.978923108226596,2.15865202770672,19.4453,-0.007,0.316356504809168,0,0
25,2021,36,19.3779689221443,13.9278125685255,2.65810998645061,2.79204636716828,10.6695897388525,2.08780987959054,70.497521860084,0.351077192396149,0.217079858849874,22.3629,-0.006,0.0779054012068365,0,0
26,2010,50,268.08606416295,191.611592613471,54.5184913348342,21.9559802146455,148.682811174442,25.5755420730383,6.29205862363976,11.6733355392397,0,193.7017,0.008,-0.269477596500395,0,0
26,2011,50,286.404460924319,212.269482137708,52.8506718215231,21.2843069650877,140.813604392668,-5.42169145014186,6.29205862363976,13.6528852396802,0,185.8301,0.003,0.166504650281419,0,0
26,2012,50,315.878356692427,224.143248995512,65.3977670292033,26.3373406677111,137.335320588515,-22.2363268206457,6.29205862363976,14.8211729014333,0,197.5452,1e-04,0.0838529030300016,0,0
26,2013,50,260.785986747983,216.279630579971,31.7284885260163,12.7778676419961,80.209835905651,0.142177010485107,6.29205862363976,12.076820544266,0.336962020583073,183.0906,0.002,0.324069809672868,0,0
26,2014,50,353.861228157658,236.235148224044,83.8553871596495,33.770692773964,154.782961269624,-2.86772158587198,6.29205862363976,14.9016718929302,0,239.4774,0,-0.349952565997229,0,0
26,2015,50,325.228630393337,226.520322399983,70.3689469829155,28.3393610104385,170.895445991182,-1.36407331515731,6.29205862363976,14.9656272792416,0,233.64,-0.003,0.126832552365091,0,0
26,2016,50,377.077705112418,237.095309830985,99.7931577630115,40.1892375184219,191.191777019698,-42.7366388529959,6.29205862363976,14.0614639649053,0,247.6276,-0.006,0.00277101510751146,0,0
26,2017,50,377.256236208895,246.158486013378,93.4593128038317,37.6384373916853,243.400741144563,17.4772904054404,6.29205862363976,15.0369368622382,0.23711404273119,255.8514,-0.007,-0.0593981136308223,0,0
26,2018,50,496.946900101255,342.222521020754,110.302687279508,44.4216918009929,280.027313718523,-31.0605929730085,6.29205862363976,20.1617819888413,0,342.8682,-0.006,0.169656713692015,0,0
26,2019,50,418.491774687349,302.022786693313,83.0304987282125,33.4384892658242,215.508859135023,-1.61507995033288,6.29205862363976,20.8174626939391,0,273.6583,-0.006,-0.13653789520466,0,0
26,2020,50,500.28584393577,295.025040820525,146.329998616325,58.9308044989192,312.954246070766,-45.852999408321,6.29205862363976,20.0367812786266,0,340.3928,-0.007,0.146405489174297,0,0
26,2021,50,542.371615784392,343.039176296091,142.103680546038,57.2287589422635,300.237395654235,-19.0095260959255,6.29205862363976,21.1913319496938,0,358.6423,-0.006,-0.249926054749594,0,0
27,2010,35,40.1049137765298,31.3557127837267,5.28768778838663,3.46151320441647,14.4889195100501,2.23465075730967,30.3239693815989,0.537310111546723,0,51.1847,0.008,0.221535213629274,0,0
27,2011,35,38.9928802605191,30.9071838169314,4.88669061100879,3.19900583257887,19.6006889078828,-1.18285004579262,30.3239693815989,0.417067936754766,0,47.1659,0.003,0.580926820536755,0,0
27,2012,35,46.997853067248,34.683612748945,7.44226338015442,4.8719769381486,19.4110340912039,3.16292243524696,30.3239693815989,0.553011855146399,0,62.5356,1e-04,0.383879811683201,0,0
27,2013,35,48.2735215807382,42.1712618230987,3.68797612817165,2.41428362946785,19.9583319851514,0.0257971398599361,30.3239693815989,0.623001299620333,0,64.5795,0.002,0.516578113029291,0,0
27,2014,35,43.5938800954708,34.9844746504441,5.20320062076343,3.40620482426328,17.7041964858449,0.0790523576763981,30.3239693815989,0.463732601728359,0,57.7655,0,0.728678777196539,0,0
27,2015,35,61.8377948655679,48.6620212520243,7.96294167846753,5.21283193507607,24.6135162655187,2.59959222558003,30.3239693815989,0.610982016874286,0.0715522841715747,95.6806,-0.003,0.177389273849567,0,0
27,2016,35,63.2894827327293,49.5049875754107,8.33083006921259,5.4536650881061,25.2566166270991,3.60373862807514,30.3239693815989,0.829303156402677,0,85.4757,-0.006,0.388282327198121,0,0
27,2017,35,53.3978835569122,40.3629584726459,7.87781812845602,5.15710695581031,20.5359500420696,-2.59709409730089,30.3239693815989,0.904446794121254,0,73.3967,-0.007,-0.226389341448539,0,0
27,2018,35,57.8740672262784,41.6118433503486,9.82827605303578,6.43394782289403,25.138224303692,-2.2639856823986,30.3239693815989,0.557124281789628,0,76.504,-0.006,0.432723359399677,0,0
27,2019,35,68.0667045114124,50.0684952134419,10.8774403052335,7.12076899273699,36.2226578786141,1.90078399659897,30.3239693815989,0.756503987014082,0.138495847106282,94.2292,-0.006,0.135585899362002,0,0
27,2020,35,63.6279425727978,49.4923834561635,8.54299991330953,5.59255920332477,25.3229501036203,1.89045992299902,30.3239693815989,0.763206455560261,0,82.9089,-0.007,0.55674257397164,0,0
27,2021,35,66.0001104530261,50.927007454221,9.10961614957035,5.96348684923483,32.7581742145059,7.9689853822952,30.3239693815989,0.730277254233983,0,91.5592,-0.006,0.804370611267964,0,0
28,2010,38,17.0398927050982,14.9324812695669,1.53817330660386,0.569238128927496,3.95511367717387,3.46562607510371,43.1318517629514,0.265040849597917,0.0396454241030666,22.9604,0.008,0.213165924769149,0,0
28,2011,38,17.0332335600081,15.6201333984443,1.03140417263945,0.381695988924412,5.64873745435626,3.6624679208282,43.1318517629514,0.696840991068387,0.310656771234193,20.233,0.003,0.189147733086513,0,0
28,2012,38,18.0143082124883,15.6636910590929,1.71568612490059,0.634931028494829,4.40856067324267,3.25643353890806,43.1318517629514,0.334203036626548,0.0464001057486856,23.2966,1e-04,0.414830017428277,0,0
28,2013,38,18.682979600523,17.2791446836508,1.02464158616799,0.379193330704302,4.52034597291502,1.14363606689173,43.1318517629514,0.27154285322183,0.0984983197314531,24.2473,0.002,0.0836964406348764,0,0
28,2014,38,16.7006234814161,14.7210943350767,1.4448336196752,0.534695526664256,3.75594949078662,2.20986130096401,43.1318517629514,0.242174278704444,0.0850792902060436,22.2494,0,0.085111528885091,0,0
28,2015,38,15.1662156081706,14.8860078016542,0.204520181023367,0.0756876254930598,3.41250668821286,3.54150608875499,43.1318517629514,0.354751338500964,0.372936641979915,18.7037,-0.003,0.322720684199224,0,0
28,2016,38,18.6604682645401,16.9859300367497,1.22222455446889,0.452313673321528,4.24380160978165,3.01326006262294,43.1318517629514,0.315565843014679,0.246943872962636,24.2871,-0.006,0.682983861187983,0,0
28,2017,38,19.7910560506425,16.8767559286176,2.12711128902119,0.787188833003728,7.83853944060071,3.77180459166322,43.1318517629514,0.29794605765027,0.18423589357896,24.8697,-0.007,-0.0202590488389953,0,0
28,2018,38,21.9512752020114,19.6858613282796,1.65349731439876,0.611916559333062,4.69548635835105,3.24298520376695,43.1318517629514,0.335361896447002,0,29.2042,-0.006,0.359909315335501,0,0
28,2019,38,20.7588559008488,20.0043390758138,0.550712414331985,0.203804410702999,5.75081651784163,3.03629090476801,43.1318517629514,0.359589424622338,0.0433352321235706,23.8676,-0.006,-0.290006857461234,0,0
28,2020,38,25.2547341100993,20.5022564295396,3.4687741488052,1.28370353175454,7.5318836810997,5.46842551690685,43.1318517629514,0.355654817577841,0,34.2246,-0.007,0.0810536868365778,0,0
28,2021,38,24.1254246552642,21.0639646926067,2.23452142016535,0.826938542492158,6.71107995491567,4.14614358259912,43.1318517629514,0.279821340451673,0,28.5917,-0.006,0.350814523293983,0,0
29,2010,51,64.0619155257796,37.9611993305151,13.1957778997534,12.9049382955112,33.3609501802205,3.89565798186781,44.2693348872265,0.58897770693293,0.62575396477957,31.6847,0.008,-0.0226219567812574,0,0
29,2011,51,70.2053383321607,41.2019727300646,14.6632746767326,14.3400909253635,41.9236446056225,4.73513483161714,44.2693348872265,0.380991040090355,0.379971717421481,32.093,0.003,0.710944720016951,0,0
29,2012,51,85.0888101229466,41.1818041376258,22.1981303076486,21.7088756776723,64.0354641956325,5.76676281927706,44.2693348872265,0.456912960147624,0.275896143908929,40.1748,1e-04,0.22591671881281,0,0
29,2013,51,67.7022496174413,34.1623130384624,16.9568356115959,16.583100967383,50.3476018271241,8.17603966834216,44.2693348872265,0.391361722424078,0.387924192144255,31.6462,0.002,0.00411649350148674,0,0
29,2014,51,68.789284445544,36.6311337806257,16.2582440522478,15.8999066126705,50.5694239468955,3.87735032823226,44.2693348872265,0.512322111229572,0.00536364102581242,33.3777,0,0.216803410796911,0,0
29,2015,51,79.2757470967609,44.9593685940078,17.3493825096017,16.9669959931514,48.4362477353436,7.3612292419631,44.2693348872265,0.579687309924328,0.0859813471629031,37.9688,-0.003,0.586674769655325,0,0
29,2016,51,68.0429150734083,40.9199191877881,13.7126133629814,13.4103825226388,39.844125811021,4.89800121394688,44.2693348872265,0.4082502154375,0,34.1661,-0.006,0.384509700367795,0,0
29,2017,51,73.2836273575235,43.1000928823332,15.2599344088659,14.9236000663244,44.574203142376,6.46374924700837,44.2693348872265,0.667849895683911,0.0749765350415557,34.971,-0.007,-0.197686538226225,0,0
29,2018,51,95.9021289096139,49.5842115249924,23.4170183689243,22.9008990156971,68.0062819403363,5.49907281834367,44.2693348872265,0.56253757891799,0.566030970622975,50.0868,-0.006,0.226405100003538,0,0
29,2019,51,91.2022775326639,50.9018608804138,20.374741575371,19.9256750768792,50.6098198978104,3.75983147189332,44.2693348872265,0.542048129394621,0.235405972126318,44.3458,-0.006,0.573203082397952,0,0
29,2020,51,113.259458260838,62.4047805496946,25.7106750335661,25.144002677577,71.2317202386092,9.99318769824418,44.2693348872265,0.682189139075404,0.984312688690882,51.5143,-0.007,0.112697674259979,0,0
29,2021,51,98.9972014602946,53.1524299543995,23.1778093034279,22.6669622024672,67.6842103585148,5.98774343187088,44.2693348872265,0.716082230640511,0.693488140336676,50.1105,-0.006,0.0915267641759277,0,0
30,2010,48,24.0883233518532,23.6164585804074,0.233868034025714,0.237996737420087,3.02663175443151,3.2768283403926,6.51046013086687,1.49346415962275,0.345729170195211,10.693,0.008,0.0382361871449949,0,1
30,2011,48,24.4227019629589,22.1638148539877,1.11956119470934,1.1393259142618,8.07463227854125,0.308225143646362,6.51046013086687,1.65781123753306,0.396693751299874,12.364,0.003,0.406938613838087,0,1
30,2012,48,31.5332420261925,30.301127546733,0.610666886877117,0.621447592582299,8.43410207527854,6.77880440316191,6.51046013086687,2.74901060554223,0.523684461592129,15.5731,1e-04,0.127039742604468,0,1
30,2013,48,32.1608244524441,28.9759049916689,1.57852609030234,1.60639337047292,9.00531171797651,4.4473702396153,6.51046013086687,2.009354419248,0.158785959151502,14.983,0.002,0.0832012526576507,0,1
30,2014,48,39.425031959028,36.6075343516921,1.39642259005868,1.42107501727718,12.2255039228746,3.30949837730483,6.51046013086687,2.75816640260019,0.300275945636823,18.8729,0,0.3783165636727,0,1
30,2015,48,33.0291166727399,30.4223957771989,1.29195635695798,1.31476453858304,6.78570647286356,3.57598015006958,6.51046013086687,1.68250929145991,0.305085926823072,15.3477,-0.003,0.522810055269712,0,1
30,2016,48,36.0192885531738,29.6092295654286,3.17698625574346,3.23307273200178,12.1954518644259,2.30264284556363,6.51046013086687,2.65657378047088,0.731206909376342,17.9358,-0.006,0.736872336317206,0,1
30,2017,48,37.1560511725132,29.7386172047946,3.67626660119327,3.7411673665253,15.5427556618106,4.037243341588,6.51046013086687,2.18338344804103,0.402872823985078,16.1529,-0.007,0.114631273044041,0,1
30,2018,48,55.3868236207072,43.8854271653594,5.7003809996684,5.80101545567943,21.6764356451968,5.98345380947625,6.51046013086687,2.60629700529949,0.521170236213048,27.0737,-0.006,-0.123704688825952,0,1
30,2019,48,37.3389305931012,33.4968350456578,1.90423906719375,1.93785648024968,12.8787314178373,2.2277650886003,6.51046013086687,3.24367629925515,0.666781451393461,15.7671,-0.006,0.0985557208946295,0,1
30,2020,48,41.2115873721323,39.5490056606135,0.824017260472007,0.838564451046835,11.4512641126383,1.18302935477859,6.51046013086687,3.18220861122952,0.827921756034792,19.9994,-0.007,0.507643131463665,0,1
30,2021,48,38.3318320722859,33.4980688428552,2.39573448119254,2.43802874823815,13.0316756055898,3.29796223006253,6.51046013086687,2.01586267114131,0.584840030188472,18.4568,-0.006,0.291929085066693,0,1
31,2010,35,63.0497612554597,16.5054703090163,29.6905011840234,16.8537897624199,59.704841044661,8.14500821823056,35.3311619450567,0.190170912752099,0.172162277948807,41.7074,0.008,0.372947507979915,0,0
31,2011,35,47.9490827878614,17.3315327355842,19.5308680741327,11.0866819781446,39.9542041754419,11.5516807397276,35.3311619450567,0.220994212032616,0.239587882860288,33.8065,0.003,0.493732625477917,0,0
31,2012,35,45.8966892739899,14.7647132278613,19.8590192881475,11.272956757981,40.3557594619535,7.49188593883445,35.3311619450567,0.216972759071293,0.258999641699046,33.9282,1e-04,0.449836671711973,0,0
31,2013,35,60.8329676773847,19.6701346197762,26.2576809912296,14.905152066379,53.821819051071,13.3068191516279,35.3311619450567,0.22617212107634,0.223088275460623,42.6613,0.002,0.327424248471291,0,0
31,2014,35,56.6674401710048,22.7190282643944,21.6556175507912,12.2927943558192,40.1525777187857,11.5997574156881,35.3311619450567,0.260865743188672,0.438971066264101,41.2237,0,0.298213875320889,0,0
31,2015,35,61.0715132625842,20.9083041476135,25.6200230690879,14.5431860458828,52.9619790656209,12.5156915096573,35.3311619450567,0.261332377085623,0.312906167494719,43.1044,-0.003,0.471353625306291,0,0
31,2016,35,57.1853287619366,21.6720243184072,22.6538590703307,12.8594453731988,49.3314792912384,14.7629315533067,35.3311619450567,0.273876439931382,0.198281530600807,41.3496,-0.006,0.528303972083006,0,0
31,2017,35,59.1994034970835,23.2625673425147,22.9240290205519,13.0128071340169,48.498082778234,12.1121639761357,35.3311619450567,0.293654866924596,0.171014776923978,39.5625,-0.007,-0.00570527767031009,0,0
31,2018,35,65.8928710160798,23.428054360994,27.0882134745143,15.3766031805715,58.8207711459493,9.48400827841082,35.3311619450567,0.336319101098349,0.313734827984206,48.7208,-0.006,0.0798043975113739,0,0
31,2019,35,67.6645057402058,22.0514405338929,29.0964743253535,16.5165908809594,59.2012672660252,16.9830041676778,35.3311619450567,0.208330643689446,0.0990036501929532,46.7525,-0.006,0.798652278986659,0,0
31,2020,35,64.5994641914171,25.4584284207516,24.9679809330439,14.1730548376216,48.2913691114772,12.7716807689179,35.3311619450567,0.381570063581612,0.492244276750612,46.8946,-0.007,0.550585907245738,0,0
31,2021,35,68.3378229999162,29.8576721630103,24.5464038822544,13.9337469546515,52.0323310236588,11.941762503641,35.3311619450567,0.413298130429555,0.564036621219544,45.0581,-0.006,0.328645013197823,0,0
32,2010,20,15.8573064833499,14.5082487714624,0.917307211200944,0.431750500686505,4.82803867702828,-0.163371338027863,64.2511203625409,0.122325201030104,0,15.7432,0.008,-0.0224377872401237,1,0
32,2011,20,21.7762050137784,19.3710375414303,1.63542111437473,0.769746357973301,5.1528077686495,-0.183452901150419,64.2511203625409,0.146629070834319,0,20.5878,0.003,0.293447976339857,1,0
32,2012,20,19.2658662887389,15.3511952279206,2.66182533328705,1.25284572753125,6.5904423263684,1.52566026523815,64.2511203625409,0.091167480043704,0.151769905911227,19.3548,1e-04,0.491403482961804,1,0
32,2013,20,18.8615741356682,17.5329511761804,0.903412367733483,0.425210591754378,5.96510501745925,-0.29368947294947,64.2511203625409,0.136939487138212,0,17.6272,0.002,0.14466181698026,1,0
32,2014,20,16.5047998939246,16.0808915232478,0.288241342000317,0.135667028676531,5.16646790443398,1.02033181126099,64.2511203625409,0.104280869866718,0.156109076648186,15.7787,0,0.304823053985472,1,0
32,2015,20,23.7254337104867,21.618168222713,1.43285925488331,0.674406232890328,8.32511189915546,2.69317222424689,64.2511203625409,0.133290645681913,0.35405717969276,23.8131,-0.003,0.0155117384458528,1,0
32,2016,20,23.596810643089,20.6429594191497,2.00850490283572,0.945346321103604,5.4739827865109,4.43967122176664,64.2511203625409,0.118839095374671,0.205412601076488,23.0501,-0.006,0.37257551444551,1,0
32,2017,20,22.0016708184724,20.6099986635029,0.946283388866291,0.445388766103186,6.60402002109277,1.52452443258548,64.2511203625409,0.235821703942211,0.253530067635397,24.6863,-0.007,0.449031003975551,1,0
32,2018,20,23.0267591162099,23.0267591162099,0,0,2.75416701397283,-0.477814868387293,64.2511203625409,0.164262494098287,0.282213431399949,25.568,-0.006,0.540450526392902,1,0
32,2019,20,26.3602764924524,24.5726192690786,1.21553796231736,0.57211926105638,9.07309971384925,5.43002272551962,64.2511203625409,0.211198356107688,0.340669715895276,28.7844,-0.006,-0.222661165247608,1,0
32,2020,20,25.6268903679758,21.4097131059931,2.86751788247593,1.3496593795067,10.3122119990012,1.90043709570131,64.2511203625409,0.146231380622559,0.452652529636784,27.8253,-0.007,0.154251248138483,1,0
32,2021,20,25.5551281241335,23.5275970299688,1.37864294256862,0.648888151596062,5.9386723774639,1.81497774048828,64.2511203625409,0.128331650675064,0.225358350309304,24.9219,-0.006,0.0626258684333377,1,0
33,2010,20,13.1566502430504,10.5036810205857,1.68202494527339,0.970944277191301,4.78481377546513,0.765679547097947,40.4153553688043,0.154204392698114,0.138229003931389,13.9367,0.008,-0.145559108748558,0,0
33,2011,20,20.1948139648834,14.2939619418887,3.74123462006203,2.15961740293262,9.6001552649481,2.93794630574063,40.4153553688043,0.29122073938663,0.110324866759349,22.268,0.003,0.56962795603799,0,0
33,2012,20,15.8039932642787,12.1749913429067,2.30084529684891,1.32815662452311,7.57861100264169,1.92744054461391,40.4153553688043,0.15828379959674,0.0639247367976314,18.9918,1e-04,0.45387574114896,0,0
33,2013,20,16.1065066405888,11.1622655579487,3.1347279742356,1.80951310840449,8.54103228925748,1.77837950672187,40.4153553688043,0.177185959942677,0.0100492022954836,17.3494,0.002,0.11068887223203,0,0
33,2014,20,21.8546066828512,15.4493127250904,4.06105887981368,2.34423507794715,9.75657883895345,2.1650734736132,40.4153553688043,0.214709135589979,0.244602425873351,24.5529,0,0.6076534336684,0,0
33,2015,20,19.2400073890984,16.3216511261467,1.85028457620753,1.06807168674424,7.10645098472568,2.12359929309486,40.4153553688043,0.32818165732736,0.321756430874941,19.6449,-0.003,0.483688926533995,0,0
33,2016,20,20.3589659655661,15.1997482571978,3.27102659544223,1.88819111292607,10.2793668721298,2.35313760012995,40.4153553688043,0.158866132209969,0.0880084040921561,21.6781,-0.006,0.368761753869595,0,0
33,2017,20,18.2082730209288,14.5556608075548,2.31581459983827,1.33679761353573,6.82721493612738,2.61461468193085,40.4153553688043,0.247164388790113,0.0932562401554425,18.4388,-0.007,-0.219312733767303,0,0
33,2018,20,21.733255471699,16.590634018653,3.26050430396073,1.88211714908529,10.26210677933,3.18023282340617,40.4153553688043,0.313262208217768,0.225110343122119,24.1909,-0.006,0.412609757237481,0,0
33,2019,20,22.0671743266585,15.8405367711821,3.94778786154082,2.27884969393562,10.5416494991902,2.35043727155756,40.4153553688043,0.296216958901251,0.417230804626481,24.8303,-0.006,-0.0484699715155142,0,0
33,2020,20,21.931202636437,15.8351786973954,3.86497673837532,2.23104720066627,9.74751726806798,2.33957407851583,40.4153553688043,0.224583306977041,0.121801462176606,27.171,-0.007,0.417615737455687,0,0
33,2021,20,23.4762140283062,18.5952644480746,3.09460014878875,1.78634943144284,7.6086291595664,0.548232402393136,40.4153553688043,0.319101748793185,0.412153480399971,27.8543,-0.006,-0.311709848036765,0,0
34,2010,37,17.0375698397392,10.6769788504669,4.05869956586145,2.30189142341088,10.8870150010855,-0.0684831917044595,55.6847900342588,0.167700235726046,0,12.1454,0.008,0.0996211376116278,0,0
34,2011,37,22.8452029184505,14.1235353855875,5.56530490467345,3.15636262818957,13.5903710127136,-2.00498062275962,55.6847900342588,1.04921643826572,0,17.1617,0.003,-0.084173772009445,0,0
34,2012,37,24.6439350080294,12.5670743943453,7.70625701485897,4.37060359882507,17.0330397935928,-0.552978971011891,55.6847900342588,0.225936975147715,0,17.2519,1e-04,0.0523575403458293,0,0
34,2013,37,25.101382580224,14.6106599195023,6.69414077724171,3.79658188348,15.5174005559427,-1.55660174901881,55.6847900342588,0.608931357663417,0,19.0986,0.002,0.0130230120204529,0,0
34,2014,37,25.5396383653726,13.9398171304539,7.40185770310327,4.19796353181535,18.8913898123503,-0.117073237264072,55.6847900342588,0.398223808361504,0,19.7487,0,-0.157681506263805,0,0
34,2015,37,21.8961611955174,13.4604499221762,5.38283592524463,3.05287534809655,14.9088764195444,-0.213952435428473,55.6847900342588,0.269508611980467,0,15.9126,-0.003,0.300975745405835,0,0
34,2016,37,29.5069220381974,15.3917662456231,9.00689523725248,5.1082605553218,22.5853275169497,-0.460664054072555,55.6847900342588,0.477377325106687,0,21.4972,-0.006,0.412174427128937,0,0
34,2017,37,28.5615598971698,16.7538778242376,7.53449391480561,4.27318815812655,15.8135823045419,0.14813212552923,55.6847900342588,0.393890406924964,0.104938685137902,20.1978,-0.007,0.197747406274844,0,0
34,2018,37,36.9242119027287,19.3200577563913,11.2332286279064,6.37092551843096,24.767262318704,-1.80558642452213,55.6847900342588,0.415931365064258,0,26.5197,-0.006,0.221920902568718,0,0
34,2019,37,35.1839481615435,19.5128522432774,9.99974221063951,5.67135370762661,24.4740260147188,0.175006169404221,55.6847900342588,0.466009099292033,0,25.2911,-0.006,-0.0201990239280674,0,0
34,2020,37,37.8609391613553,19.3803563427108,11.7924786532265,6.68810416541794,24.8039545869605,-4.47110302571495,55.6847900342588,3.48036803780485,0,27.151,-0.007,0.274134995868124,0,0
34,2021,37,27.9484775066467,15.559946569137,7.90513416481826,4.48339677269147,16.7105366529116,-1.69358577142363,55.6847900342588,2.79429024686348,0,18.6442,-0.006,-0.142841638404806,0,0
35,2010,37,93.0246331983171,43.4440126339323,40.3076394341083,9.27298113027644,64.0503255535427,11.9538835780318,9.59446218568093,18.9442672199182,6.16687850526034,45.4126,0.008,0.175802112745781,0,1
35,2011,37,126.814482717572,51.5280504675716,61.2057358473909,14.0806964026098,89.0428414135857,14.5614973239614,9.59446218568093,12.2550538362069,4.2278452149847,65.7016,0.003,0.288137122528025,0,1
35,2012,37,104.492197793684,46.269239684657,47.3336149392943,10.8893431697325,82.4045693200302,17.7734682247574,9.59446218568093,48.2249435030456,19.9293533280539,52.4654,1e-04,0.305041596549073,0,1
35,2013,37,109.219762934311,44.5235234709208,52.5962092315218,12.1000302318687,76.4618722003891,NA,9.59446218568093,46.4054395225707,14.9484543322803,53.7179,0.002,-0.0500573321856786,0,1
35,2014,37,110.527308262398,41.4945159015863,56.1217038418447,12.9110885189673,82.9295526986887,16.2469099405559,9.59446218568093,8.49320337247223,2.8613330063008,53.5224,0,0.0844342484066768,0,1
35,2015,37,104.677341833901,53.8831492784678,41.2942390709362,9.49995348449724,64.8942163416131,19.5801649496015,9.59446218568093,24.2311027226301,4.57373666113689,50.2273,-0.003,0.0234029275736726,0,1
35,2016,37,105.338599211224,50.9983586168196,44.1770756337677,10.1631649606371,76.6118302315466,19.5690333362551,9.59446218568093,11.7074642605307,3.81710428009013,53.1677,-0.006,0.228424677390488,0,1
35,2017,37,106.904052240069,50.8690552792128,45.5548645313241,10.4801324295317,85.6588521567247,18.9543808435411,9.59446218568093,7.70923281165087,3.52024416437986,51.477,-0.007,0.0480095043045398,0,1
35,2018,37,151.959652575377,56.7601719769782,77.3944798309171,17.8050007674812,118.029762953521,19.5687491031525,9.59446218568093,29.7695281104932,11.9207250778717,79.9195,-0.006,0.194591210322831,0,1
35,2019,37,134.540348419465,60.4969918888103,60.195150515575,13.8482060150796,89.3485725395215,6.36525593911014,9.59446218568093,12.3445888792222,3.93560759973359,68.5823,-0.006,0.0720979922078928,0,1
35,2020,37,120.821120521053,59.2073130647501,50.0902793640146,11.5235280922885,95.3352488346778,8.65793387424421,9.59446218568093,52.8789859308699,17.6788596001905,60.507,-0.007,0.407610294945546,0,1
35,2021,37,103.613118503449,55.7801705682174,38.8868311145897,8.94611682064169,69.2979789557946,16.4693275550201,9.59446218568093,15.142354025515,3.56338597391948,51.8839,-0.006,-0.0412773851610801,0,1
36,2010,36,10.4858207178364,9.87953842463827,0.329037989467865,0.27724430373031,1.84644197697862,0.775613501270504,69.540512796937,0.112446765433223,0.0371738833453659,15.0901,0.008,0.262280451552936,0,1
36,2011,36,10.6336157218551,8.72355430587273,1.03661738949971,0.873444026482684,3.94149931125852,1.06215378753492,69.540512796937,0.0938655665910941,0.104208091012782,14.8251,0.003,0.276915502378149,0,1
36,2012,36,7.67398114349173,7.03352273126376,0.347585853424205,0.292872558803763,2.31097703126323,0.636269876333912,69.540512796937,0.0575320091420022,0.0645344500481662,10.5451,1e-04,-0.0327666564836855,0,1
36,2013,36,12.3248225514293,10.325512967524,1.08505363457318,0.914255949332146,4.09287740941086,1.45847422856328,69.540512796937,0.146311288517266,0.175843052190528,17.3835,0.002,0.00955555533301369,0,1
36,2014,36,11.891399981518,10.2869064013221,0.870781396165866,0.733712184030016,4.89213044121408,0.790614339303463,69.540512796937,0.10250628713727,0.0211794100107177,16.9033,0,0.562635004916287,0,1
36,2015,36,11.2851267906705,9.6394254179471,0.893145448944226,0.752555923779191,4.95285450047235,0.864759664004121,69.540512796937,0.113622228703877,0.155369489460289,15.3565,-0.003,0.303709168650468,0,1
36,2016,36,10.7937266369054,10.0173048427382,0.421375106939324,0.35504668722785,2.43200863076867,1.37276363028708,69.540512796937,0.108857486491891,0.015003481960362,14.4229,-0.006,0.372191637335853,0,1
36,2017,36,11.8040406447351,10.5014744825192,0.706921109147899,0.595645053067979,4.63988159131376,0.898004978956347,69.540512796937,0.157657491905917,0.313316748172681,16.1328,-0.007,0.104910857225322,0,1
36,2018,36,10.719271078873,10.5114087465787,0.112809832435402,0.0950524998589573,2.66399616442959,0.440982444936039,69.540512796937,0.101666037793132,0.137411651257517,15.4639,-0.006,0.762308122373039,0,1
36,2019,36,11.8693248588191,11.6906464446203,0.0969713066484989,0.0817071075502882,1.9350565120884,2.01926099845513,69.540512796937,0.101471939842706,0.0736247261241181,16.0408,-0.006,0.307201550359684,0,1
36,2020,36,14.36446443383,13.0100212609982,0.735075497729161,0.61936767510256,2.860222913714,1.40841753023934,69.540512796937,0.113566020692777,0.106700715588924,21.3049,-0.007,0.2754715525512,0,1
36,2021,36,15.2703625577068,14.0426895035095,0.666275558446687,0.56139749575061,4.15150787237346,2.41838795204035,69.540512796937,0.144047939274219,0.233662376264004,21.2336,-0.006,0.114351805209959,0,1
37,2010,36,15.1095721313288,10.4781851069454,2.84419417781416,1.7871928465693,7.3394480367166,1.28418186617092,48.3364841028816,0.0857359619506189,0.172519147932144,11.4344,0.008,-0.0831306201564364,0,0
37,2011,36,16.8769276475929,10.5866883668773,3.86291662628879,2.42732265442674,9.01009354763587,2.8284597310559,48.3364841028816,0.0731872201741956,0.113778717140222,13.4939,0.003,0.925344439802089,0,0
37,2012,36,16.9703204478916,10.1301092763031,4.20066141888479,2.63954975270365,10.6395821582037,1.22302594822397,48.3364841028816,0.0765739873153724,0.0765236297607958,12.9717,1e-04,0.491370585489265,0,0
37,2013,36,17.464971732974,11.9379990329639,3.39418482876611,2.132787871244,9.09855564535954,3.06757585719486,48.3364841028816,0.104553739214592,0.196912057838664,13.4304,0.002,0.258696501418104,0,0
37,2014,36,17.0714422993937,10.5751141566598,3.98947843992674,2.50684970280724,9.52690900394785,1.83056854732922,48.3364841028816,0.0790662098010257,0.113893990681759,11.9885,0,-0.173732126960196,0,0
37,2015,36,16.6154499570468,11.522338292699,3.12774520169228,1.96536646265547,8.6678210881632,1.66660952353937,48.3364841028816,0.0883559883932386,0.156823597314132,12.5947,-0.003,0.125180986027698,0,0
37,2016,36,18.3370836114171,12.4857532093315,3.59337705410059,2.25795334798497,9.69650200263484,2.02032482466965,48.3364841028816,0.105690971718171,0.153788342385493,13.486,-0.006,0.71760609502918,0,0
37,2017,36,16.1928992800514,12.0653962101963,2.53475257809072,1.59275049176436,5.9951406400544,0.835748985576275,48.3364841028816,0.0918559296161688,0.0685294558574675,12.9836,-0.007,-0.19700434047399,0,0
37,2018,36,18.6550182287367,11.8715176379747,4.16583472378074,2.61766586698125,9.33749584787257,2.9157333213755,48.3364841028816,0.105956059154432,0.135624485477579,12.6873,-0.006,0.74178453564558,0,0
37,2019,36,20.9604962183338,14.0843311101977,4.22274119249471,2.65342391564138,13.0492092168254,3.4804086390751,48.3364841028816,0.10384273379764,0.13779603267566,15.9123,-0.006,0.52232521895139,0,0
37,2020,36,21.896186160946,15.1627741755884,4.13507466872249,2.59833731663508,11.8114151695317,1.74368228440222,48.3364841028816,0.125266868900566,0.160968027586722,15.5098,-0.007,0.303001486958776,0,0
37,2021,36,20.9029300061767,13.8091018617099,4.3564108550381,2.7374172894287,9.53964520461632,4.0803356442258,48.3364841028816,0.150874705717863,0.180649653442634,15.6319,-0.006,0.18587095327879,0,0
38,2010,28,15.9233378394632,14.6044794148751,0.896767917931988,0.422090506656109,4.76909554871183,1.35727159638434,30.0857688533987,0.277093265727454,0.292144869600696,8.0611,0.008,-0.46037112331013,1,1
38,2011,28,13.1973050312062,13.1216905628866,0.0514146386423154,0.0241998296773609,1.46157400582455,2.12273917415826,30.0857688533987,0.307908578940046,0.286381356238013,6.7463,0.003,0.56097285443766,1,1
38,2012,28,17.0617040786231,17.0617040786231,0,0,4.49964419843301,2.71335595756029,30.0857688533987,0.408749376771561,0.337597312488428,9.287,1e-04,0.079907650067482,1,1
38,2013,28,14.1860713711457,13.8296469304957,0.24235353665173,0.11407090399836,2.85444831794887,2.05949262182998,30.0857688533987,0.273308957214002,0.164709703577154,7.3473,0.002,0.0563796936606093,1,1
38,2014,28,14.2791518666588,13.4211341881828,0.583415712202825,0.274601966273175,4.71989716496138,1.31480451787339,30.0857688533987,0.321086206141562,0.246811180782328,7.4866,0,0.221240634954234,1,1
38,2015,28,16.0286102971207,16.0286102971207,0,0,3.77821804329052,0.703434721825944,30.0857688533987,0.53314160338804,0.532652584754735,8.554,-0.003,0.21741327041604,1,1
38,2016,28,17.637562986985,16.4812916174314,0.786215600785827,0.370055768767806,5.24414014646207,0.83042608326438,30.0857688533987,0.400307338049662,0.462135784642291,9.6322,-0.006,0.457437170294349,1,1
38,2017,28,17.7828788922061,16.667296305507,0.758548950292169,0.357033636406877,4.35418097045366,1.0117968761919,30.0857688533987,0.39628819031024,0.27374240527684,9.625,-0.007,0.0819686792783668,1,1
38,2018,28,18.0449306231703,17.6820049402074,0.246774106308183,0.116151576654785,2.20733531015366,1.33821456078007,30.0857688533987,0.323417709502072,0.34966023152024,8.9489,-0.006,0.181539853893371,1,1
38,2019,28,17.9192723422763,17.7431627643254,0.119747060490021,0.0563625174608956,4.77299112690122,1.36362456150308,30.0857688533987,0.381400148246437,0.169236747134977,8.8681,-0.006,0.370152233463306,1,1
38,2020,28,22.6879476863873,19.6802418547846,2.04511268690626,0.962593144696515,9.26639130115465,2.11159422106484,30.0857688533987,0.571006695655334,0.335145255071829,11.931,-0.007,0.294542950668548,1,1
38,2021,28,22.4893023309955,20.4233757461328,1.40474265286382,0.661183931998896,8.22878900908412,2.31357327655628,30.0857688533987,0.420276714852375,0.302789110148704,11.5667,-0.006,-0.125892674589079,1,1
39,2010,73,209.568173954569,195.784600446584,9.01327380486368,4.77029970312188,53.6083463799768,35.2124435935584,20.2114948281951,4.11301240072271,1.97327539673473,160.7715,0.008,-0.16634634556824,1,0
39,2011,73,189.343199981871,165.440337629329,15.630420005278,8.2724423472649,44.9072142849086,45.6150021163849,20.2114948281951,4.05623436549689,1.90227467612662,135.193,0.003,0.39823733634103,1,0
39,2012,73,234.731429547235,217.559876308151,11.228721703337,5.94283153574705,87.3930351448705,43.1901814439934,20.2114948281951,4.40895144966866,1.86428371733345,197.4674,1e-04,0.0687195888628095,1,0
39,2013,73,202.084718015518,185.58635523431,10.7885129348244,5.70984984638415,74.3813256244433,34.2917279175879,20.2114948281951,3.74078969419944,1.60633733004284,150.4244,0.002,0.293889714431271,1,0
39,2014,73,208.016136088217,204.255059380621,2.45942129209249,1.30165541550392,36.8908523050448,31.1503784944097,20.2114948281951,4.01957462003515,3.04905448566268,150.3314,0,0.335399595285398,1,0
39,2015,73,236.745014209247,221.292213379225,10.1048051764165,5.34799565360515,83.4086346948849,44.8263077211564,20.2114948281951,4.19533328288075,3.00566725152967,161.4395,-0.003,0.245466396970845,1,0
39,2016,73,262.604943485445,240.236715397028,14.626900939277,7.74132714914029,53.2920406029922,36.305843572107,20.2114948281951,5.09201492224138,2.68839270520759,198.437,-0.006,0.393037882649541,1,0
39,2017,73,234.308231390076,227.961866745194,4.14997766556606,2.19638697931596,48.6077924416719,31.014286714936,20.2114948281951,5.85047888912797,1.70886206363448,176.0521,-0.007,0.0743599435366877,1,0
39,2018,73,277.479156859341,266.795192411942,6.98639556933819,3.69756887806095,41.7747449176245,21.8140877067946,20.2114948281951,5.98115039189828,3.84483792708288,214.5662,-0.006,0.634738135360499,1,0
39,2019,73,353.508808593652,305.29047233203,31.5306525473382,16.687683714284,129.044207324805,36.1518376233859,20.2114948281951,5.07149076767323,2.1623657513707,282.4113,-0.006,0.137211282335538,1,0
39,2020,73,333.730640006442,305.536643289007,18.4364535017314,9.75754321570395,109.014844035861,37.532691276005,20.2114948281951,6.58872799963758,2.76758470797351,261.5152,-0.007,0.358935502357427,1,0
39,2021,73,300.579114590672,273.265918138827,17.8604857415154,9.45271071032905,75.7873729249539,10.6046869680118,20.2114948281951,5.87775498330896,3.10599694419292,232.2421,-0.006,0.288718934232544,1,0
40,2010,20,131.512585975742,115.195665664785,7.62482949028266,8.69209082067428,45.2217175238438,7.30048408257498,60.1953294941103,1.02567525071401,3.35603932838017,171.5954,0.008,-0.105071510054692,0,0
40,2011,20,138.915039063273,120.95761249416,8.39143129122324,9.56599527789002,42.3395476304118,24.7125301657446,60.1953294941103,1.04981081876378,3.87858775028509,176.6361,0.003,0.283203393060842,0,0
40,2012,20,153.730813955884,121.88708169704,14.8804446047859,16.9632876540583,73.0680612097975,23.6670563326282,60.1953294941103,1.30931156096576,4.77599989649198,192.5573,1e-04,0.538112467089793,0,0
40,2013,20,165.157489689306,140.837037073401,11.3648470905538,12.9556055253515,46.1640001853981,24.2200980796993,60.1953294941103,1.34759880143536,5.7090455802573,193.5565,0.002,0.206859035993126,0,0
40,2014,20,184.322510343919,144.60618922316,18.5592728747806,21.1570482459784,65.8356286231347,19.6078207439329,60.1953294941103,1.52703485733922,5.58026347329509,213.905,0,0.0513372002480712,0,0
40,2015,20,152.062652353477,119.170748598857,15.3702508169604,17.5216529376593,52.3433490411072,7.23848133562889,60.1953294941103,1.73593597102143,4.96727697879333,201.4845,-0.003,0.0370487160591461,0,0
40,2016,20,169.497544522272,153.483923932785,7.48309878273571,8.53052180675122,42.163872923314,30.7740564056016,60.1953294941103,1.60558184790732,5.12463984386087,236.2178,-0.006,0.447801132808442,0,0
40,2017,20,197.360693786894,177.495435893057,9.28295299201054,10.582304901826,58.1686753259089,4.65555690129183,60.1953294941103,2.09998026635302,6.97823934178995,241.6743,-0.007,0.0127956015275826,0,0
40,2018,20,169.425661601705,142.824715871577,12.4305121068889,14.1704336232395,56.3964845281102,12.7057099232819,60.1953294941103,1.38145666159592,4.78871058768967,207.9038,-0.006,0.368097705200917,0,0
40,2019,20,216.888045623014,160.121824468687,26.5266207630349,30.2396003912916,108.162484412948,8.81354997308193,60.1953294941103,2.09046338722988,7.78775929885089,293.3753,-0.006,0.284755616225457,0,0
40,2020,20,223.288428838568,169.795999344589,24.9967914373321,28.4956380566471,96.74985208268,22.483271103593,60.1953294941103,1.20321028863227,4.43964011744233,285.2763,-0.007,0.354584953267797,0,0
40,2021,20,276.429891080314,231.633546480854,20.9331468714391,23.8631977280213,111.233349592829,39.5921289752885,60.1953294941103,1.93716382519567,6.17175609534147,364.784,-0.006,-0.172645603875996,0,0
41,2010,73,133.1524801806,79.2818421666458,36.2237953433365,17.6468426706179,82.7755863174472,15.8628203918643,35.7342842316856,1.77265473062952,1.06517466985325,123.1096,0.008,-0.208696017057577,0,1
41,2011,73,129.944755180233,88.1446256889495,28.107321387673,13.6928081036103,76.4589882668192,10.7259784967718,35.7342842316856,1.4075776051618,0.730526787211898,137.4502,0.003,0.182184855862112,0,1
41,2012,73,135.846746933862,94.1743050717368,28.0214614328437,13.6509804292813,77.9151221673845,14.4573228890318,35.7342842316856,2.3719183829024,0.57502018325799,134.7582,1e-04,0.436110208752092,0,1
41,2013,73,147.799184974647,103.367584285897,29.8767801804986,14.5548205082513,73.6627869028763,22.1242280028294,35.7342842316856,1.77241725156636,1.03166233287839,157.0709,0.002,0.11054960718095,0,1
41,2014,73,154.345944058623,99.6661290438963,36.7679036582392,17.9119113564874,91.1944390564467,17.767747369054,35.7342842316856,1.61767091949174,0.324445510886758,155.1271,0,0.21768767789511,0,1
41,2015,73,123.797886535939,86.4798053257126,25.0934940851279,12.2245871250979,50.9200403860678,6.09692925144207,35.7342842316856,1.3388056114834,1.87097790523322,127.3234,-0.003,0.300638363066077,0,1
41,2016,73,187.913610507052,101.262997207353,58.2657677403007,28.3848455593981,112.99121329822,40.9709355897226,35.7342842316856,1.49306753606973,0.667717824574871,195.3069,-0.006,0.00075699145246011,0,1
41,2017,73,172.917352249917,111.586432013767,41.2402522924883,20.0906679436616,86.4683182736476,25.9545192470848,35.7342842316856,1.17252911973826,0.458626118691688,172.0992,-0.007,0.106279515543823,0,1
41,2018,73,201.000460443935,120.141141645402,54.3715746414765,26.4877441570571,140.699265574962,19.8428211596025,35.7342842316856,2.11509883634362,0.677070625068643,212.981,-0.006,0.282125235688019,0,1
41,2019,73,163.672960610276,100.791389608695,42.2829437854203,20.5986272161609,104.646807425904,13.9214517409712,35.7342842316856,1.78752680624718,1.91696444682738,161.3997,-0.006,0.308338169992703,0,1
41,2020,73,183.98174982182,111.229367479405,48.9202932408035,23.8320891016119,95.5974416176569,21.0690093172496,35.7342842316856,1.65177119112302,1.80855805551114,190.7577,-0.007,0.50724492282826,0,1
41,2021,73,196.201162496318,122.907671099342,49.2841468050731,24.0093445919036,114.386860050444,35.4461075581561,35.7342842316856,1.75791965438076,1.23820779619919,194.2687,-0.006,-0.373799204263389,0,1
42,2010,37,48.5713822980099,31.9545099167977,11.5965647760089,5.02030760520331,28.3082601746675,-5.33948580397678,71.7167621163951,0.160703461608771,0,42.5504,0.008,-0.0818528372267903,0,0
42,2011,37,22.657309427304,19.4773728028366,2.21921070362994,0.960725920837426,6.74173320300472,-0.997588945720189,71.7167621163951,0.117957551821745,0,20.0937,0.003,0.329290641601134,0,0
42,2012,37,32.7498062610611,25.1853485652377,5.27907548740502,2.28538220841836,13.7621924368715,-2.49824840227898,71.7167621163951,0.162252775935859,0,31.4811,1e-04,0.34563421877834,0,0
42,2013,37,32.4945437787542,25.6331994182834,4.78838751970356,2.07295684076727,15.6679415497748,-3.01615941891372,71.7167621163951,0.174203977272434,0,27.5647,0.002,0.073625123709779,0,0
42,2014,37,28.4634986292856,22.4454043931592,4.19990104252547,1.81819319360095,14.2108484181079,NA,71.7167621163951,0.140844705213107,0,23.8723,0,0.388783997456161,0,0
42,2015,37,31.9206586649881,26.301994127327,3.92114748015524,1.6975170575059,12.1458158437349,-3.44221552037916,71.7167621163951,0.201224345878019,0,28.3235,-0.003,0.219778716918568,0,0
42,2016,37,33.9426810874758,25.9360244553701,5.58767679882136,2.41897983328433,12.1831497837628,-6.52954649909569,71.7167621163951,0.185874189399843,0,30.6375,-0.006,0.259758514547381,0,0
42,2017,37,35.1802274512241,26.4883245117157,6.06589574454191,2.62600719496648,18.6973075856744,-4.62644771075985,71.7167621163951,0.140542246706761,0,30.2063,-0.007,0.180552694566444,0,0
42,2018,37,30.4274390248692,25.4987437800116,3.43963246253373,1.48906278232383,10.1040792701033,-0.876527127285363,71.7167621163951,0.123740662511982,0,26.96,-0.006,0.655912980175275,0,0
42,2019,37,43.9499004834302,40.3451349523051,2.51568983771459,1.08907569341046,10.5367878938746,0.64796083059641,71.7167621163951,0.228398016474267,0,40.0838,-0.006,0.127789687025857,0,0
42,2020,37,43.0885821846807,35.6200981969106,5.21209746069213,2.25638652707798,14.3044424364819,-2.87566197000853,71.7167621163951,0.186089450166845,0,39.8802,-0.007,0.145006693616979,0,0
42,2021,37,59.9718514303241,40.1222048107345,13.8526497360128,5.99699688357687,37.2100457334391,-6.96199129272478,71.7167621163951,0.215040616853794,0,52.7522,-0.006,0.0621476868725412,0,0
43,2010,35,39.485614178151,31.4898025144629,4.58366320735835,3.41214845632974,13.2618446864171,2.78174495895701,31.4027516918225,0.578162980317645,0.644596813579174,55.9266,0.008,-0.148984815509548,1,0
43,2011,35,43.269155661244,32.3600340639139,6.2537415078654,4.65538008946474,21.0310440731168,3.91173299632513,31.4027516918225,0.616302417925194,0.469336798585226,51.6242,0.003,0.371512523620181,1,0
43,2012,35,37.9339182041009,31.4013023849288,3.74487444647176,2.78774137270036,10.366720869301,5.86230880019319,31.4027516918225,0.804262229024404,0.546715226946305,49.4575,1e-04,0.573808279438954,1,0
43,2013,35,38.4931821434762,30.612968969998,4.51739544509884,3.3628177283794,16.4943047647936,1.88860689282126,31.4027516918225,0.735096542932063,0.47851680900855,46.8453,0.002,0.206722731982289,1,0
43,2014,35,32.0471725542525,28.1838141656988,2.21470120198965,1.64865718656406,13.1453909417347,-0.719510785537937,31.4027516918225,0.45682082510075,0,43.9823,0,0.392640782623635,1,0
43,2015,35,43.4710568500949,36.5577267669003,3.96312195378129,2.95020812941332,16.5874532738545,6.43358404500325,31.4027516918225,0.937198134724918,0.724397852255271,56.0461,-0.003,0.224169401046,1,0
43,2016,35,51.249867504757,45.1789806194481,3.48018462948508,2.59070225582384,15.5949029480587,1.48220229504242,31.4027516918225,0.802685950390764,0.706298241003706,64.8245,-0.006,0.242043397897964,1,0
43,2017,35,43.4966283653402,38.0460291695709,3.12459973327848,2.32599946249082,15.9303403871244,1.49385419593582,31.4027516918225,0.802144478522647,0.737388118854842,53.7441,-0.007,0.156431723743419,1,0
43,2018,35,40.5459944894192,37.8771770051189,1.52992104172444,1.13889644257589,13.963124666203,2.5331689817625,31.4027516918225,0.706317752318745,0.606179065287471,55.1079,-0.006,0.527068861392532,1,0
43,2019,35,63.5259597824491,53.5258455140246,5.7326457612452,4.26746850717926,25.2712495778872,NA,31.4027516918225,1.5019179771843,1.46931850372799,79.9286,-0.006,0.315120054256534,1,0
43,2020,35,48.937535803921,44.8111751912651,2.36546933770567,1.76089127495024,15.8039852131777,0.078057865440486,31.4027516918225,0.934584134379014,0.277885016477887,70.5888,-0.007,0.349762053179772,1,0
43,2021,35,57.0596053490621,51.6635768066428,3.09331666828363,2.30271187413571,13.1741744828789,6.27806942370109,31.4027516918225,1.04405048983318,0.606485699151844,81.2698,-0.006,0.39019362542495,1,0
44,2010,48,184.059492612998,153.515612549375,22.6301618937223,7.91371816990036,79.9934808079268,-19.6373369212155,73.5468308832246,2.83329123534888,0,194.5934,0.008,0.0150985992572127,0,0
44,2011,48,196.525496673352,151.155740873866,33.6147508660439,11.7550049334415,97.5421951481577,-23.6430430114328,73.5468308832246,2.54834804498585,0,190.8253,0.003,-0.106704210101801,0,0
44,2012,48,234.791260156087,205.730757040286,21.5311181439207,7.52938497188055,68.2683121067728,1.03815791530969,73.5468308832246,5.47964764011859,1.62429631115993,240.5794,1e-04,-0.107637860367514,0,0
44,2013,48,237.681911822352,196.326161850926,30.6407475127662,10.71500245866,71.5433962514299,-21.4246932188006,73.5468308832246,4.11181564265389,0,266.8692,0.002,-0.0253439494245452,0,0
44,2014,48,250.622839414928,209.340875910439,30.5860786334725,10.6958848710162,105.574894539261,NA,73.5468308832246,5.13862254879204,0,283.545,0,0.308166908902745,0,0
44,2015,48,239.452534837594,199.78075189661,29.3930852497139,10.2786976912709,87.8094494173276,-41.7258575829394,73.5468308832246,2.71150750228396,0,243.6969,-0.003,0.325658471562414,0,0
44,2016,48,228.296033874449,190.757912704952,27.8122411914398,9.72587997805726,72.7331981202006,-6.08968603565827,73.5468308832246,3.66894227650466,0,227.8358,-0.006,0.0878704300881262,0,0
44,2017,48,334.18949607699,245.907127390206,65.4089883663018,22.8733803204826,132.722278523357,-35.7976476007823,73.5468308832246,3.5207297188521,0,349.5941,-0.007,-0.314203876416016,0,0
44,2018,48,324.490577187467,245.58990138231,58.4580303247506,20.4426454804063,125.82771962408,-46.459346123688,73.5468308832246,1.91369337509527,0,318.0043,-0.006,0.209538565081387,0,0
44,2019,48,252.924418973579,196.305600459561,41.949255514839,14.6695629991788,109.929648835147,-10.2405813672683,73.5468308832246,3.42517007640649,0,262.7366,-0.006,-0.0296142381498541,0,0
44,2020,48,316.878998988082,259.975439447314,42.1602220167937,14.7433375239745,141.282091773831,-26.277312556402,73.5468308832246,3.79281861805303,0,301.2726,-0.007,0.0348718974467215,0,0
44,2021,48,250.274371640173,226.029823754049,17.9629451975402,6.28160268858405,64.9145766090085,-11.2324734745573,73.5468308832246,22.3423357580147,0,274.8972,-0.006,-0.24247637113138,0,0
45,2010,51,41.9136524555655,36.7729910206968,2.97901946800274,2.16164196686593,16.0304336795306,4.57912587905418,41.2006207925519,0.898596466827488,1.81755204602439,41.3057,0.008,0.109696399083638,0,1
45,2011,51,45.7667511844099,39.6333741491278,3.55429934925736,2.57907768602468,18.281342184521,8.28647824305428,41.2006207925519,0.863461455580238,1.38959113289849,43.9557,0.003,0.219589938527369,0,1
45,2012,51,50.2478820635332,41.017768773972,5.34886172331171,3.88125156624951,21.7532408621717,3.72162491857378,41.2006207925519,0.564515241934249,0.761452392533155,52.1742,1e-04,-0.0386146524882006,0,1
45,2013,51,47.2706145111726,43.5210647068875,2.17286860936725,1.57668119491777,12.6291731529767,4.7458001837349,41.2006207925519,0.777030274664858,1.11908766235835,48.7467,0.002,0.512094317200704,0,1
45,2014,51,48.3160378420122,41.4183142445119,3.99723909893714,2.90048449856318,14.9044461153873,3.98170898879041,41.2006207925519,0.72982136211483,1.17601707881808,51.5585,0,0.341775582139384,0,1
45,2015,51,49.1542215068976,43.7427751572728,3.13593965092481,2.27550669870001,19.0688548753033,3.0285018379613,41.2006207925519,0.916419329440887,1.04144655913395,45.7168,-0.003,0.083771154550858,0,1
45,2016,51,55.6213857872918,53.6833155450022,1.12311403022502,0.814956212064638,12.1367155251065,NA,41.2006207925519,0.849421939611883,1.15209050879783,52.8761,-0.006,0.114810075090139,0,1
45,2017,51,68.5600801435755,56.9588023505861,6.72295439738604,4.87832339560332,20.5089160865655,5.08203912466475,41.2006207925519,1.30249516583214,2.28520856903442,74.5671,-0.007,-0.0300214643350335,0,1
45,2018,51,75.1236798791041,67.8262135961944,4.22889046464446,3.06857581826526,28.4292420886145,13.1188732552089,41.2006207925519,2.67161760673767,4.91281289414752,75.0368,-0.006,0.138141217794506,0,1
45,2019,51,65.134178930123,52.8585308306296,7.11375279894817,5.16189530054531,23.2154490126042,6.97293847955096,41.2006207925519,1.11533142251414,1.82879684989791,69.4699,-0.006,0.188427691505332,0,1
45,2020,51,69.8004810820815,61.7673674695607,4.6551989746021,3.37791463791867,21.6924683648071,3.13262243912097,41.2006207925519,1.24260628259545,2.20513267643241,70.0917,-0.007,0.125436643440557,0,1
45,2021,51,68.425958098154,58.6289114097755,5.67740030799303,4.11964638038546,29.2205522429844,7.08501394637084,41.2006207925519,0.949307325675365,1.57133399321853,71.223,-0.006,-0.0322606791690358,0,1
46,2010,36,49.2162666370673,39.1356482209862,6.56057860129311,3.52003981478801,22.9484066713846,7.04651609039525,21.2998127794269,1.39282389828099,0.732754357439852,48.7323,0.008,-0.155147982276537,1,0
46,2011,36,49.2791431827497,36.9062112128675,8.05244176164553,4.32049020823668,26.0640413608119,15.4502278687113,21.2998127794269,2.14682380670621,0.882869922941114,46.0421,0.003,0.0809238998202722,1,0
46,2012,36,47.3965205762002,40.8791141902684,4.2416005751458,2.27580581078597,14.2358671265817,11.5517454377581,21.2998127794269,1.25864874785705,1.08461214120066,47.0821,1e-04,0.104678253573003,1,0
46,2013,36,63.9436781970765,45.8888839574407,11.7502609314472,6.30453330818866,31.8283961490974,11.6997448054542,21.2998127794269,1.14732599010714,0.127354311992614,63.6644,0.002,0.202074920352797,1,0
46,2014,36,74.8850238784763,56.2367532325138,12.1365019784754,6.51176866748711,30.7113005265173,21.7839712332034,21.2998127794269,2.6056706830319,1.09810069552582,70.8741,0,0.313081396548067,1,0
46,2015,36,63.8271402555102,49.4189708168681,9.3769969461564,5.03117249248569,25.1051100806947,11.9658838515577,21.2998127794269,2.02242153275739,1.20638485947616,57.9437,-0.003,0.293165636918326,1,0
46,2016,36,66.1010711606827,52.8303971309393,8.63670228062424,4.63397174911913,32.2635817919221,19.739645303332,21.2998127794269,1.71054959811429,0.82159639658247,63.8769,-0.006,0.160131965145064,1,0
46,2017,36,69.762914664818,49.0689087822249,13.467889227093,7.22611665550011,29.0659323486634,16.7631078210269,21.2998127794269,1.4456687145686,0.459322519144779,65.6409,-0.007,0.162014888948728,1,0
46,2018,36,67.120628893607,49.0139163528315,11.7840499393645,6.322662601411,36.5121487894801,7.31268183570543,21.2998127794269,1.68968734810563,0.771149308578442,68.6804,-0.006,0.361748612129104,1,0
46,2019,36,88.0972907762316,66.345487089436,14.1563158049382,7.59548788185748,43.936130960341,10.1282125527217,21.2998127794269,2.1764454439671,1.03967110704526,81.8225,-0.006,0.455549724938793,1,0
46,2020,36,70.7183584140856,57.0369220481063,8.90403097833863,4.77740538764068,30.2860093429086,16.656973128624,21.2998127794269,2.48667745263283,1.63073178688732,73.6388,-0.007,0.054792168208667,1,0
46,2021,36,68.7876656362457,50.6558247544298,11.8004037432395,6.33143713857638,27.2735488168143,15.2520385728234,21.2998127794269,1.6822869551952,1.15649366096014,60.097,-0.006,0.0269128796509007,1,0
47,2010,48,18.8447451364485,17.6049225092722,0.67153049971513,0.568292127461211,3.82593443110597,3.68440376709718,9.96502283557418,1.63882684586599,0.0281665184838588,20.5926,0.008,-0.100602430147942,1,0
47,2011,48,21.5629337522906,17.9958515132665,1.9320542035535,1.63502803547057,8.59333189217118,1.82176908477654,9.96502283557418,3.72207846236735,0.365656733036836,22.0103,0.003,-0.227747328224667,1,0
47,2012,48,23.5305622961992,20.0842787964513,1.86662545917269,1.57965804057523,8.95987249186122,1.8159667524871,9.96502283557418,2.53170554684004,0,26.1491,1e-04,0.275920350127171,1,0
47,2013,48,18.0475073717668,15.93126212892,1.14623107717049,0.970014165676323,6.13899513468801,0.897432998277376,9.96502283557418,1.58210971480349,0.0869381942830602,18.3853,0.002,0.295140233091311,1,0
47,2014,48,23.9692455869146,21.309130539822,1.44080963495741,1.21930541213527,5.60673622060087,2.51022662658267,9.96502283557418,4.01935370639466,0.196141156739384,26.2234,0,0.128515145577155,1,0
47,2015,48,19.3153416066547,17.7483393810996,0.848742202728075,0.718260022827054,4.78643511187008,4.04454126837815,9.96502283557418,2.03837731915836,0.360642296939425,20.2318,-0.003,0.188657672055736,1,0
47,2016,48,25.3083713025901,21.7728742947257,1.91494655799249,1.62055044987193,8.71691943586465,1.20519520015573,9.96502283557418,1.73039991443491,0.419766334068213,24.4851,-0.006,0.287734874605428,1,0
47,2017,48,28.8573710150658,25.6899279831744,1.71559588880025,1.45184714309118,7.38047890345843,0.908691771186733,9.96502283557418,3.31157913107852,0.339502659412566,30.1812,-0.007,-0.23092491811726,1,0
47,2018,48,27.7588410996432,24.0565112066082,2.00530897620605,1.69702091682899,7.2795279766932,4.1540684012421,9.96502283557418,2.69170675289949,0.595606432280914,29.1948,-0.006,-0.0220943088030667,1,0
47,2019,48,24.7647690441718,21.293779027667,1.88000735685731,1.59098265964746,8.95911949920013,0.240812062685121,9.96502283557418,2.05818236784622,0.35366321801009,24.6156,-0.006,-0.0411679826504129,1,0
47,2020,48,29.1588318644101,23.5251170592963,3.0514133517201,2.58230145339368,9.27280767335479,2.88732353413497,9.96502283557418,5.45652455820654,1.19401099514908,31.4809,-0.007,0.162442918957752,1,0
47,2021,48,23.8773985756225,21.60611791491,1.23020358206824,1.04107707864428,5.64877039556768,2.4591238832838,9.96502283557418,2.67293146238297,0.684249893842489,22.2638,-0.006,-0.305322463472369,1,0
48,2010,28,334.025882432636,291.205291354259,33.5567674087801,9.26382366959718,86.8088628020445,34.1528469528767,11.0837311227685,33.7524506891109,7.91423522590143,318.9579,0.008,-0.193907950366842,0,0
48,2011,28,377.003963382863,316.047329929325,47.7692511782156,13.1873822753231,173.576524757459,46.2028597802805,11.0837311227685,33.4305324529696,3.22375897143584,380.8727,0.003,0.109101488972143,0,0
48,2012,28,296.36499086414,283.50612817104,10.0769712343291,2.78189145877034,64.8786093386158,38.8531713459801,11.0837311227685,19.8847503274233,0.964006661515649,267.1833,1e-04,0.00224573452861132,0,0
48,2013,28,420.271583465166,329.72590083777,70.9569937097636,19.5886889176332,182.170337827398,62.5538260313368,11.0837311227685,21.6260757323482,2.39355858684885,444.045,0.002,0.218579108404438,0,0
48,2014,28,398.42992208205,361.290885784475,29.1043624442932,8.03467385328162,124.228238828865,43.6171124341066,11.0837311227685,31.2297993098445,5.58188190498823,414.342,0,0.3850685409032,0,0
48,2015,28,399.340430055805,345.551579231381,42.1521494880113,11.6367013364126,122.135766882807,35.7010980131449,11.0837311227685,33.0039116051781,6.10922135717234,380.3539,-0.003,0.029577036115601,0,0
48,2016,28,458.88494094552,373.088793423333,67.2349749143281,18.5611726078584,179.539522360825,26.1855152404793,11.0837311227685,32.3347486992227,4.09797270159164,461.1443,-0.006,0.339501525297257,0,0
48,2017,28,546.717451185105,421.24655104154,98.3264758064951,27.1444243370699,243.228557046388,67.2074194226735,11.0837311227685,41.9428661160712,7.67694484409654,535.0011,-0.007,0.0346021763772164,0,0
48,2018,28,414.808850194085,337.951950007001,60.229647895732,16.6272522913514,166.652243068391,5.2732749022061,11.0837311227685,19.6936406547734,3.2586521647609,415.7954,-0.006,-0.228395468310683,0,0
48,2019,28,543.969623204105,509.967655452869,26.6459685523872,7.35599919884892,108.227836621871,95.6753518990741,11.0837311227685,49.638859484425,13.2113608093888,596.326,-0.006,0.0440061704679038,0,0
48,2020,28,537.698798478953,438.312974112766,77.8846556760886,21.5011686900984,249.17392207736,15.3264484337207,11.0837311227685,20.9596952262509,3.89859280104646,556.6718,-0.007,0.513672186872498,0,0
48,2021,28,509.185986714429,427.11309226095,64.3172118922823,17.755682561197,170.179242790513,65.1663394930646,11.0837311227685,30.6641970299716,7.45808675793822,526.6988,-0.006,-0.29800176652817,0,0
49,2010,73,87.8194382345627,86.0774564564735,1.09891685526784,0.643064922821355,22.915009944721,NA,62.3152498957518,1.00952637738934,0.705070112312507,98.6264,0.008,-0.194145235014632,0,0
49,2011,73,97.131697840504,90.6994419235383,4.05774304499519,2.37451287197041,20.6435748334995,3.01062693987319,62.3152498957518,0.737643287661245,1.10714996037429,111.6672,0.003,0.224656033933012,0,0
49,2012,73,120.483774786305,104.75544715833,9.92210398119994,5.80622364677506,46.9202344205372,9.53118039874968,62.3152498957518,1.73790373778385,1.41547220510018,148.5111,1e-04,0.113665955960975,0,0
49,2013,73,105.834710099612,105.834710099612,0,0,16.1212419529412,0.14787291105237,62.3152498957518,1.26572561139576,1.54130761333428,116.6174,0.002,0.137999178708064,0,0
49,2014,73,145.400665980719,131.203959678903,8.95589152572332,5.24081477609334,46.3084146380477,6.42490323872935,62.3152498957518,2.01697988940215,4.15832270463665,170.62,0,0.0839536128870971,0,0
49,2015,73,107.830272154699,95.1818361970991,7.97917615523443,4.66925980236533,24.8743883260347,NA,62.3152498957518,0.96255170552296,1.7002002167268,128.5654,-0.003,-0.0885344134268898,0,0
49,2016,73,130.372948898529,112.194938496611,11.4674689925941,6.7105414093239,36.8057484565881,-3.83208869927867,62.3152498957518,1.06331074145352,0,144.0485,-0.006,-0.0267151775602458,0,0
49,2017,73,148.375325999777,136.927990987999,7.22147013853324,4.22586487324445,51.6476588386549,28.5080192182802,62.3152498957518,1.55146812770015,0.715774844565291,175.0863,-0.007,-0.28089791426882,0,0
49,2018,73,151.775637246598,127.408450580888,15.3718669616506,8.99531970405963,53.8876421501988,10.8418194253819,62.3152498957518,1.73289153005066,3.656230453071,179.6521,-0.006,0.233696703663657,0,0
49,2019,73,162.180862545208,140.683740965905,13.5613067486572,7.93581483064656,48.4237858140718,37.2276152932689,62.3152498957518,1.40681208582141,1.54960756181341,177.8659,-0.006,-0.0784807466454351,0,0
49,2020,73,150.727721038066,140.86365870693,6.22267379225331,3.64138853888318,44.5987270518891,16.0586446115505,62.3152498957518,1.79733605998712,2.59700995797526,173.9909,-0.007,0.51583002946782,0,0
49,2021,73,136.859899766659,126.719797405681,6.39681168814694,3.74329067283108,36.0210010302362,13.8024450171643,62.3152498957518,1.40813956778176,1.79143654890382,155.2258,-0.006,0.00946705052233053,0,0
50,2010,51,9.39437202255877,8.40864399418285,0.492440862384714,0.493287165991213,2.38000855706124,0.907701566974721,4.64894701947368,0.930809259417518,0.138437973136041,5.421,0.008,0.108521568373903,0,0
50,2011,51,9.6018172169256,9.17281636516876,0.214316265056377,0.214684586700463,3.09637372603076,-0.13756529377471,4.64894701947368,1.24298389563451,0,6.0943,0.003,0.103160151929349,0,0
50,2012,51,9.28564922423599,8.53944966822875,0.372779450612473,0.373420105394764,1.93868453382585,-0.0147517968531329,4.64894701947368,1.3477310538949,0,5.581,1e-04,0.125934226062083,0,0
50,2013,51,10.7996088542125,9.64111633884527,0.578748941808641,0.57974357355861,4.02387247887528,0.310904038331333,4.64894701947368,1.35925813832322,0.197925140070862,6.3803,0.002,0.197137435408454,0,0
50,2014,51,12.407002859115,11.3633714166694,0.521367712731533,0.52226372971408,4.24004796823997,0.501266827891409,4.64894701947368,1.41591313089162,0.246817711034057,7.1097,0,0.481731780075536,0,0
50,2015,51,13.39902128272,12.1703205685008,0.613822902367624,0.614877811851597,4.83288437809889,0.230274572936358,4.64894701947368,2.02814770893303,0.191560841689917,7.3112,-0.003,0.296541061812496,0,0
50,2016,51,13.5638622393239,11.7311137839097,0.915587468285156,0.917160987129069,4.37137050139604,1.64219210342945,4.64894701947368,1.89375589621223,0.248034177520944,8.7092,-0.006,0.406634419104389,0,0
50,2017,51,15.2823366460095,13.2428977255943,1.0188439730225,1.02059494739261,6.57339468591058,2.15794353592975,4.64894701947368,1.70218867992135,0.184937587379702,9.6916,-0.007,-0.267044412367538,0,0
50,2018,51,15.4681999837775,11.9682934465735,1.74845083413753,1.75145570306646,6.1866968576964,1.72194905480551,4.64894701947368,2.80717564647322,0.265437859751815,8.6023,-0.006,0.349016784325267,0,0
50,2019,51,15.4779024478264,13.0463594984102,1.21472766571198,1.21681528370417,5.80519224350773,0.708396146332773,4.64894701947368,2.17683415225914,0.217186369328661,9.0625,-0.006,0.264297938879368,0,0
50,2020,51,16.4536835040453,14.7727948923479,0.839722736585542,0.841165875111842,5.49272379199325,1.360650465252,4.64894701947368,1.60054187524377,0.232793688405539,10.3126,-0.007,0.238567063541062,0,0
50,2021,51,15.4588195343847,13.0585861190067,1.19908633920122,1.20114707617673,5.829059548966,1.29838374864764,4.64894701947368,1.61838846890403,0.278489824986968,9.5072,-0.006,-0.111354500917124,0,0
51,2010,37,19.6706695485689,10.8314810754466,4.3034922401357,4.53569623298653,14.669608170197,0.334845219421384,48.5547029859776,0.232619076817589,0.167020046385524,17.3549,0.008,0.0899049268505857,0,0
51,2011,37,25.5117032385709,13.4175762140211,5.88820817200895,6.20591885254088,16.7233373461347,0.522626091124442,48.5547029859776,0.231649633840749,0.403191953164389,21.849,0.003,0.170079179871741,0,0
51,2012,37,21.1788594160634,12.551987960722,4.20012249739892,4.42674895794248,11.8048759909184,0.178578666065365,48.5547029859776,0.126376976408592,0.241608371970422,18.9069,1e-04,0.32821890509997,0,0
51,2013,37,22.8747444921903,13.1125989088207,4.75284783131981,5.00929775204979,14.5540937648546,2.09450289590026,48.5547029859776,0.136201654336089,0.298718747675591,19.3983,0.002,0.247086999779418,0,0
51,2014,37,24.8083870179252,14.4915089525866,5.02292770785646,5.29395035748219,16.7857135445258,2.55634329099232,48.5547029859776,0.253986908421564,0.38140571472779,20.9716,0,0.191125285141344,0,0
51,2015,37,29.1459466488859,16.3824722202866,6.2140900522337,6.54938437636564,16.5805819949466,2.55533350006527,48.5547029859776,0.247997780555356,0.47326116250003,27.0171,-0.003,0.0167410879201698,0,0
51,2016,37,27.9695078377092,16.9324069037909,5.37357907540286,5.66352185851541,15.5089839482906,3.08503416119998,48.5547029859776,0.285653291734296,0.360509994601018,24.0764,-0.006,0.180659937391352,0,0
51,2017,37,30.4189994577563,18.2456690984726,5.92676951024225,6.24656084904142,18.4921363014576,5.8045600072671,48.5547029859776,0.30188706471447,0.47993729985227,28.8239,-0.007,0.252848548610458,0,0
51,2018,37,30.5586273335785,19.5763705214752,5.34687738741807,5.63537942468517,17.9634113794003,1.60292705295924,48.5547029859776,0.282001776276619,0.330908700192966,27.1869,-0.006,0.380847329196882,0,0
51,2019,37,32.8310966869002,17.7393363848494,7.34765115002943,7.74410915202133,23.6522993185551,3.02401695983332,48.5547029859776,0.315135570779344,0.609404734067919,30.5905,-0.006,0.224763175609083,0,0
51,2020,37,27.3566117243898,17.0805903595317,5.00303600693729,5.27298535792083,13.3465826582364,2.93728171552574,48.5547029859776,0.331526709210951,0.564550894716042,25.6282,-0.007,0.710966503144209,0,0
51,2021,37,30.53727715827,17.4710252099569,6.3615018548599,6.70475009345319,20.7258018326823,4.41858362205896,48.5547029859776,0.230911112782514,0.508313925573169,25.8686,-0.006,0.436152673260109,0,0
52,2010,28,13.3020407691303,13.3020407691303,0,0,3.05290487601386,0.553900592643667,6.42717709849749,0.828766565272295,0.142584029982841,11.3269,0.008,0.0328094708078542,1,1
52,2011,28,17.6062322136278,16.56317588336,0.775192914574277,0.267863415693494,3.11085909547947,1.39876232568473,6.42717709849749,1.08443766632423,0.10141164680244,16.6948,0.003,0.517265010151158,1,1
52,2012,28,14.9503681306894,14.9503681306894,0,0,1.55455203810425,1.07268239217984,6.42717709849749,2.22068207022538,0.138644737702969,14.6775,1e-04,0.614708900086438,1,1
52,2013,28,16.1766187623924,15.4768433789574,0.520068670589518,0.179706712845522,2.87319651951668,0.777396859156831,6.42717709849749,1.11042093481251,0.194649050396691,14.9264,0.002,0.511453406360011,1,1
52,2014,28,17.4431270936261,17.4431270936261,0,0,4.2874199447561,1.57219624728708,6.42717709849749,1.28191143168983,0.167132868838865,16.2238,0,0.292907538466248,1,1
52,2015,28,16.2422454106274,14.9686111474195,0.946556986375145,0.327077276832736,5.87925761819846,2.19307269776552,6.42717709849749,1.76410758966025,0.177101096756926,15.0258,-0.003,0.171242176103744,1,1
52,2016,28,17.1589555820265,15.9575149048201,0.892903166612865,0.308537510593489,5.8179684265642,0.181381651825946,6.42717709849749,1.87763915178298,0.0963583393220337,16.8867,-0.006,0.244009777686654,1,1
52,2017,28,18.7433666069437,18.7197422844017,0.0175574481595271,0.00606687438243057,4.71549831843189,-0.897927710302212,6.42717709849749,1.54353049214686,0,17.2021,-0.007,-0.351902922567363,1,1
52,2018,28,17.1922938087499,17.1922938087499,0,0,3.98043921771299,NA,6.42717709849749,1.27828982301272,0,16.1608,-0.006,0.174898045407962,1,1
52,2019,28,19.2017640293808,18.823795503874,0.280903834627742,0.0970646908790566,4.53168679259147,1.39929833672202,6.42717709849749,1.56683041710481,0.164847845672416,18.8302,-0.006,-0.00715167399456373,1,1
52,2020,28,23.4098784564464,21.030517914827,1.76832581286132,0.611034728757988,8.98737655377437,3.03757777165594,6.42717709849749,1.64486678693251,0.106693953380293,23.6105,-0.007,0.331762279372077,1,1
52,2021,28,20.6695376881913,19.8923331556549,0.577613527969781,0.199591004566554,4.34670145060244,0.685999276945917,6.42717709849749,1.44921161979523,0.233507916438819,21.1963,-0.006,-0.182429309662702,1,1
53,2010,38,431.475008346385,239.309479574626,96.4929867973105,95.6725419744485,252.956382031152,69.1140727996355,29.9096444404864,4.92907097527767,1.72994840723939,213.8154,0.008,-0.110123501740764,0,0
53,2011,38,606.365924055183,300.536083218579,153.567785974354,152.26205486225,420.476509716326,75.4043972073908,29.9096444404864,8.04809007832607,2.81545287207145,295.4518,0.003,0.169469880267342,0,0
53,2012,38,435.909753493672,242.295719711183,97.2203314765022,96.3937023059867,315.878222252967,95.1414081167501,29.9096444404864,6.02859082148444,3.27281022257446,234.7743,1e-04,0.350052079132612,0,0
53,2013,38,433.84043401604,273.029773900076,80.7486181450715,80.0620419708927,235.257615014053,87.0054703422641,29.9096444404864,6.32066332209574,3.74584976487465,206.6635,0.002,0.237653348047647,0,0
53,2014,38,706.686751094827,358.412885901939,174.880404881671,173.393460311217,505.117550622835,42.069862346083,29.9096444404864,8.10515628704075,2.76780554596598,339.6498,0,-0.412412659979176,0,0
53,2015,38,514.076734509563,282.371395072394,116.347299133614,115.358040303554,324.276854438575,75.3522552399538,29.9096444404864,8.82620606360914,3.84506593184447,252.5666,-0.003,0.0394207088899564,0,0
53,2016,38,622.265781077579,319.720468792491,151.918510101711,150.626802183377,460.459453756796,78.9391323254822,29.9096444404864,5.70468684360304,2.24851617039172,274.242,-0.006,-0.0198448483665416,0,0
53,2017,38,586.378009678613,336.918467618421,125.262300956522,124.19724110367,383.781566016594,111.429338568664,29.9096444404864,8.38957334297999,3.42582412979479,276.6454,-0.007,-0.380080311688365,0,0
53,2018,38,534.245146272544,332.237653208125,101.43497892577,100.572514138649,349.541394089982,74.3179959267365,29.9096444404864,10.571193123676,2.04262708783533,289.8128,-0.006,0.229681919342905,0,0
53,2019,38,694.296719019694,384.819526162738,155.399248113242,154.077944743714,464.609141641096,125.445632978223,29.9096444404864,15.8357102337553,3.37467611927224,354.2152,-0.006,-0.194512499393629,0,0
53,2020,38,663.171167801245,330.651313586136,166.969768759783,165.550085455325,528.288742035815,96.426878806824,29.9096444404864,8.37502457116751,4.29648145445078,369.2517,-0.007,0.0359192804530083,0,0
53,2021,38,681.013586300687,344.182599581224,169.134538135867,167.696448583596,466.3180315707,92.1849488254752,29.9096444404864,12.5716744950195,0.283803811640069,342.7176,-0.006,-0.103817423666243,0,0
54,2010,73,54.7662634806656,27.4170238844265,20.8645881962388,6.48465140000036,37.2839176206123,7.82261824441074,45.0255554086815,2.8723356462456,4.71737442190603,69.632,0.008,-0.442877002215922,0,0
54,2011,73,45.8537878628096,22.2224068706747,18.0282538084576,5.60312718367723,28.5900773516633,5.54688981936216,45.0255554086815,2.45587100079608,4.19625689026382,56.8482,0.003,0.277028209157486,0,0
54,2012,73,59.1221977056866,27.2604149802438,24.3071831458091,7.5545995796337,38.7938804607902,7.04036688159455,45.0255554086815,2.31079606409762,2.2851723528633,73.3641,1e-04,-0.252942524842725,0,0
54,2013,73,72.0117591625364,27.4635090669361,33.9856210567394,10.5626290388609,61.8053197844166,5.94470499448154,45.0255554086815,3.64109142038076,5.96318973107025,90.3502,0.002,0.256310394511375,0,0
54,2014,73,69.4174279998794,28.7919327471528,30.9929724273926,9.63252282533396,54.1629646390648,6.5435666218841,45.0255554086815,1.53199897473471,2.28691425011457,74.5723,0,-0.248522199022207,0,0
54,2015,73,70.8008586189116,33.4271925436974,28.5121693895399,8.86149668567422,49.0702699376017,11.8730103435977,45.0255554086815,1.24040530247904,2.06200755923639,84.0903,-0.003,0.219456720110292,0,0
54,2016,73,67.0268491693011,33.0406786513559,25.9278671982379,8.05830331970729,42.268606283272,9.04665042076373,45.0255554086815,2.69091455663771,6.03705988105426,79.5646,-0.006,0.615949448093113,0,0
54,2017,73,55.8785323024343,28.7372199171826,20.7059616422251,6.43535074302657,40.893426412472,5.1674346054464,45.0255554086815,6.38242430467426,7.39001226352858,63.1859,-0.007,-0.132841990099537,0,0
54,2018,73,64.6831969209205,34.2070978852402,23.2500524912107,7.22604654446953,40.052028643153,14.5973259993874,45.0255554086815,1.32264070905324,1.73511093729367,77.3841,-0.006,0.270742621100986,0,0
54,2019,73,85.5624746440882,36.4758888765188,37.4478929988433,11.6386927687261,59.5947198217343,2.7440017947686,45.0255554086815,1.74066771491565,2.72948950978253,105.2834,-0.006,0.297027273184568,0,0
54,2020,73,82.2581083859408,38.2892267071584,33.5436239990781,10.4252576797043,68.196333024156,11.2050192408,45.0255554086815,2.66592398707751,6.98925221472545,98.4859,-0.007,0.0493689919657328,0,0
54,2021,73,81.1465271902672,40.6547640968894,30.8909488803179,9.60081421305998,55.5603803234763,15.5176144762522,45.0255554086815,4.67304596739861,9.81345677937945,93.2288,-0.006,-0.0270754172303554,0,0
55,2010,73,36.7540545605513,31.4919030029968,3.50111167294429,1.76103988461022,12.1265943610006,NA,79.2293756058036,0.419081222143354,1.37426929646975,38.9771,0.008,0.0253377872786342,0,0
55,2011,73,42.5628113784594,41.9518025141827,0.406527680473311,0.204481183803409,5.82709473376226,1.97673681575356,79.2293756058036,0.37788607977505,1.47976468765918,46.5666,0.003,0.257743029623471,0,0
55,2012,73,42.529755718499,42.529755718499,0,0,10.9426187766444,4.20312080941118,79.2293756058036,0.38494577411995,1.04673031920213,40.0234,1e-04,0.286644488120445,0,0
55,2013,73,51.0833007297818,49.5696757128751,1.00707289731032,0.50655211959635,14.7632961784968,4.42756472216768,79.2293756058036,0.674505265985928,2.01918656142531,52.6022,0.002,-0.341782423571614,0,0
55,2014,73,47.624923667466,42.3138139076175,3.5336854465544,1.7774243132941,14.8547971806537,0.0852255033530594,79.2293756058036,0.493494295993479,1.25259210651403,51.1763,0,0.559991225833744,0,0
55,2015,73,50.458785132894,47.0971745984502,2.2366086862582,1.12500184818556,10.5383977165726,3.5079730270513,79.2293756058036,0.33060555343159,0.856005538470816,49.3874,-0.003,-0.1127621604626,0,0
55,2016,73,44.4164450072808,38.9395383987089,3.64399646212551,1.83291014644642,12.9155901687661,6.89615773491326,79.2293756058036,0.450851739070302,1.78612929049968,47.5981,-0.006,0.256074662860217,0,0
55,2017,73,57.8507109255984,57.8507109255984,0,0,14.8373536191438,-1.14007828928291,79.2293756058036,0.487665653076347,0,59.3634,-0.007,-0.398463764525486,0,0
55,2018,73,54.3319367000856,51.9252819225888,1.60123991908681,0.805414858409969,18.2734560486953,8.46909545703111,79.2293756058036,0.571873990813796,1.82391034363656,53.6085,-0.006,0.502561079546789,0,0
55,2019,73,60.6228228346577,53.6099004013045,4.66596682446686,2.3469556088864,21.6300219854635,-2.37196747827361,79.2293756058036,0.633914216340507,0,62.6974,-0.006,-0.312451428118769,0,0
55,2020,73,58.1816929114911,50.2700168696952,5.26394214220587,2.64773389959007,22.6147173804627,-0.492355207493991,79.2293756058036,0.690291736445321,0,62.4141,-0.007,0.151460197840825,0,0
55,2021,73,73.9620222959768,67.0886089833195,4.57314604467582,2.30026726798147,26.03624256442,1.64832745229697,79.2293756058036,0.50063729933303,1.18514786691863,70.8576,-0.006,0.0461559625285898,0,0
56,2010,51,20.4746775948333,14.8089371029136,4.65241791773518,1.0133225741846,10.2927607178628,0.723661562820315,39.9210486776279,0.18541374886284,0,27.3427,0.008,-0.101613838426988,1,0
56,2011,51,25.0175332744678,16.7756331922654,6.76782914312915,1.47407093907327,11.7186452499053,-1.33833995244811,39.9210486776279,0.216399128764677,0,35.2553,0.003,0.280558387383146,1,0
56,2012,51,21.4132342077096,15.46556680007,4.8839219613915,1.06374544624812,11.4503920878719,-0.371306781164876,39.9210486776279,0.217449913218018,0,29.9054,1e-04,0.172821956406421,1,0
56,2013,51,22.892203982152,16.498221825094,5.2504129328903,1.14356922416774,9.29898252750035,0.756054778042017,39.9210486776279,0.212362942715776,0,28.3431,0.002,0.209575417170353,1,0
56,2014,51,20.8750249075108,15.2508793739179,4.61826225358447,1.0058832800085,7.95418015471001,2.55874271049771,39.9210486776279,0.235617557369425,0.0876756025125797,26.1524,0,0.263919431022527,1,0
56,2015,51,23.1205419025076,16.0282777130346,5.82380662147756,1.26845756799548,11.0616542312347,0.536511311784405,39.9210486776279,0.238469956223483,0.117389956282701,30.2448,-0.003,0.336899815377496,1,0
56,2016,51,19.6279763107122,15.7396825504299,3.1928690672569,0.695424693025465,8.69186665945452,0.764349219491949,39.9210486776279,0.23121014336369,0.0622760376620797,25.8057,-0.006,0.224544784420559,1,0
56,2017,51,28.9641842887929,21.6762252142478,5.98450130755025,1.30345776699485,10.1879366377157,1.1593726705777,39.9210486776279,0.290015693293109,0,39.1364,-0.007,0.0417548202645671,1,0
56,2018,51,26.4861147890697,19.1478819038002,6.02578360386098,1.31244928140855,12.3983562748099,-2.47648237669325,39.9210486776279,0.216642599602184,0,34.5876,-0.006,0.131223065271801,1,0
56,2019,51,31.3115574160513,23.938676353052,6.05423492511661,1.31864613788264,15.0468427191829,-0.0779344483280328,39.9210486776279,0.307040252902855,0,41.4888,-0.006,0.439845590174696,1,0
56,2020,51,30.9919415815193,23.4254190639627,6.21324343849338,1.35327907906318,14.733480123269,3.80634237735319,39.9210486776279,0.462613775017131,0.0362543164342518,41.0419,-0.007,0.0665098286919663,1,0
56,2021,51,28.5000150765076,21.3549495490638,5.86716439460634,1.27790113283739,11.1508791281958,1.26527430244044,39.9210486776279,0.23005827010935,0,37.1593,-0.006,0.0299514154286588,1,0
57,2010,51,78.844590823098,78.844590823098,0,0,14.8693805247236,4.12940211469368,60.2106265028619,1.44787915519726,3.03259506245995,39.3241,0.008,-0.356210770321162,1,0
57,2011,51,61.7029135694275,59.2010319948254,1.16171777606776,1.34016379853442,9.77004459647445,0.68272458112954,60.2106265028619,0.821049690344914,2.63243609367496,27.1937,0.003,0.59805577139212,1,0
57,2012,51,77.8278393132731,77.5869457357173,0.111855954345724,0.129037623210058,10.0907510986636,4.96354791159737,60.2106265028619,0.885864627526994,2.50944993442912,34.4553,1e-04,0.209976881069135,1,0
57,2013,51,80.8850783735291,76.3353658862559,2.11260274112021,2.43710974615296,26.4620931174464,4.97130394422039,60.2106265028619,2.3761229147823,7.01796442744033,35.9396,0.002,-0.208669904950541,1,0
57,2014,51,84.2467958561522,82.5817694752784,0.773134413682417,0.891891967191413,20.3456497697922,-0.904920083333432,60.2106265028619,0.909492545794828,0,39.6803,0,0.514444872733324,1,0
57,2015,51,88.6773057707134,81.4554212871168,3.35339276905469,3.86849171454191,16.8120047599092,4.82036079117326,60.2106265028619,2.18893143585064,4.43973628037656,41.2767,-0.003,-0.167465595390644,1,0
57,2016,51,68.8504188470224,68.8504188470224,0,0,8.65109765475144,-0.620731435283878,60.2106265028619,0.975912265332387,0,29.0107,-0.006,0.118878748344663,1,0
57,2017,51,97.626394329135,89.3620599253064,3.83744150073236,4.42689290309622,27.3972406803374,7.10939414981168,60.2106265028619,0.883784818559151,2.00885515734416,47.9089,-0.007,-0.0204961400249684,1,0
57,2018,51,80.3495235288739,72.2518388268135,3.76005977216224,4.33762492989819,17.6823609468024,-0.890992348012883,60.2106265028619,1.26080432546542,3.55458362267753,36.6699,-0.006,0.240136302144232,1,0
57,2019,51,92.931450462832,88.4757524472986,2.06894828355654,2.38674973197679,15.0831669680106,11.8173199329491,60.2106265028619,1.1002447973427,2.32640300247293,44.6552,-0.006,0.0955279597426422,1,0
57,2020,51,105.060280890532,94.0537951876231,5.11072555268247,5.89576015022633,40.3996899748003,11.179494948712,60.2106265028619,2.00417828850751,3.61707321185451,51.9415,-0.007,-0.234627689285773,1,0
57,2021,51,94.2312932232734,90.3016996848975,1.82465817430955,2.10493536406636,24.854960080673,11.727127694947,60.2106265028619,1.26408271710177,4.27785923432559,45.6452,-0.006,-0.0405764519542134,1,0
58,2010,38,94.8806048085024,64.805246948281,22.7103477042383,7.36501015598316,50.0469703577362,14.4988221472557,53.0276373437966,0.453795651506911,0.101679328542023,85.8932,0.008,0.421823577894174,0,0
58,2011,38,96.7026617717632,62.106666708755,26.1239477417557,8.47204732125247,51.6709184685223,18.8571822325223,53.0276373437966,0.383136245037135,0.450846846842485,85.0189,0.003,0.401319211224915,0,0
58,2012,38,119.031950337734,66.947142430333,39.3300090786291,12.7547988287716,72.3886133784756,19.4464707513639,53.0276373437966,0.535481389996103,0.162856618810713,105.7651,1e-04,0.23133445674525,0,0
58,2013,38,110.668308532649,73.4129533437654,28.132069919723,9.12328526916043,69.0296120165155,14.8243558610933,53.0276373437966,0.489268771942003,0.715710625322004,102.3888,0.002,0.071064686805681,0,0
58,2014,38,112.799805636205,67.6358697492586,34.1039562172951,11.0599796696511,77.6002388112167,20.3523255091245,53.0276373437966,0.450594046358469,0.607646747837216,90.8646,0,0.64024483010328,0,0
58,2015,38,143.108066995275,84.8564692978084,43.986643290672,14.2649544067944,89.9345987057562,15.9879970850684,53.0276373437966,0.634650243430411,0.303906870415613,126.5007,-0.003,0.613885373116143,0,0
58,2016,38,118.361265114111,80.4561085153293,28.6227445785606,9.2824120202206,70.3557361938624,21.2344084358814,53.0276373437966,0.671716755542697,0.687519782307391,94.5105,-0.006,0.457140812815369,0,0
58,2017,38,130.299641428019,84.8665502612038,34.3071993514473,11.1258918153681,65.1790717870826,18.4198644486869,53.0276373437966,0.788427964482052,1.0226933804606,110.832,-0.007,-0.382891586141655,0,0
58,2018,38,141.310502169788,86.2459974651025,41.5800222167619,13.4844824879236,72.804998616233,21.291856193254,53.0276373437966,0.651513258804408,1.06043798379146,121.6261,-0.006,0.817042381449815,0,0
58,2019,38,130.877150973494,91.9358264200771,29.4051703318679,9.53615422154919,57.2215369562948,36.1750737413289,53.0276373437966,0.6537717044812,0.515930189501775,114.5529,-0.006,0.164971778135826,0,0
58,2020,38,133.178069889738,87.7095113481793,34.3339812908786,11.1345772506805,71.5985249636677,23.8758961343146,53.0276373437966,0.620025345194016,1.03437690504981,127.7121,-0.007,0.364780334162006,0,0
58,2021,38,139.209392225659,92.2000025699019,35.4974856627826,11.5119039929745,67.8562951288975,28.7906556303234,53.0276373437966,0.759669433155552,0.815263944250943,120.8776,-0.006,-0.0166064936494305,0,0
59,2010,51,4.83384779993915,3.67262361297075,0.819217398761478,0.342006788206921,2.3512266228779,0.282307030625935,36.8964828691537,0.0372718814975588,0.0292107965532783,2.2112,0.008,-0.0302969216738263,0,1
59,2011,51,4.59326460151832,3.62795824887059,0.681001798015012,0.284304554632715,1.73717101155559,0.0897939555261614,36.8964828691537,0.0340040030803293,0.0344679032125731,2.0883,0.003,0.367140467282969,0,1
59,2012,51,4.19525235925379,3.30320182996092,0.629321471574714,0.262729057718155,1.82259283008562,-0.281437536215029,36.8964828691537,0.0334115156133666,0,1.7905,1e-04,0.382268697807447,0,1
59,2013,51,5.0878620777795,4.01827299412924,0.754570906018756,0.315018177631503,2.05838738691428,0.107823720395904,36.8964828691537,0.0469939880855342,0.0331476038107405,2.2759,0.002,0.249955945326486,0,1
59,2014,51,5.10568164969964,3.86532966417223,0.875040270893064,0.365311714634354,2.66875546056897,0.292590456508028,36.8964828691537,0.043386733244373,0.00929156258799567,2.2154,0,0.238048351290019,0,1
59,2015,51,5.19198644174737,4.53948105968075,0.46032778835757,0.19217759370905,1.63969255104525,0.761132890373414,36.8964828691537,0.0463657915642412,0.0404214076127346,2.4366,-0.003,0.210182344857625,0,1
59,2016,51,4.81196981751089,3.65093081390517,0.819086756087675,0.341952247518042,2.23221167444224,0.420090029872697,36.8964828691537,0.0436574547048219,0.0421291440640662,2.1963,-0.006,0.256347128595596,0,1
59,2017,51,4.29075805168634,3.12287679723704,0.823913809296396,0.3439674451529,2.30488757561424,NA,36.8964828691537,0.0385652796089452,0,2.1214,-0.007,-0.188265414212693,0,1
59,2018,51,6.23223798451335,4.68735940191677,1.08987689719171,0.455001685404864,3.28501374086666,0.282624831566587,36.8964828691537,0.0489601566268022,0.0459728577892717,2.714,-0.006,0.541075109424135,0,1
59,2019,51,5.46804904057258,4.35586516410544,0.784620568920916,0.327563307546232,2.02019898663465,0.229008574498832,36.8964828691537,0.0425376307563926,0.0404772464713293,2.6409,-0.006,0.24136016014521,0,1
59,2020,51,6.92949326930237,5.69646048690433,0.869876738634653,0.363156043763385,2.10784129125396,0.107778703271607,36.8964828691537,0.0655700635294428,0.0410421390896392,3.1495,-0.007,0.750139563906216,0,1
59,2021,51,6.52658882508792,5.57163477714623,0.673698481198471,0.281255566743225,2.61982294718073,0.899634942572678,36.8964828691537,0.0550441148719685,0.0491083770379041,2.9676,-0.006,0.0389185270586278,0,1
60,2010,36,51.5775039545329,24.1484122018186,19.6235040389821,7.80558771373226,40.4740511888211,2.45020937245595,28.9492046846576,0.519067316759456,0.171432158408629,49.178,0.008,-0.191945575643556,0,0
60,2011,36,57.0821983130691,28.3297714001304,20.5702533187507,8.18217359418801,41.1641010678365,1.88719380064871,28.9492046846576,0.795317536246203,0.0790520696768158,52.2545,0.003,0.459996921198355,0,0
60,2012,36,55.9549061625726,30.8603650168262,17.9533042497197,7.14123689602677,39.1756167741886,0.444362982877,28.9492046846576,1.19320750615495,0,51.0615,1e-04,0.228245365394118,0,0
60,2013,36,55.9524581210941,28.767546756401,19.4488108747398,7.73610048995338,36.8827860750818,0.559671983640678,28.9492046846576,0.752448104935262,0,49.4236,0.002,0.0824482929613128,0,0
60,2014,36,64.7977835791226,31.6539911808788,23.7119533471158,9.43183905112802,47.2444213038397,0.737975694481999,28.9492046846576,0.720868716048066,0.235404838084048,60.0661,0,0.466118612643565,0,0
60,2015,36,65.7249895690862,33.2314807817198,23.2467231025426,9.24678568482385,39.0970139522773,2.80972610458119,28.9492046846576,1.1119664325519,0,57.4714,-0.003,0.271412849861753,0,0
60,2016,36,53.5157332597973,31.4896016548405,15.7580822000877,6.26804940486908,31.4367183230546,1.48879634852716,28.9492046846576,0.630965452800749,0,50.698,-0.006,0.301019352472597,0,0
60,2017,36,70.2740814003842,36.9024789720295,23.8749347205533,9.49666770780137,52.1678045706327,-2.01534684538883,28.9492046846576,1.03287104205576,0,64.8132,-0.007,0.00468757590418321,0,0
60,2018,36,49.8285437243402,31.9034898109042,12.8240618041782,5.10099210925783,24.4558844594049,2.91304347278705,28.9492046846576,0.981311233453283,0,47.6169,-0.006,0.444000558540383,0,0
60,2019,36,82.3529402063701,46.5595947256062,25.60751431155,10.1858311692139,58.035706885976,5.61063221097811,28.9492046846576,1.30087115963992,0.140823607358036,72.7472,-0.006,0.391259217195377,0,0
60,2020,36,84.516520563277,46.4403383882131,27.2407165879797,10.8354655870841,59.2891773496005,0.321573260476721,28.9492046846576,0.98003375673614,0.011866148429287,71.2127,-0.007,0.651264046645066,0,0
60,2021,36,74.6221668331138,38.7576898801765,25.658403664507,10.2060732884303,44.4152005313915,1.06622498485519,28.9492046846576,0.746355259485865,0.0997381810219567,65.0578,-0.006,0.18267270616121,0,0
61,2010,35,1053.83541416332,679.991840549611,169.687384712735,204.156188900979,586.937001683638,-40.8419683169619,7.14572080316478,82.0529012333942,0,1306.9647,0.008,-0.123582022722066,0,0
61,2011,35,1113.43939618079,702.445377930689,186.549950331629,224.444067918469,557.890319740099,-50.9716861069528,7.14572080316478,101.218955250481,0,1374.8115,0.003,0.530098100851914,0,0
61,2012,35,1289.81842262087,825.688491628884,210.668310800792,253.461620191196,748.042210639407,-75.7258366760384,7.14572080316478,72.67702603205,0,1656.6713,1e-04,-0.242036598855898,0,0
61,2013,35,962.058567396994,643.140401464188,144.756773512007,174.161392420799,457.231581959851,83.4153497679221,7.14572080316478,52.7558586381414,0,1192.2395,0.002,0.248545409313096,0,0
61,2014,35,1224.3427506488,741.580984777477,219.125290019433,263.63647585189,758.182327756956,-17.218908672851,7.14572080316478,49.5235690114617,0,1488.2599,0,0.46811319851941,0,0
61,2015,35,1420.18686682503,834.354614062614,265.908925197523,319.92332756489,949.938125101526,-17.5838781470941,7.14572080316478,64.0853616552578,0,1690.4396,-0.003,0.140672227746098,0,0
61,2016,35,1215.15281486104,737.033770877271,217.01796120425,261.101082779522,834.826010125901,131.123009020315,7.14572080316478,55.4712347979559,0,1612.946,-0.006,0.179651794523721,0,0
61,2017,35,2042.49303055522,894.246661642528,521.188371551404,627.057997361289,1596.21634067257,241.58607520997,7.14572080316478,92.9828812642872,0,2616.6918,-0.007,-0.399249627661595,0,0
61,2018,35,1557.17875099315,951.892395058213,274.739131525177,330.547224409756,792.931584563568,184.455596054248,7.14572080316478,104.339222412119,1.14748455753077,1889.2397,-0.006,0.27039437260189,0,0
61,2019,35,1494.85360155342,914.373646270783,263.479520425978,317.000434856654,979.047096431683,-29.7345225779655,7.14572080316478,109.408015473247,0,1874.4991,-0.006,0.0235425715620709,0,0
61,2020,35,1558.25374683796,918.81466840928,290.241032774312,349.198045654367,965.259089374205,174.77311401487,7.14572080316478,90.9154252426002,10.4438766122037,1887.7198,-0.007,0.379823344877816,0,0
61,2021,35,1612.35597089695,1022.61849606517,267.681503266123,322.055971565666,781.889125411778,84.7639680047888,7.14572080316478,123.889046797613,2.35852640110275,2016.5161,-0.006,0.383771271720016,0,0
62,2010,48,97.4240074660093,82.1687461290574,10.5406618332825,4.71459950366943,32.414541514436,3.72062285906544,71.4873588303851,0.506706414370516,1.18869279729346,95.6883,0.008,-0.13137259256907,1,0
62,2011,48,110.240155807334,87.6317352581767,15.6213459953034,6.98707455385379,39.7908602935104,-0.604513481685629,71.4873588303851,0.45981526744452,0,98.3449,0.003,0.482748268513394,1,0
62,2012,48,87.5814166376764,68.5794256638257,13.1294742574673,5.87251671638343,39.1510522059056,6.12414129495397,71.4873588303851,0.461616133543556,1.41712935160809,86.8156,1e-04,0.102257759548875,1,0
62,2013,48,98.2331049995783,84.0040570229275,9.83159708763119,4.39745088901969,29.4662980082101,14.9524591350574,71.4873588303851,0.52924095632775,1.4311170060557,90.0768,0.002,0.0344254646653342,1,0
62,2014,48,99.3903000984191,86.3208979844267,9.03033681324699,4.03906530074535,28.4298463322889,-1.38646546389687,71.4873588303851,0.697856605170843,0,89.2313,0,0.0939768377890419,1,0
62,2015,48,122.739498305527,91.7912203977705,21.3837917648735,9.56448614288273,50.4056193596748,13.799128012018,71.4873588303851,0.576643606127131,1.33545752889369,117.7189,-0.003,0.351142375116588,1,0
62,2016,48,124.986546930259,108.548847708022,11.3576703139872,5.08002890825024,37.7832552375976,11.1640749325437,71.4873588303851,0.686534400958785,2.30578359250303,117.3276,-0.006,0.211522038189774,1,0
62,2017,48,120.782083616097,103.864846313393,11.6890083770161,5.22822892568847,48.4445729673303,1.41419891138458,71.4873588303851,0.524693832675426,0.923289194151369,117.6487,-0.007,-0.136327689708562,1,0
62,2018,48,146.163047837441,122.499406117833,16.3504537615597,7.31318795804818,65.616238845635,-1.97283762357786,71.4873588303851,0.677488464137129,1.67060735164606,122.8629,-0.006,0.517169042815224,1,0
62,2019,48,157.838311013905,133.696552948245,16.6808094735584,7.46094859210113,60.8889955981981,-14.6064797482118,71.4873588303851,0.586555874929573,0,140.6538,-0.006,0.492736504742236,1,0
62,2020,48,151.584259502763,129.179269256677,15.480785307161,6.92420493892513,62.0203348185326,16.74303952838,71.4873588303851,0.768114150569869,1.80456659212323,146.2895,-0.007,0.295833889249304,1,0
62,2021,48,170.836895381595,130.526399496117,27.8526402187254,12.4578556667531,60.0900694774745,20.7631195207329,71.4873588303851,0.689997513267619,1.18691368727053,158.994,-0.006,0.0842369581228633,1,0
63,2010,73,288.512214216877,188.142805875193,71.3605054127733,29.0089029289108,143.469155850749,27.3964931683487,25.8180055542829,3.36125839005632,2.55132162918187,146.3258,0.008,0.134296085267135,0,0
63,2011,73,301.148535357038,204.702706148127,68.5709244581014,27.8749047508103,162.148852630428,26.8416714345391,25.8180055542829,3.29395789535037,1.86736492981429,137.6014,0.003,0.740929182086065,0,0
63,2012,73,270.554175497807,199.661534279205,50.4031536201136,20.489487598488,99.9432253638746,NA,25.8180055542829,3.53618330263436,0.855271884132025,130.7331,1e-04,0.229888440935855,0,0
63,2013,73,245.888160378869,189.820451681723,39.8629432619945,16.2047654351519,118.235358731668,24.8017535519815,25.8180055542829,3.51014006409329,1.16600920009636,122.7125,0.002,0.0901187349859906,0,0
63,2014,73,339.668759631419,218.296433030491,86.2931316669863,35.0791949339423,174.679060781546,25.5845027020473,25.8180055542829,3.52900329108559,2.24983616888804,172.3884,0,0.292262583398434,0,0
63,2015,73,247.168238079396,187.696748126231,42.2829590293197,17.1885309238448,102.19936102558,4.31119311755654,25.8180055542829,2.87050217368753,1.62372740160476,121.3044,-0.003,0.445460941340678,0,0
63,2016,73,358.381231759192,232.863195165675,89.2406429182115,36.2773936753061,199.399414751365,56.448874796613,25.8180055542829,4.52643294893156,2.79901848307318,172.0173,-0.006,0.595702645374062,0,0
63,2017,73,314.131844220377,232.593856347829,57.9717677035372,23.5662201690104,141.356864565454,30.2708206450216,25.8180055542829,3.91484299040668,0.5072858033039,151.1707,-0.007,0.19074953058485,0,0
63,2018,73,351.092295607686,233.056575373663,83.9208758109459,34.114844423077,172.034143124249,19.380036542733,25.8180055542829,3.24655187393172,1.13454180987281,180.9771,-0.006,0.517213663325643,0,0
63,2019,73,279.979815126883,213.422308156078,47.32096576959,19.2365412012151,115.669184235888,59.3104426790331,25.8180055542829,3.460962512167,2.94320263829033,132.2375,-0.006,0.270154482563252,0,0
63,2020,73,376.590542003672,254.905740716846,86.5152944941145,35.1695067927121,188.088916037554,39.9248497005028,25.8180055542829,3.87078674550686,2.43266131385744,188.866,-0.007,0.512154645997308,0,0
63,2021,73,416.030216051957,308.430004531234,76.5014520211257,31.0987594995975,189.761271921116,25.6378205636005,25.8180055542829,3.97106936641383,1.47114771429662,206.0112,-0.006,0.0103135075435005,0,0
64,2010,28,54.4441145823694,39.253334907574,7.12951998084986,8.0612596939456,21.6959232718992,-2.5964547638306,62.739724701261,0.233941296770653,0,49.4271,0.008,0.391314797691163,1,0
64,2011,28,59.2537428580568,40.278753573471,8.90557088819655,10.0694183963892,36.569005003484,0.21588746010262,62.739724701261,0.23950990370924,0.0494206631284125,52.6628,0.003,0.57174759897292,1,0
64,2012,28,65.5140142899169,45.2988712486574,9.48761481068206,10.7275282305774,33.7699345957306,6.53800590344435,62.739724701261,0.270665611835981,0.106978258134612,61.33,1e-04,0.274217852236079,1,0
64,2013,28,74.6124164114583,46.6018355461272,13.1462637356221,14.864317129709,49.8860858200073,8.32065334776126,62.739724701261,0.39610946496667,0.0363041030049474,73.5355,0.002,0.35816763658853,1,0
64,2014,28,68.9459539124842,49.8370068498736,8.96844156866612,10.1405054939444,32.4890828733438,2.75555250306892,62.739724701261,0.367806919057186,0.109124733878159,63.3993,0,0.353277754076193,1,0
64,2015,28,91.1280991598,55.9639194788172,16.5036770338872,18.6605026470957,60.3971760311799,4.0452410867846,62.739724701261,0.326130298636233,0,86.5609,-0.003,-0.0589349906146709,1,0
64,2016,28,89.5935902554081,57.7845234959379,14.9290149609706,16.8800517984996,54.8415609041399,8.44810694563489,62.739724701261,0.331713072485998,0.249619521243324,84.7285,-0.006,0.574035993089852,1,0
64,2017,28,78.5341677579474,55.8696501763295,10.6371848195898,12.0273327620281,41.4010961284197,-2.6870500374614,62.739724701261,0.386301173512392,0,71.6649,-0.007,-0.0649120664202963,1,0
64,2018,28,90.4054399295684,56.3558032101455,15.9805862851522,18.0690504342708,57.9714570146141,-5.6250397087955,62.739724701261,0.396441945728575,0,79.3487,-0.006,0.389588196852449,1,0
64,2019,28,85.8711228114409,59.4028381957076,12.4224146532645,14.0458699624688,43.2333850496239,1.16031216317449,62.739724701261,0.410622683008987,0.143423940981589,79.7273,-0.006,0.0973547834484627,1,0
64,2020,28,110.737942197376,70.2446135580413,19.004817514684,21.488511124651,72.6994673196969,14.641867190218,62.739724701261,0.483506244387344,0,97.4607,-0.007,0.244896943683188,1,0
64,2021,28,91.0085715270553,54.5898877610172,17.0924560256133,19.3262277404248,57.0580626392788,7.25064430338046,62.739724701261,0.370372496801464,0.0448712362178527,85.7586,-0.006,-0.102861055797402,1,0
65,2010,35,31.1725117618565,18.7788482782735,5.65907680549945,6.73458667808353,16.2563409283199,3.8734812262463,19.0871161439686,1.31107001941549,0.633135053954675,30.4327,0.008,0.224462762999479,1,0
65,2011,35,30.559797873413,18.2914877375116,5.60183915149211,6.66647098440926,15.9301948971776,3.70616898540929,19.0871161439686,1.08414873645468,0.31100362751962,29.2907,0.003,0.43694745897501,1,0
65,2012,35,35.2556245557741,22.6925769347307,5.73641938017815,6.82662824086523,16.6946517421175,7.74086428121801,19.0871161439686,1.04236610398502,0,30.7322,1e-04,-0.000210133305232396,1,0
65,2013,35,34.5520136402584,19.4218676662982,6.90858342720673,8.22156254675339,20.5068014431535,3.0456246611764,19.0871161439686,1.39760646382991,0.0852065450818481,30.7063,0.002,0.0677899506929123,1,0
65,2014,35,37.1298264605499,21.8876468866563,6.95973914461505,8.28244042927852,24.1118056515567,5.23167258435426,19.0871161439686,1.57465447076064,0.593323355982668,33.6591,0,0.160623183629878,1,0
65,2015,35,37.4401513603289,23.7835887529988,6.23572979824445,7.42083280908559,20.4550153552245,8.2821169369986,19.0871161439686,1.72888034964504,0.318565711739859,32.1405,-0.003,0.390867306685623,1,0
65,2016,35,36.6561999593814,21.6409087873988,6.85613951933944,8.15915165264315,23.8178720351497,8.5988887149243,19.0871161439686,1.22298457723258,0,33.9117,-0.006,0.30778837913968,1,0
65,2017,35,35.4186375092946,21.5612415574151,6.32743241090745,7.52996354097202,19.2929489022757,6.78591178357118,19.0871161439686,0.83257439749753,0.364412966470366,32.7312,-0.007,-0.128275087644139,1,0
65,2018,35,46.496277477973,30.0085812801175,7.52845510554652,8.95924109230902,25.7405700026792,4.80843436241609,19.0871161439686,2.67281364902436,0.910101943097106,45.4437,-0.006,0.0821454953891829,1,0
65,2019,35,53.9822477318372,31.270035490358,10.3706344510314,12.3415777904478,29.6893760129751,2.74835724032081,19.0871161439686,1.78342812664027,0.860369805148643,48.3407,-0.006,0.0637550575183716,1,0
65,2020,35,40.6982761611573,24.9455514307514,7.19285942073085,8.55986530967507,25.563523360234,6.28863569382152,19.0871161439686,2.14733117474116,0.115555901290651,34.693,-0.007,0.0341695135309723,1,0
65,2021,35,54.495504215193,30.3925162929965,11.0056772216235,13.0973107005731,30.2225810194649,6.96962299138104,19.0871161439686,2.84184607934704,0.487177888205243,54.0045,-0.006,0.135212269226364,1,0
66,2010,20,58.9404582144583,39.5334986803002,13.376121163289,6.03083837086907,27.3051506699128,3.61777057186112,79.1067492141434,0.243386328767903,1.01918266976462,42.1418,0.008,0.240354996316467,0,0
66,2011,20,68.5428547770793,50.5599536710949,12.3945981150585,5.58830299092598,28.0164329158044,3.06748945619118,79.1067492141434,0.347885118912746,1.1538583643891,55.5411,0.003,0.476797806257852,0,0
66,2012,20,53.4474603109786,39.1697762720594,9.84080124965471,4.43688278926454,29.9484075094694,7.67946733990772,79.1067492141434,0.226002251083529,0.798065328966307,42.5117,1e-04,0.497388002290939,0,0
66,2013,20,53.7683787050421,40.4100479151474,9.20714297726167,4.15118781263299,27.6789908443414,3.48436725553869,79.1067492141434,0.234658038237192,0.978971154291777,42.6317,0.002,0.130842352764248,0,0
66,2014,20,66.9809008697969,45.1559509960888,15.0427053439051,6.78224452980308,33.2865357139304,3.96591478546031,79.1067492141434,0.246529446787925,1.00195767162495,51.7348,0,0.668220210138803,0,0
66,2015,20,63.5650955037355,48.2612842505582,10.5480527860278,4.75575846714948,31.7702044760564,1.85969788045602,79.1067492141434,0.260290277447667,1.07156094115022,49.1623,-0.003,0.486602619099608,0,0
66,2016,20,74.6742148793262,50.0200358623202,16.9927332064794,7.66144581052663,33.1759994374611,11.9943956406688,79.1067492141434,0.297576423175764,0.828873179172321,55.0736,-0.006,0.543775431796983,0,0
66,2017,20,65.2461745953072,51.058066666469,9.77906149595084,4.40904643288738,31.913334915844,4.96045343998628,79.1067492141434,0.34393407888023,1.03350934556612,49.581,-0.007,0.188020868519776,0,0
66,2018,20,64.3145277182255,46.4090358587901,12.3412442932412,5.56424756619412,33.1329120448531,1.33236766833061,79.1067492141434,0.22173232669747,1.07411333842175,51.2382,-0.006,0.636330267486892,0,0
66,2019,20,83.4011390846015,58.4412686483756,17.2034290372645,7.75644139896137,41.533458696397,2.96730572377336,79.1067492141434,0.352771529374886,1.12051322237406,62.1258,-0.006,0.33041829922675,0,0
66,2020,20,71.1630278478144,54.6026565161024,11.4141286816285,5.1462426500835,31.8037432014959,-0.346651272013541,79.1067492141434,0.276841229363009,0,52.5085,-0.007,0.191038100473437,0,0
66,2021,20,91.9546098466629,68.6641103408055,16.0528259357442,7.23767357011319,33.4935052886247,1.00538054380947,79.1067492141434,0.391119554471033,1.17246892852746,67.6647,-0.006,0.172064162500859,0,0
67,2010,73,11.9699046985249,6.75643901332999,3.32899443832997,1.88447124686497,7.0724781232755,1.32678574378062,27.639970949637,0.196924938591978,0.12227096246345,15.4382,0.008,0.355084237785503,0,0
67,2011,73,11.292309257666,6.40352862511447,3.12167078843465,1.76710984411693,7.31873024541886,0.655917234422433,27.639970949637,0.1598943000046,0.0992861724260779,13.7957,0.003,0.0369665505918486,0,0
67,2012,73,12.6794775925165,7.15413661467218,3.52813857341664,1.99720240442764,7.7271916274418,1.82474754376532,27.639970949637,0.203425016167601,0.146437809839995,16.6092,1e-04,-0.0329266344602026,0,0
67,2013,73,11.3363492923282,7.54376740186626,2.42170655426242,1.37087533619954,7.07495624773166,NA,27.639970949637,0.249926760871384,0.13629949197919,14.1079,0.002,0.356741679393767,0,0
67,2014,73,11.894913376666,7.95383231543929,2.51652887465792,1.4245521865688,6.80988458280613,0.532560287203336,27.639970949637,0.239802705430094,0.138291026701181,15.3598,0,0.441782596759293,0,0
67,2015,73,8.76663273392891,6.18178241962132,1.65052439966788,0.934325914639718,4.03538078569838,1.68203723587049,27.639970949637,0.141490573106469,0.13685606923039,10.1105,-0.003,0.363513753702442,0,0
67,2016,73,11.03225993274,7.61605705476893,2.18137436163972,1.2348285163314,5.41099088076974,NA,27.639970949637,0.228266944568382,0.181799638937292,14.003,-0.006,0.437337348563641,0,0
67,2017,73,14.156790351597,9.59073707028613,2.91559720470929,1.65045607660157,6.28801334596321,1.47549202357259,27.639970949637,0.397728250178341,0.22529331354382,18.1746,-0.007,-0.330804811529612,0,0
67,2018,73,8.97718224006094,6.87606768586882,1.34164087529391,0.759473678898207,3.21798971287886,NA,27.639970949637,0.424372887529657,0.270859827195296,11.3709,-0.006,0.457161500241527,0,0
67,2019,73,13.5900989277128,8.44788872251898,3.28349512732502,1.85871507786879,7.840598403347,0.228430771040366,27.639970949637,0.238505833723277,0.0486690725427048,17.4853,-0.006,0.0797305081949248,0,0
67,2020,73,10.954206892736,7.62193988084932,2.12777814594677,1.20448886593992,6.07180770247144,1.68643931082867,27.639970949637,0.240521972829455,0.128032532741145,15.3942,-0.007,0.183797382988433,0,0
67,2021,73,12.3494371462249,8.28586762765196,2.59474237367898,1.468827144894,6.41471951587787,1.59787126273972,27.639970949637,0.272106674243369,0.153243547202153,14.3953,-0.006,0.176355444316849,0,0
68,2010,51,3.53342704137024,2.39059384177038,0.674144988922102,0.468688210677757,1.58972553499777,0.0211321303471025,71.3364725823648,0.0128675022856386,0.00225961819051923,3.9188,0.008,-0.181623820246118,0,0
68,2011,51,2.80479881400882,2.14812672889434,0.387363786508788,0.269308298605692,1.13332624611194,0.00333509178293156,71.3364725823648,0.0135960707414187,0,2.7732,0.003,0.357445545870901,0,0
68,2012,51,4.22490940087935,2.46329705977641,1.03915613634053,0.722456204762406,2.67708254252436,0.0943365793382968,71.3364725823648,0.0153695878165248,0,4.6351,1e-04,0.319913017335246,0,0
68,2013,51,4.35045384487685,2.77962917575337,0.926612544626446,0.644212124497027,2.72328611917203,-0.180058034050557,71.3364725823648,0.015980826509793,0,4.9679,0.002,0.249500638705701,0,0
68,2014,51,4.03799206975506,2.92542474577488,0.656291475048428,0.456275848931744,1.8299599053616,0.0519472052851,71.3364725823648,0.0153838437556658,0.00388475843185418,5.003,0,0.34400785945923,0,0
68,2015,51,4.42435409420452,3.44016850413678,0.580560473694513,0.403625116373229,2.15782748419542,0.175449962427618,71.3364725823648,0.0229590722829557,0,5.0033,-0.003,0.302748646896761,0,0
68,2016,51,4.44117507935134,2.99424864906922,0.853526308699436,0.59340012158268,1.97459509135535,-0.108542164999566,71.3364725823648,0.0212030331242255,0,4.8644,-0.006,0.060774655913259,0,0
68,2017,51,6.58633129054728,3.99208958126747,1.53031522795806,1.06392648132175,4.55446260761846,0.575388986219381,71.3364725823648,0.0248100170111631,0.0132441536842053,7.2705,-0.007,-0.179494861797444,0,0
68,2018,51,4.72463220717655,3.2423925289579,0.874357213110784,0.607882465107868,2.65456793234816,0.00637539038173938,71.3364725823648,0.0234136835581228,0.000171092320680632,5.4153,-0.006,0.73639790445018,0,0
68,2019,51,5.43045961773464,3.79786678097763,0.963048921080713,0.669543915676306,2.36757492201145,-0.201283122123948,71.3364725823648,0.0243603601024566,0,6.4703,-0.006,0.0204020584651532,0,0
68,2020,51,5.29999037029916,3.81611334816007,0.875323064644927,0.608553957494159,2.63668064027521,-0.455592936327281,71.3364725823648,0.0199438084587841,0,6.0476,-0.007,0.653592438258137,0,0
68,2021,51,5.0995735620399,3.46322407180713,0.965264930483205,0.671084559749563,2.92607254562877,0.0396694721285984,71.3364725823648,0.0209596577473018,0.00186419124346647,6.2946,-0.006,0.0528673352961622,0,0
69,2010,51,19.6642598271494,16.6197731595938,1.62753882656378,1.41694784099179,5.57090637433912,3.50091402776865,48.9559447221752,0.212933469476853,0.450776666652028,24.7073,0.008,-0.143709696472255,0,1
69,2011,51,20.9464787816479,17.1645366242345,2.02177193502075,1.76017022239264,6.9547346514623,3.57535770396739,48.9559447221752,0.249139659062985,0.245061867940875,23.7479,0.003,0.153659202606614,0,1
69,2012,51,20.8267832213039,17.7845772744512,1.62631958604746,1.41588636080522,6.95059828329503,3.23240623279895,48.9559447221752,0.223803628441088,0.422717349760392,25.4465,1e-04,0.795683575891761,0,1
69,2013,51,21.4453870205217,17.8340979137163,1.9305432662616,1.68074584054379,6.91104712224622,5.06537321633302,48.9559447221752,0.235758524999978,0.362609569056689,25.0317,0.002,0.251304207449582,0,1
69,2014,51,19.1907362174926,17.8804482836718,0.70046110202993,0.609826831790879,5.21956862184946,3.79189865083106,48.9559447221752,0.214106763951729,0.261330688387688,22.8781,0,0.296937098344829,0,1
69,2015,51,20.279903485686,17.5404281938709,1.46448412776958,1.27499116404552,8.38854732132808,2.18657521896215,48.9559447221752,0.180006934841244,0.286837380866273,27.7351,-0.003,0.385313341043361,0,1
69,2016,51,21.0639438959406,20.5225986996107,0.289395363425314,0.251949832904623,4.65246066175258,1.42719835298375,48.9559447221752,0.314954377293943,0.49537968741254,26.5486,-0.006,0.708367076743342,0,1
69,2017,51,24.4764208395832,21.1744017528534,1.76521195739782,1.53680712933192,6.78334877199734,1.99092272425612,48.9559447221752,0.26665705544935,0.339216838778678,30.2838,-0.007,0.0839206694021638,0,1
69,2018,51,26.9013736177596,25.355009773893,0.826663891390314,0.719699952476353,6.3817754643849,3.49629782347677,48.9559447221752,0.2623834596295,0.354281980915263,33.9158,-0.006,0.500919646695923,0,1
69,2019,51,26.1532198142335,23.0589199601968,1.6541682402961,1.44013161374058,9.54959357382668,3.40139598138209,48.9559447221752,0.324954444942028,0.506181669856666,32.9802,-0.006,0.00814692041466702,0,1
69,2020,51,26.5609937284964,22.3581906701717,2.24675812534155,1.95604493298317,7.95859239605145,4.63047548040419,48.9559447221752,0.267846082464241,0.496101339243119,34.6809,-0.007,0.515008985087972,0,1
69,2021,51,25.4273874756575,21.1867363446256,2.26699116117578,1.97365996985609,10.2737822198272,6.22951676795054,48.9559447221752,0.254405287195096,0.427656531362,33.486,-0.006,0.0464014979475955,0,1
70,2010,51,432.021157835221,345.313874976834,42.5216486138442,44.1856342445424,140.60685291625,40.4556860694605,65.7340836244269,8.55549390662326,14.6584728836359,334.5152,0.008,0.288782226395649,0,0
70,2011,51,378.585943356383,294.477247798403,41.2472895007728,42.8614060572082,149.173828337184,NA,65.7340836244269,17.3861000067483,52.4156763252042,297.7051,0.003,-0.0797155628411833,0,0
70,2012,51,438.694329713969,310.658177413586,62.7895154652391,65.2466368351439,248.971913820918,15.9599106418851,65.7340836244269,7.26095079707402,11.3713237799861,338.808,1e-04,0.0243415673451776,0,0
70,2013,51,490.161882893086,327.564640450111,79.7384323532805,82.8588100896945,274.209283519372,30.8589241141154,65.7340836244269,49.8317801647101,148.600830627662,362.4504,0.002,-0.121283307951503,0,0
70,2014,51,618.168486867357,397.077416847679,108.42407328563,112.666996734048,394.118075163747,47.71884052251,65.7340836244269,60.4066254450871,121.222835652113,461.6623,0,-0.0758952969298308,0,0
70,2015,51,536.847119330781,422.668700723398,55.9936193968507,58.1847992105329,244.094512053353,27.5423166748176,65.7340836244269,15.9538790593171,47.3568135506367,399.5776,-0.003,0.0336181021647004,0,0
70,2016,51,570.812913297601,409.631910867211,79.0439017650445,82.1371006653461,270.659963860746,24.22085683987,65.7340836244269,62.3165165285716,131.819644529801,449.2587,-0.006,0.159598662848322,0,0
70,2017,51,601.737640092883,423.992576012572,87.1669934578875,90.5780706224231,345.684809160374,21.5421344364087,65.7340836244269,7.38957555978734,21.5298237116468,448.5049,-0.007,-0.188249053710884,0,0
70,2018,51,603.685500475144,450.513175281204,75.1164097703267,78.0559154236133,257.961009647445,55.0498046922873,65.7340836244269,21.813538201663,45.2661581190742,433.7097,-0.006,0.202680709536538,0,0
70,2019,51,571.813322564036,455.905914139344,56.8415239216479,59.065884503044,233.727706751376,72.4609336846848,65.7340836244269,31.8645609295686,50.1614701950054,455.3124,-0.006,-0.0773524599071828,0,0
70,2020,51,863.19494251534,545.158032059506,155.966757425931,162.070153029903,505.076264801824,25.2881323785831,65.7340836244269,9.46900769897321,24.3756680046404,683.8136,-0.007,0.0469112163853472,0,0
70,2021,51,784.658430818277,505.882544385254,136.712971438378,142.062914994645,487.471770265656,38.868988571699,65.7340836244269,11.6418162869885,21.3381394771816,625.0532,-0.006,-0.0274399528794827,0,0
71,2010,73,26.4335297788539,13.9677950155859,10.1686591224329,2.29707564083513,16.9819393961894,0.0233370200264516,6.44678760318656,21.6662869561295,0,13.5747,0.008,-0.0235330208429749,0,1
71,2011,73,32.0251135987839,18.7505880232925,10.8284130981944,2.44611247729694,17.1389947527506,0.141116575007577,6.44678760318656,26.8261313179625,2.59538096155015,15.1949,0.003,0.0390519838235253,0,1
71,2012,73,22.4059130780862,14.9997157618995,6.04144860547603,1.36474871071065,12.3287057387314,-0.227613690587537,6.44678760318656,2.90359255915896,0,10.2812,1e-04,0.306088497592253,0,1
71,2013,73,25.6094381328556,16.5914864304588,7.35620311082223,1.66174859157463,13.3705343805218,0.295387903705297,6.44678760318656,2.97746869024679,0.207057612389471,12.645,0.002,0.129978384600556,0,1
71,2014,73,32.0317141153209,17.9601711842888,11.4785631260161,2.59297980501597,17.805789130773,0.0984977775212527,6.44678760318656,27.8591017569918,0,15.517,0,0.249262834023925,0,1
71,2015,73,26.1792420430141,16.5868943730675,7.82475445626917,1.76759321367748,17.4052577352923,-1.11484782689866,6.44678760318656,5.40792508322216,0,12.7502,-0.003,0.0138097592582885,0,1
71,2016,73,30.8560058842087,17.6003305497919,10.8130364132655,2.44263892115135,17.7703409110631,0.53547791597391,6.44678760318656,4.44986128455965,0.160632588308624,14.3422,-0.006,0.301234903981008,0,1
71,2017,73,29.6281647823968,18.3608621248051,9.19106351371581,2.07623914387582,18.4993551376672,-0.00209338372349777,6.44678760318656,28.4806375747971,0,13.007,-0.007,-0.507257161188797,0,1
71,2018,73,32.553698705863,22.1442134930833,8.49131710075089,1.91816811202881,15.7204000568915,0.0849478805680257,6.44678760318656,10.4016639414322,0,16.2715,-0.006,0.425461328908126,0,1
71,2019,73,27.9438784306544,18.3821340188238,7.79979049660473,1.76195391522588,16.7901252247036,1.81370766340205,6.44678760318656,8.20204225844781,0.160100787042548,11.6895,-0.006,0.174201587225861,0,1
71,2020,73,28.8241546937591,18.6699657286486,8.28306459361158,1.87112437149893,13.7033315495574,-0.018451284113963,6.44678760318656,14.2209129612164,0,14.0113,-0.007,0.529081851845984,0,1
71,2021,73,43.4185420442887,23.1573979848797,16.5275991574702,3.73354490193873,24.9958789755473,0.0378697160584742,6.44678760318656,8.54005020203624,0.334959574220817,20.6294,-0.006,-0.0939915187614739,0,1
72,2010,73,16.8412411046869,12.172351939677,2.12244325744633,2.54644590756357,9.1131966888482,0.762149083562147,42.7379816697564,0.107263941759404,0.0906735835800958,8.6335,0.008,-0.130323721902876,0,0
72,2011,73,15.1714460311187,11.8239624825129,1.52174181824591,1.82574173035985,5.27393592026414,1.12838931268618,42.7379816697564,0.0982421429328386,0.0573364645923741,6.7424,0.003,0.688792294936913,0,0
72,2012,73,15.862908002106,11.7530189762332,1.86832583587317,2.2415631899996,6.66262758039912,0.804561734531137,42.7379816697564,0.0908401796054704,0.0779781323088043,7.6552,1e-04,0.596034416990717,0,0
72,2013,73,18.2132914806369,15.4100044262968,1.27435402659811,1.52893302774196,8.2161834644964,1.34176998309427,42.7379816697564,0.112451464799786,0.0838931273806437,8.1298,0.002,0.12363763106906,0,0
72,2014,73,23.2943935558689,17.1070047801729,2.8127422014198,3.37464657427617,11.0415571640122,0.269559354066207,42.7379816697564,0.148301974679689,0.204203824053147,11.5568,0,0.243467384695098,0,0
72,2015,73,19.7122643345359,16.0294475996101,1.67418186022352,2.00863487470226,6.81250842726379,NA,42.7379816697564,0.136630127598145,0.0566225645617967,9.5022,-0.003,0.784441290549006,0,0
72,2016,73,20.868630375816,16.3979765958987,2.03232688466322,2.43832689525409,8.67042767922574,1.08206486585834,42.7379816697564,0.171745639601315,0.12248012282676,10.7611,-0.006,0.421447929984117,0,0
72,2017,73,23.367847972645,17.8949398857796,2.48794444611034,2.98496364075514,10.8232722339504,1.22040002578998,42.7379816697564,0.17074627168608,0.0817768959964387,11.4887,-0.007,0.10309848681702,0,0
72,2018,73,20.7932776144291,17.0695126656788,1.69279662216468,2.03096832658561,9.15534079393663,1.02022832795511,42.7379816697564,0.163103412070452,0.101251154591639,9.6563,-0.006,0.316497720880877,0,0
72,2019,73,19.8157479390096,15.2845414637099,2.05985370217644,2.47135277312332,6.77963169795899,1.70619599122905,42.7379816697564,0.149055085833439,0.103067238627581,9.321,-0.006,-0.082556879643965,0,0
72,2020,73,20.7021901907707,16.3823328271278,1.96377592411197,2.3560814395309,9.50662315575943,-0.487878771711336,42.7379816697564,0.149797765023705,0,10.8327,-0.007,0.247916112578531,0,0
72,2021,73,28.0258943646802,22.6141122031232,2.46015704241732,2.95162511913971,11.0751926473029,NA,42.7379816697564,0.220910162132854,0.0341811491429958,13.849,-0.006,-0.184474267448271,0,0
73,2010,73,127.5396864943,82.681387788596,26.4258458804725,18.4324528252315,81.6267493249841,4.83399239535719,60.2586748662159,1.87468296442404,1.79805140518147,106.2928,0.008,-0.0322769289926772,0,0
73,2011,73,165.811182070495,103.85996889238,36.4952140136555,25.4559991644591,88.7322821271959,20.7040733553163,60.2586748662159,1.78468142510901,1.43246924159128,139.7519,0.003,0.586455942968609,0,0
73,2012,73,146.106626743977,92.0128293743773,31.8664415196998,22.2273558498996,81.4561579325112,4.20789065466917,60.2586748662159,4.47380714657655,3.84380372992165,111.9617,1e-04,0.081602636587961,0,0
73,2013,73,141.811744240624,101.460178420914,23.7709474089308,16.5806184107792,59.8535744708168,5.15696545587877,60.2586748662159,3.34007881012564,2.84208360804337,115.8725,0.002,0.133509310441771,0,0
73,2014,73,164.94760120942,104.001291295599,35.9032294856368,25.0430804281838,84.4719197647376,17.4153962427272,60.2586748662159,1.6576101322591,2.92583181302458,143.0368,0,-0.380970597818192,0,0
73,2015,73,184.060044351796,118.184227501543,38.8071824737673,27.0686343764855,94.9548902441425,12.3296750374512,60.2586748662159,2.5498897738292,3.21333895805269,154.5398,-0.003,0.0928377814973628,0,0
73,2016,73,157.378314964172,92.1328226172312,38.4358608084388,26.8096315385022,109.571872630589,6.1700930733094,60.2586748662159,2.07283673010527,1.44170404977037,125.3137,-0.006,0.0784307554796149,0,0
73,2017,73,167.982281112781,113.697210223939,31.9791199913842,22.3059508974578,78.0509073809775,5.90431669952572,60.2586748662159,2.53986427705102,5.24207236849192,140.338,-0.007,-0.421634060166419,0,0
73,2018,73,225.783573595744,149.894209392607,44.7061235103003,31.1832406928368,107.427913005503,29.6398492844038,60.2586748662159,3.01438485099192,5.89756064903689,190.4616,-0.006,0.322740778921738,0,0
73,2019,73,195.926388279655,139.867765756258,33.0239122262228,23.0347102971734,89.5206092538607,35.1759122963184,60.2586748662159,2.33008476943868,4.02487073669021,166.0932,-0.006,-0.170643586727069,0,0
73,2020,73,236.767422396167,153.185407534135,49.2378335079961,34.3441813540356,132.07222032265,25.8458439680235,60.2586748662159,4.86232806590407,5.96237822098299,198.0718,-0.007,0.295550280960404,0,0
73,2021,73,200.897120932479,125.794271537577,44.2427907557193,30.8600586391826,128.530927732547,11.8332481302331,60.2586748662159,3.00353232800283,4.5981475329471,163.6553,-0.006,0.135625494422142,0,0
74,2010,28,55.5595176012372,40.1977915905477,9.19777760642065,6.1639484042688,22.5001406710481,-0.590296201796522,18.7560358166627,21.4319230265258,0,75.9621,0.008,-0.0840550071776794,1,0
74,2011,28,45.2148060634698,35.595876800569,5.75929892972245,3.85963033317835,21.0567750504217,-1.43324157907852,18.7560358166627,1.90654290631651,0,59.6528,0.003,0.121263511004634,1,0
74,2012,28,55.9094723351735,41.329594839965,8.72964864992839,5.85022884528009,20.973923836466,NA,18.7560358166627,4.93270802352926,0,76.3134,1e-04,-0.0978772709990684,1,0
74,2013,28,41.4038636484468,30.5611847771758,6.49201455919669,4.35066431207427,22.3855483159151,0.864713571813616,18.7560358166627,1.88782731291421,0,57.9707,0.002,0.00685833905973157,1,0
74,2014,28,50.5195366217812,37.4262570329448,7.8395535575237,5.25372603131278,21.8067235179789,0.420271129409438,18.7560358166627,2.68349737214135,0,75.1713,0,0.139084049049254,1,0
74,2015,28,50.185705380851,39.3582170099896,6.48291930229647,4.34456906856486,19.646684115793,0.0144101164999063,18.7560358166627,2.17986729848271,0.127010160298839,71.4666,-0.003,-0.169458687225456,1,0
74,2016,28,51.386013782321,40.7046868991007,6.3954056428932,4.2859212403271,16.7201096146408,-3.76115944972514,18.7560358166627,3.50049350573525,0,71.2379,-0.006,0.202030346018853,1,0
74,2017,28,46.6563720271163,39.8961427117311,4.04766272800668,2.71256658737852,15.7740674348095,-1.24528094464055,18.7560358166627,3.78620197474365,0,65.4644,-0.007,-0.234489776396178,1,0
74,2018,28,61.7494623468975,48.1080604142076,8.16773981838825,5.47366211430166,24.1948641429279,1.47083743599182,18.7560358166627,2.57623952349039,0,90.054,-0.006,-0.0915535309492489,1,0
74,2019,28,78.0927206754496,61.5318964203426,9.91573332134018,6.64509093376686,27.9608098264128,-7.69440417206217,18.7560358166627,9.89575285580047,0,116.8372,-0.006,-0.350933793686017,1,0
74,2020,28,60.0103421192514,49.9034054666339,6.0514915803257,4.05544507229182,22.6353443565561,1.31707173957338,18.7560358166627,3.78211445232857,0.0299363879220212,85.4209,-0.007,0.475635422679982,1,0
74,2021,28,67.5508161011178,49.963498311222,10.5303425938168,7.05697519607893,26.8033000462572,-2.08446473343562,18.7560358166627,3.3822805535216,0,95.8803,-0.006,0.0119006474926423,1,0
75,2010,73,44.8071773386572,39.7676867486492,3.47695095373118,1.56253963627679,17.0770733352073,2.81027899689814,3.81412678309868,6.45000476511129,0.684982539363331,33.9988,0.008,0.0495919769579853,0,0
75,2011,73,47.8938375426386,44.8049362298604,2.1311595236908,0.957741789087397,13.28847366267,8.20526426164461,3.81412678309868,6.38677528232542,0.655282169942652,34.8953,0.003,0.488804501380315,0,0
75,2012,73,54.975843441331,44.9582250782337,6.91156518691524,3.10605317618202,25.7084496895976,1.6710335255825,3.81412678309868,8.32984686578751,1.05818797872145,44.6112,1e-04,0.386939562633021,0,0
75,2013,73,55.7157268293393,46.9561397314106,6.04359789356933,2.71598920435939,14.6860089538057,8.66312172808826,3.81412678309868,6.38627344981855,0.504820063757387,43.7542,0.002,-0.0195003866895924,0,0
75,2014,73,62.734609532214,54.031664294114,6.00451835466848,2.69842688343149,18.8434719336044,5.09183880945746,3.81412678309868,10.4255188224453,1.09529576326989,44.1463,0,-0.0354946007425616,0,0
75,2015,73,50.9328066426134,42.302377648383,5.9544864280719,2.67594256615846,20.0724169734484,5.29662187396766,3.81412678309868,9.3028667880518,1.40057667974259,37.4737,-0.003,-0.0523773474124996,0,0
75,2016,73,56.1102962106237,46.4903646674259,6.6371847623387,2.98274678085907,23.371733062581,7.85937617050502,3.81412678309868,7.42375441584815,0.764132084989279,40.8719,-0.006,0.208479051589021,0,0
75,2017,73,58.1124528864342,49.6682715137816,5.82598656605031,2.61819480660225,21.8133232074273,7.09800040003473,3.81412678309868,6.63990352043169,0.987726877876017,44.478,-0.007,0.199350647722735,0,0
75,2018,73,62.1501858700721,49.7697754184962,8.54175221847617,3.83865823309974,26.096713265028,3.55462314047806,3.81412678309868,7.59415662194728,0.744364382642735,46.7581,-0.006,0.713078007110551,0,0
75,2019,73,67.8744747245799,59.1314495285835,6.03217115912247,2.71085403687385,20.0270160030647,3.38241061959203,3.81412678309868,8.9473539350598,1.15193929315103,50.8491,-0.006,0.585435737829698,0,0
75,2020,73,72.3111236516174,59.108710473401,9.10888556525309,4.09352761296323,34.4786909935492,10.7949897947496,3.81412678309868,9.12802870858441,1.10468899093756,49.6635,-0.007,0.146873629417574,0,0
75,2021,73,67.4292122739607,53.6690619730836,9.49369124867107,4.26645905220598,28.8108337619727,9.02827503266792,3.81412678309868,7.11276650730499,0.526195699424557,51.0409,-0.006,0.31653611461369,0,0
76,2010,48,867.914255612898,466.022433141082,254.815373173852,147.076449297965,584.441806372351,58.580707166066,35.4917512552191,18.3341401136166,20.0631872040496,1027.8736,0.008,-0.480392376268763,0,0
76,2011,48,811.205763030805,433.769891380829,239.309329292042,138.126542357934,562.186787215148,64.9768269543202,35.4917512552191,31.9309049849864,40.0089987314974,896.586,0.003,0.0553850049690191,0,0
76,2012,48,1035.58264886606,541.027717246132,313.567463703592,180.98746791634,740.440628351634,78.6539097107952,35.4917512552191,14.6012463279594,26.3521848156693,1178.6226,1e-04,0.361702482466603,0,0
76,2013,48,1163.15325003779,535.4485596491,397.989697676888,229.714992711805,760.27902131874,118.811841927965,35.4917512552191,17.3143708142567,31.5221460352484,1381.6776,0.002,-0.0649098715346424,0,0
76,2014,48,1017.9677820033,480.387835350989,340.847031607852,196.732915044461,796.368746486426,114.999186074201,35.4917512552191,13.5309109727832,20.0779067231208,1181.2567,0,0.557811849846232,0,0
76,2015,48,744.959265561169,459.267186568554,181.140121920301,104.551957072314,486.694616559373,4.97128405519476,35.4917512552191,8.92385575364737,11.9568413391039,867.9544,-0.003,0.134306326893445,0,0
76,2016,48,1236.65494426627,624.809300853072,387.934432186817,223.91121122638,826.22344495995,-36.0232469526633,35.4917512552191,22.7250526023788,0,1519.6531,-0.006,0.389121299657272,0,0
76,2017,48,1101.21013679613,608.701095576076,312.270287954879,180.23875326518,748.664439727988,-57.7695613569808,35.4917512552191,39.7707061547045,0,1304.258,-0.007,-0.129251739117395,0,0
76,2018,48,1651.38995143698,740.237235382672,577.707000684319,333.445715369992,1277.000710278,108.12774439623,35.4917512552191,-16.5083652693157,19.5035007779462,2016.0055,-0.006,0.613794662106924,0,0
76,2019,48,1493.24118408519,647.220200541325,536.410896118086,309.610087425774,1207.53755393618,168.421627655002,35.4917512552191,15.3350862907505,24.1212982246255,1886.0976,-0.006,0.127874069126943,0,0
76,2020,48,1413.67160108194,679.245387748736,465.655380764266,268.770832568935,1068.42820562995,151.4258786612,35.4917512552191,26.3994992871508,45.4409248325517,1621.553,-0.007,-0.0112559161407978,0,0
76,2021,48,1401.70131048628,645.280379673368,479.60090498015,276.820025832764,978.558408864821,15.9841012319444,35.4917512552191,19.910484374029,28.2321852702049,1656.3329,-0.006,-0.131619365513164,0,0
77,2010,36,129.333764157422,105.430950245999,15.9206467332569,7.98216717816648,57.8208865672814,8.21685629704822,33.0830608436259,1.63429701754156,0.307557075476851,140.3038,0.008,-0.0357283676128116,0,1
77,2011,36,175.212804198197,115.210741394614,39.9648195690463,20.0372432345359,91.4739868643852,22.5359000010078,33.0830608436259,1.67199817605565,0,198.5063,0.003,0.558138819983668,0,1
77,2012,36,162.677395927306,120.416778821297,28.1479978954551,14.1126192105538,60.7455414376171,33.372101373161,33.0830608436259,1.97292278119981,0.563366962356571,201.8519,1e-04,0.187721923694986,0,1
77,2013,36,198.258687923604,127.7312065338,46.97535279128,23.5521285985246,118.403598005461,19.2931203402767,33.0830608436259,1.81439503554791,0,214.0892,0.002,-0.212446240095513,0,1
77,2014,36,162.950085580343,124.547999065957,25.5779949373789,12.8240915770064,69.2793914899975,33.6568741749715,33.0830608436259,2.15229950008505,0.523654512610303,183.011,0,0.377147010149461,0,1
77,2015,36,169.128786273857,121.523265080273,31.7080109598902,15.897510233694,91.5069894237932,30.7971008243221,33.0830608436259,1.90002205444065,0,198.9173,-0.003,0.0253039153775864,0,1
77,2016,36,179.644822937358,120.935778666654,39.1035949719013,19.6054492988033,95.0161535838389,17.643711985446,33.0830608436259,1.61211150323336,0,218.3464,-0.006,0.193790998105842,0,1
77,2017,36,311.79474758899,203.038082601131,72.4381844570763,36.3184805307817,189.427107266709,7.75214899942579,33.0830608436259,3.12515006727016,0,364.8881,-0.007,-0.208059947543529,0,1
77,2018,36,243.808934774536,173.147106100097,47.0648357980155,23.5969928764233,95.3101015387367,49.5273561048827,33.0830608436259,2.39369063682138,1.20594396300893,300.566,-0.006,0.0644933860195686,0,1
77,2019,36,204.507625555314,156.837288338729,31.7511821534024,15.919155063183,88.9006877238348,22.4238746079184,33.0830608436259,2.98721345915912,0.114084443997265,235.6649,-0.006,0.299359847073689,0,1
77,2020,36,243.630075435353,184.985791085558,39.0604611456036,19.583823204191,122.085573283823,25.9483804273645,33.0830608436259,3.06172489162605,0.391151669412049,266.0803,-0.007,0.131379142672558,0,1
77,2021,36,245.493413125722,193.195412000425,34.8334720697219,17.4645290555752,102.003404734867,49.4829070281893,33.0830608436259,3.6824605868169,3.71031646478632,270.6914,-0.006,-0.285834875996237,0,1
78,2010,50,96.7647325857917,53.6409844532883,35.5081491493973,7.61559898310612,64.735330250664,6.16668339999225,64.6183531308708,1.21445813715885,2.38583966717994,121.9513,0.008,-0.256914154587225,0,0
78,2011,50,104.320565399823,55.6089150564779,40.1092349484596,8.60241539488516,60.5162983264275,4.67406600945909,64.6183531308708,0.564158147461572,1.38333622690297,125.7035,0.003,0.0190209236417406,0,0
78,2012,50,142.097149805645,60.9908720991544,66.7830123881051,14.3232653183853,119.273670715041,-0.683214960584329,64.6183531308708,0.554830994335839,0,164.3868,1e-04,0.617454797236039,0,0
78,2013,50,154.721703959699,69.0169961923369,70.5693655583537,15.1353422090085,114.381493420322,15.3840395171067,64.6183531308708,0.63631350166831,1.20008035990171,202.2029,0.002,-0.0324321156784608,0,0
78,2014,50,111.721677729817,65.9479147978655,37.6901747112245,8.08358822072722,67.5405846603486,19.2991859747006,64.6183531308708,0.592895129517766,0.790198103423744,124.8732,0,0.358682239561839,0,0
78,2015,50,129.822936097757,62.8106297639541,55.1780184049515,11.8342879288512,80.6306976839544,24.4466016205248,64.6183531308708,0.409613579254508,0.18489523354511,154.4559,-0.003,0.462121711211781,0,0
78,2016,50,151.892123344493,72.9488636335508,65.0019806150145,13.9412790959281,106.263218008786,20.000806025554,64.6183531308708,0.878808111643035,1.57480802680033,162.9762,-0.006,0.0703626914120846,0,0
78,2017,50,140.74966961331,59.3085842765056,67.0586934174306,14.3823919193738,107.056731118577,24.9574905537483,64.6183531308708,0.611260429623603,0.760636997331038,162.0339,-0.007,0.495106581305681,0,0
78,2018,50,134.748873661801,74.8759138310992,49.2994713991949,10.573488431507,94.3107245054453,20.1452259436293,64.6183531308708,0.684084137444652,1.61042672995599,167.2388,-0.006,0.0907261467718271,0,0
78,2019,50,145.927604684248,78.0717556174253,55.8725925659438,11.9832565008792,87.6932267485419,9.61912528410274,64.6183531308708,0.744696787788954,0.744375481704039,166.5926,-0.006,0.0765351877190142,0,0
78,2020,50,153.638976853606,80.4239467836584,60.2853490311947,12.9296810387527,112.488093146082,13.4539330676851,64.6183531308708,0.747052925358382,1.55161864681275,174.1466,-0.007,0.318942308071747,0,0
78,2021,50,158.642035311891,82.8917728997504,62.3728625714924,13.3773998406486,96.9841555717609,9.33102462670744,64.6183531308708,0.974501079106214,1.465720703685,190.6699,-0.006,0.183192477863123,0,0
79,2010,73,48.7328753115595,46.7479031125117,1.28696625587005,0.698005943177772,13.1103424153252,5.84082702987042,38.4448141104822,1.33921580079453,1.06050654676567,56.6703,0.008,-0.077683429709559,0,0
79,2011,73,67.4476644403932,57.503431545059,6.44739114378886,3.49684175154533,18.6834074331767,7.25801252598278,38.4448141104822,1.29791734991931,1.11623114338316,86.2982,0.003,0.199443094750097,0,0
79,2012,73,72.5905909631343,61.9264242305409,6.91416370385597,3.7500030287374,19.3641827742904,13.9431995670094,38.4448141104822,1.34407531013955,0.533875417085007,89.506,1e-04,0.142159028800279,0,0
79,2013,73,66.4739057489932,54.7913184088892,7.57446159456576,4.10812574553823,25.8006519221666,1.02553230236291,38.4448141104822,0.991493085004937,0.980539945063346,76.368,0.002,0.528629972080632,0,0
79,2014,73,74.6786918843431,63.4381864374907,7.28783567647031,3.95266977038203,29.7384294964282,-0.702905868146932,38.4448141104822,1.00624927959436,0,80.8403,0,0.319371656828582,0,0
79,2015,73,66.3147130796064,59.1253958327899,4.66122835565944,2.52808889115705,18.6631585713039,8.64870495617648,38.4448141104822,1.19302922907982,0.876676909723999,77.1799,-0.003,0.286896998863106,0,0
79,2016,73,76.707289270822,64.6154423238046,7.83980702572137,4.25203992129607,24.8091938139299,5.48955223368593,38.4448141104822,1.30354634496526,0.664682210659049,92.7001,-0.006,0.0353671157943544,0,0
79,2017,73,85.8240010555221,71.206435763303,9.47736864178113,5.14019665043794,32.2485804046001,8.63379385872798,38.4448141104822,1.30212453065503,1.73680613617474,103.4065,-0.007,-0.0544628800136241,0,0
79,2018,73,83.9725154350574,68.1523263596306,10.2570955458847,5.56309352954215,24.7687391807914,8.4740948024543,38.4448141104822,1.41203355394874,1.81617589181483,96.8636,-0.006,0.650019956567579,0,0
79,2019,73,85.1575020250751,72.5182440975187,8.19472356328513,4.44453436427126,32.005339518435,14.1340099804717,38.4448141104822,1.41553270394863,1.5158430806725,94.6335,-0.006,-0.055753743482325,0,0
79,2020,73,78.7642413493008,73.2292936278536,3.58860993061985,1.94633779082733,27.1062240710543,16.2026328357734,38.4448141104822,1.08393827163251,0.915844893592119,100.1105,-0.007,0.562963627248502,0,0
79,2021,73,88.5731113164388,81.5436191763251,4.55760498034667,2.471887159767,32.059528933617,3.83948331566807,38.4448141104822,1.34312113687188,1.23958255096996,106.4233,-0.006,-0.391029224907847,0,0
80,2010,38,25.1859471818215,22.1409496545795,1.88648900280515,1.15850852443684,5.85703079523561,-0.148155403058192,7.28063925688092,1.24753738343459,0,29.7871,0.008,0.221893374391195,0,0
80,2011,38,25.5982253285038,22.1349851168437,2.14560587157092,1.31763434008918,9.45552481991894,2.23880088799384,7.28063925688092,1.40171856769679,0.137406057785698,30.9562,0.003,0.435586235012972,0,0
80,2012,38,29.87982145535,27.6306577881168,1.39344038403457,0.855723283198666,6.87751182026555,1.83626749932337,7.28063925688092,-2.89482365235804,0.307422078114366,37.4319,1e-04,0.647549943002774,0,0
80,2013,38,24.9557538185625,24.6061092353361,0.21661779861756,0.133026784608883,6.23613569087363,1.488526907009,7.28063925688092,2.24195503065987,0.352434045097876,29.2814,0.002,0.114355714984456,0,0
80,2014,38,26.4250053524028,25.0701049051193,0.839411122941411,0.515489324342047,8.43391167792319,2.86697711081033,7.28063925688092,1.74982949016499,0.250934377962616,32.847,0,-0.0746428745917926,0,0
80,2015,38,25.3103475633496,22.4830632894613,1.75160756052408,1.07567671336421,9.36513464269094,-0.210896137614166,7.28063925688092,2.87505934416218,0,35.1382,-0.003,0.00688937386393343,0,0
80,2016,38,32.2228660680727,31.0160392520081,0.747674011695605,0.459152804368994,8.76148723923748,3.97572533477055,7.28063925688092,2.41390972214578,0.545530831992304,38.2187,-0.006,0.419687207067532,0,0
80,2017,38,22.9570304324295,22.5058122545865,0.279546411040162,0.171671766802875,3.06457367245305,2.39149241699137,7.28063925688092,2.28923813867161,0.435229533443915,28.7711,-0.007,-0.432744346933674,0,0
80,2018,38,33.0360389227202,31.6001532598623,0.889584470277266,0.54630119258071,8.20385396334512,1.68369086689529,7.28063925688092,3.3787136271378,0.583352643650536,39.7587,-0.006,0.527848410498938,0,0
80,2019,38,33.8540210183797,31.7832001503046,1.28295039961542,0.787870468459673,9.01278099405523,3.18281325729571,7.28063925688092,2.9307217694165,0.46657222285088,38.7146,-0.006,0.144003116646918,0,0
80,2020,38,36.9791144526876,34.3341855243635,1.6386316546549,1.0062972736692,11.274896416525,1.01470350128861,7.28063925688092,2.93871087868042,0.853552474851577,46.7395,-0.007,0.320934377779698,0,0
80,2021,38,35.4738284361041,32.9985414329859,1.53353218463811,0.941754818480122,7.90271835870131,1.66725628727983,7.28063925688092,3.42019456425912,0.855698941653524,41.7613,-0.006,-0.193773959928259,0,0
81,2010,37,38.6567285133385,36.0901973943493,1.46259411052755,1.10393700846161,7.67831529702974,1.25726536243463,5.06461698545041,5.37202969850015,0.642091216505377,40.2596,0.008,-0.400779985325878,0,0
81,2011,37,38.8177431991519,36.8154729515396,1.14103766370686,0.861232583905479,11.1508663576612,3.85922917241118,5.06461698545041,4.38148983723734,0.622130500721672,39.1813,0.003,0.325360190233753,0,0
81,2012,37,47.9891427577425,40.9778622732551,3.9955321281695,3.01574835631788,14.7164416114006,2.39039074953187,5.06461698545041,4.80929005718465,0.994063166165094,53.2634,1e-04,0.243991227428934,0,0
81,2013,37,43.3471855000533,43.3471855000533,0,0,5.26875971863627,3.79336048541228,5.06461698545041,6.66582430773445,0.904975948542581,51.182,0.002,0.157791824626681,0,0
81,2014,37,40.7906861304315,38.3295859643133,1.40251196712575,1.0585881989925,13.3745961727887,3.76691967239665,5.06461698545041,5.69338842831222,1.23550858472031,39.9648,0,0.249629731038316,0,0
81,2015,37,49.818942559916,44.5633820315931,2.99499656145748,2.26056396686543,11.3248598239966,2.63139444143633,5.06461698545041,7.86536223442823,1.10727794753994,54.9186,-0.003,0.307940659742938,0,0
81,2016,37,44.433449140804,43.9665538368121,0.266070540426747,0.200824763565144,12.6162776529572,4.33050150336433,5.06461698545041,8.72083506185893,1.20654156139846,48.3781,-0.006,0.474250852390033,0,0
81,2017,37,65.271835760043,56.0426588403674,5.25944910929067,3.96972781038492,16.6787118135813,5.1227876215035,5.06461698545041,5.55915518099638,0.920200711394963,68.6865,-0.007,-0.0984870263529388,0,0
81,2018,37,54.6846427342559,53.9019806887623,0.446017151244683,0.336644894248909,15.3392368246765,1.50890349061905,5.06461698545041,6.21903050789159,0.641272340161014,55.194,-0.006,0.505153099970403,0,0
81,2019,37,55.5695900367875,53.3880699264721,1.24318713369092,0.93833297662446,9.37161751280255,-1.24537428229559,5.06461698545041,7.30017648309231,0,57.3242,-0.006,0.162952303855654,0,0
81,2020,37,59.5661096180452,56.1460744100062,1.94898215574525,1.47105305229379,14.6204973919939,3.40672999081415,5.06461698545041,9.37639829795002,1.35482538471292,65.7337,-0.007,-0.208728721005395,0,0
81,2021,37,57.5557987829278,54.2090348871105,1.90722688968466,1.43953700613261,9.15772812923483,6.46532848526588,5.06461698545041,6.30123451573382,1.17476568373406,57.2874,-0.006,0.149462295283487,0,0
82,2010,73,132.048981853282,48.4809286127496,51.0238881885374,32.5441650519951,108.449141799749,10.1890905062744,32.8117966035548,1.39320622883055,1.0310464969072,51.8468,0.008,-0.234982675414093,0,1
82,2011,73,103.699585858828,48.4170644681765,33.753678359578,21.5288430310734,67.4745447902391,13.681726693243,32.8117966035548,1.15900072895801,0.835596863313299,46.3697,0.003,0.501168366937397,0,1
82,2012,73,126.607797149726,43.2731447109929,50.8813813817815,32.4532710569518,117.495663192573,18.2524223755013,32.8117966035548,0.809618204374616,0.701294399096103,53.8917,1e-04,0.653133410819513,0,1
82,2013,73,160.248802248059,61.2976556065562,60.4162960196228,38.53485062188,121.978928917065,-6.00661550645457,32.8117966035548,1.75517703486827,0,69.7154,0.002,0.0573311410604087,0,1
82,2014,73,149.621337222992,60.5241979135166,54.3997651944855,34.6973741149902,123.160595157249,12.2643277416768,32.8117966035548,1.66591832066746,1.01023674326252,61.4029,0,0.133850753579899,0,1
82,2015,73,152.998727901123,60.6797367428938,56.3669213279145,35.9520698303148,122.387785877179,1.29345247388679,32.8117966035548,1.66158782201567,0.99374704248651,66.2227,-0.003,-0.338092938345306,0,1
82,2016,73,148.209512139435,57.0515613608026,55.6580284889202,35.4999222897126,115.797802444303,26.8501962493297,32.8117966035548,1.19381785679674,0.797023552123242,66.0096,-0.006,0.447699819694212,0,1
82,2017,73,150.211038672844,69.4966624529028,49.2815274229261,31.4328487970156,110.147952857219,7.16172389462321,32.8117966035548,1.27890504571837,1.03595515335331,66.7813,-0.007,0.351966322618993,0,1
82,2018,73,146.339600487768,61.4667298154434,51.8205665382721,33.0523041340524,104.062101398534,10.0823578147071,32.8117966035548,2.28434866928275,1.19870698771807,59.0785,-0.006,0.289497251553923,0,1
82,2019,73,198.764478615646,70.5506861559733,78.2830993066343,49.9306931530389,151.568865341141,21.561933519662,32.8117966035548,-1.68189503537753,1.42398234176813,85.2459,-0.006,-0.218511174999563,0,1
82,2020,73,192.540844006098,64.5495206738802,78.1472670185225,49.8440563136949,156.831032303379,11.9104918074756,32.8117966035548,1.36850196509959,0.982404196112157,88.5912,-0.007,0.405321206663087,0,1
82,2021,73,170.314935739143,74.7115423596795,58.3722686490982,37.2311247303653,117.590985901513,-8.12622214493278,32.8117966035548,1.89310411404398,0,71.9976,-0.006,0.287239787985108,0,1
83,2010,73,230.120722312942,85.8542507925225,117.570682861722,26.6957886586967,202.942998469535,24.4194602552429,61.0437331872067,1.65920925246832,1.36973677549281,229.8451,0.008,-0.103652978741204,0,0
83,2011,73,173.581985082584,84.7495315866491,72.3944524859405,16.4380010099944,119.561478869012,22.8488450401603,61.0437331872067,1.6112147469186,3.1723931601376,180.8518,0.003,0.515714215833385,0,0
83,2012,73,185.486719303723,99.7956696041688,69.8343497427842,15.8566999567698,112.34682672506,20.5412343297734,61.0437331872067,2.1864693730538,2.73841277684725,202.5246,1e-04,0.446402807599348,0,0
83,2013,73,195.279519837602,104.873670593459,73.6766992240704,16.7291500200727,123.466913373247,26.8303194921894,61.0437331872067,1.92384781134903,2.35911332024409,191.9339,0.002,0.228510687936417,0,0
83,2014,73,206.196121223634,95.4776108764235,90.2306040327036,20.4879063145071,144.19596164362,24.0035958420751,61.0437331872067,1.41325894161257,1.5151672104243,187.9541,0,0.142327818377197,0,0
83,2015,73,213.316283318357,96.9173859082478,94.8598638937472,21.539033516362,162.174511739442,-2.20774875191544,61.0437331872067,1.6672499212117,0,231.6458,-0.003,0.16929326747694,0,0
83,2016,73,229.652038475434,86.1381048017678,116.957398377881,26.5565352957852,184.405656324492,24.4270839771681,61.0437331872067,1.67529742900058,2.72757064294583,242.5241,-0.006,0.343936591723769,0,0
83,2017,73,230.387384942931,108.438041241044,99.3832278731547,22.5661158287327,163.680692492883,43.3228598773284,61.0437331872067,2.09002715170361,0.458866545069138,243.0516,-0.007,-0.480095410492181,0,0
83,2018,73,323.552723086086,124.07182299944,162.567957709692,36.9129423769539,237.829257146794,35.0953034491945,61.0437331872067,2.42291721271334,3.08453327624723,335.059,-0.006,0.494328293156161,0,0
83,2019,73,267.037997833276,124.446064790042,116.206009350503,26.38592369273,211.588060025403,11.5476643769837,61.0437331872067,1.73518508461883,1.47447356877348,266.512,-0.006,-0.0788450794982813,0,0
83,2020,73,233.840203987842,132.861813488159,82.2928446242969,18.6855458753861,135.592201815789,27.2270169640432,61.0437331872067,3.57066013906959,5.31322432287052,239.5512,-0.007,-0.00968284329597643,0,0
83,2021,73,255.702346124544,127.853068214998,104.191408778415,23.6578691311318,156.029200648744,30.1733063248733,61.0437331872067,1.66717743911268,2.22230724575272,271.6886,-0.006,0.176162940333129,0,0
84,2010,73,2.39185856210417,1.68743275517389,0.325769802785544,0.378656004144736,1.22120892797222,0.0992819986028911,49.1706425329056,0.0134567176868609,0.0246859555853007,1.1722,0.008,-0.135087057795608,0,0
84,2011,73,2.61650248053492,1.81609612192895,0.370157110977583,0.430249247628396,1.4297819717413,NA,49.1706425329056,0.0140472849526228,0.0303027315839471,1.2231,0.003,0.922652877856124,0,0
84,2012,73,2.29753320441777,1.72093590498886,0.266654041736755,0.309943257692158,1.13638953230374,0.608139012105535,49.1706425329056,0.0121574439640492,0.0184438733654699,1.0128,1e-04,0.366678621739835,0,0
84,2013,73,2.46294651391544,1.71037567123606,0.348035027379511,0.404535815299875,1.32621590645879,0.442884286704106,49.1706425329056,0.0132432124391222,0.0392486057168515,1.1033,0.002,0.29032990919165,0,0
84,2014,73,2.92818428017994,1.94685951422867,0.453824905798991,0.527499860152272,1.27923539073353,0.39263997145546,49.1706425329056,0.0148470295592133,0.0280520851559521,1.4464,0,1.08791159880431,0,0
84,2015,73,2.83353461289937,1.86601196386711,0.447441958350882,0.520080690681374,1.77237456432308,0.308761396033045,49.1706425329056,0.0116175905280009,0.0225406189451727,1.2945,-0.003,0.827419300851981,0,0
84,2016,73,3.61517704736213,2.3661928658601,0.577607075844184,0.671377105657842,1.99265516685942,0.974712847347576,49.1706425329056,0.0199531240606097,0.0386715803898676,1.6621,-0.006,0.509990963849672,0,0
84,2017,73,2.79711488158472,1.82175965042774,0.451064225889876,0.524291005267105,1.261978826994,0.360762265579548,49.1706425329056,0.0141456871989712,0.0329201929301007,1.3268,-0.007,0.680586124540079,0,0
84,2018,73,2.89650171168914,2.1003876199474,0.368172102881473,0.427941988860269,1.344096492298,0.503760942762569,49.1706425329056,0.0160993003887442,0.019852738758596,1.2588,-0.006,0.648728958448418,0,0
84,2019,73,3.7269494911709,2.6184824866049,0.512623293921267,0.595843710644728,1.77413627437144,0.708331424426484,49.1706425329056,0.0199990278334863,0.0367494011256004,1.7254,-0.006,0.171942975793075,0,0
84,2020,73,3.13683586038182,2.157468112795,0.452919860185443,0.526447887401377,1.81969124525248,NA,49.1706425329056,0.0193607360522595,0.0373537396565917,1.56,-0.007,0.0171321356457398,0,0
84,2021,73,2.81523101155273,2.13433352547584,0.314888860649584,0.366008625427302,1.46495277719134,0.493549946068312,49.1706425329056,0.017474913433802,0.0368205005474659,1.2829,-0.006,0.306716855226439,0,0
85,2010,50,160.911457816388,117.110041345332,23.1429220928641,20.6584943781924,86.438042585606,13.6671708039753,3.67398092876423,16.0671537466778,0.369810979093292,125.3089,0.008,-0.26281069574864,0,0
85,2011,50,181.360110359773,135.455127111692,24.2543629082539,21.6506203398272,72.2867964618163,-5.61581658616797,3.67398092876423,17.4050273250332,0,134.6787,0.003,0.248391613217867,0,0
85,2012,50,145.025556009345,116.816080401645,14.904762194185,13.3047134135151,61.9542552238028,4.70307781083483,3.67398092876423,19.6983882076599,0.32685457420455,116.272,1e-04,0.348153740647535,0,0
85,2013,50,191.115660982767,157.680059924668,17.6660385156031,15.7695625424952,88.7415926472571,12.4387050505752,3.67398092876423,29.593819943929,0.34538636820249,152.3666,0.002,0.0931316983971884,0,0
85,2014,50,194.381398218192,144.594195633056,26.3055728211624,23.4816297639733,87.3893718784791,-13.5959197052494,3.67398092876423,23.6732395165579,0,146.7344,0,0.154438583924798,0,0
85,2015,50,167.870817494586,144.796964436337,12.1913039972601,10.8825490609886,50.1092775861045,7.37009611703384,3.67398092876423,35.6535285121751,1.11028453860254,114.5431,-0.003,-0.242243759858792,0,0
85,2016,50,229.753527556378,163.374315712117,35.0721289872573,31.3070828570042,119.101667766029,5.48961109418863,3.67398092876423,27.2151191247256,0,174.1348,-0.006,0.0312983266581751,0,0
85,2017,50,197.235000382661,139.191140029083,30.6680615915604,27.3757987620179,113.774956358046,20.97934709981,3.67398092876423,25.5144551160172,0.202238189079716,154.5201,-0.007,-0.357138079457794,0,0
85,2018,50,226.18324018353,159.980025503195,34.9791391028771,31.2240755774572,101.405941724168,12.8990915096573,3.67398092876423,19.8334778066343,0,169.9845,-0.006,0.485323402401075,0,0
85,2019,50,266.460883942974,182.931182261368,44.1337640241609,39.3959376574456,127.588379126291,0.394098283633316,3.67398092876423,32.0685344216808,0.293326463183631,210.6755,-0.006,0.10793197860897,0,0
85,2020,50,253.901950506565,181.999413559229,37.9904337557454,33.9121031915908,114.513502031526,27.5326411075504,3.67398092876423,41.3124486128791,0,211.6419,-0.007,0.0550309484995167,0,0
85,2021,50,251.655768898171,196.408897605937,29.1902440880089,26.0566272042255,113.754611407537,26.7798367993325,3.67398092876423,26.945597407482,0.433369640583116,195.8899,-0.006,0.177154154791649,0,0
86,2010,37,160.700150281274,129.730471791714,15.4257063351264,15.5439721544344,60.6001854529929,-0.594350955080122,61.7626353922414,2.20426975269575,0,140.0274,0.008,-0.15098620586099,0,1
86,2011,37,203.757789967027,146.132547800454,28.7025925519935,28.9226496145796,115.055694297679,7.61367848365459,61.7626353922414,1.6390463175883,2.12661096723287,175.3888,0.003,0.418519452526312,0,1
86,2012,37,157.538756280305,118.622066964137,19.3840378784985,19.5326514376699,85.6826293052147,3.39495055294704,61.7626353922414,1.18825192533154,0.111317009379576,135.7132,1e-04,-0.0586842332578196,0,1
86,2013,37,184.744473581848,136.292215478439,24.133615240109,24.3186428633002,83.9857508171232,14.8467325750949,61.7626353922414,2.86365724255078,0.60346655848568,151.7244,0.002,0.158321002661441,0,1
86,2014,37,192.103224352882,146.656385394672,22.6366441571371,22.8101948010729,99.7907170278662,6.38517373756608,61.7626353922414,1.1792637918148,0,155.7745,0,0.172147513173747,0,1
86,2015,37,150.459538505883,119.595261978334,15.3732066066036,15.4910699209453,61.3527373637402,-5.06928448872787,61.7626353922414,1.53969225885419,0,134.6098,-0.003,0.260560599272386,0,1
86,2016,37,202.652901325697,167.93576153981,17.2922816526215,17.424858133265,73.972430125347,11.6648061073811,61.7626353922414,2.18814541168609,0.952434108801477,174.4816,-0.006,0.407968708530397,0,1
86,2017,37,161.359414725505,136.18037574463,12.541443116712,12.6375958641635,68.2916497140567,-0.649798517244439,61.7626353922414,-1.97062537651156,0,141.0617,-0.007,-0.252108611516776,0,1
86,2018,37,220.990554910727,164.307315821659,28.2333896558353,28.449849433232,116.607196053982,4.72236403601546,61.7626353922414,1.75919920913926,0.0734703395895628,191.7563,-0.006,0.39075267154817,0,1
86,2019,37,241.835924625569,196.379441525972,22.6414478134919,22.8150352861046,105.915285262489,-0.244489572811239,61.7626353922414,3.43148382538147,0,227.6903,-0.006,0.00306236973118219,0,1
86,2020,37,216.867418114675,173.647405663061,21.5274827636275,21.6925296879866,86.3044676580835,22.8148066565159,61.7626353922414,2.31464211264933,0.356461998367007,188.7264,-0.007,0.195682106866065,0,1
86,2021,37,248.914174798036,190.087298333804,29.3011153233602,29.5257611408721,122.629454452545,1.3327062807173,61.7626353922414,4.00402268807493,0.453529794092935,203.3498,-0.006,-0.202529022604345,0,1
87,2010,37,1029.87815962636,985.853380352482,33.0802405517894,10.9445387220873,189.886830515169,NA,77.706530551137,18.3386714166674,14.7308864939365,631.091,0.008,-0.238995888134764,0,1
87,2011,37,1155.9327847189,1031.36054716044,93.6036398700062,30.9685976884525,346.844102798731,86.1599095433714,77.706530551137,52.2657276391844,66.046547573723,658.2136,0.003,0.660022839195321,0,1
87,2012,37,1114.76731047768,1049.01192874623,49.4086258040971,16.346755927348,335.375209438621,8.14059930005509,77.706530551137,20.0534523774491,40.2175382749349,639.8143,1e-04,0.491802910997047,0,1
87,2013,37,1401.42596269625,1157.45779226694,183.317801880962,60.6503685483505,409.718557593758,176.829644932784,77.706530551137,21.7007973824838,23.9902830487979,792.2026,0.002,-0.00455519792826532,0,1
87,2014,37,951.261713999268,924.97088265882,19.7549434521431,6.53588788830406,197.811301891433,72.2119768700296,77.706530551137,11.494044983469,6.06707551451525,561.3658,0,-0.296811815307436,0,1
87,2015,37,1334.25753388803,1211.08529760092,92.5516782340103,30.6205580530913,311.332937793188,43.618083182004,77.706530551137,17.8283897065244,17.4228296412855,820.1828,-0.003,-0.347893275726809,0,1
87,2016,37,1751.97406356563,1489.34837381291,197.33707097209,65.2886187806306,455.237523377659,210.337723213734,77.706530551137,48.8077635277265,51.7085726830299,959.9414,-0.006,0.225157198913476,0,1
87,2017,37,1356.49845213178,1293.28274085163,47.500316192173,15.7153950879752,469.514923074473,123.498858238584,77.706530551137,47.1487606947661,27.9240709049745,793.6302,-0.007,0.0388203396273242,0,1
87,2018,37,1789.9899732092,1580.3529564168,157.521356345944,52.1156604464487,705.671588467974,275.423719110214,77.706530551137,30.6322285424003,35.302809007459,937.2833,-0.006,0.309486804773029,0,1
87,2019,37,1739.12293414465,1593.36916831161,109.519450514254,36.2343153187906,491.300886117957,219.29308547725,77.706530551137,29.3030165648563,43.0864004407758,919.4538,-0.006,0.169433891932734,0,1
87,2020,37,1994.36795424626,1861.13343021644,100.112486136304,33.1220378935224,640.928541465463,NA,77.706530551137,48.1490342371342,73.7029153602107,1131.8182,-0.007,0.543219991850924,0,1
87,2021,37,1468.54982193546,1338.93951617116,97.3892467694499,32.2210589948538,454.883891618648,52.573386828443,77.706530551137,12.4631927420364,22.0482507626289,744.9059,-0.006,-0.48520984493492,0,1
88,2010,36,196.143316486758,138.920446023461,44.3039344465435,12.9189360167534,85.357570979927,29.4473706310722,9.29558098402125,9.37714211525222,1.09379225382747,199.5487,0.008,-0.11035964915969,1,0
88,2011,36,196.78228937469,156.440381972941,31.2341063372902,9.10780106445841,72.4053196093407,27.4546179679624,9.29558098402125,17.7802465627017,3.70020585131446,171.3419,0.003,0.275803190383295,1,0
88,2012,36,158.086707902484,116.733487439035,32.0171000464094,9.33612041703953,87.7815161384425,17.2517123600919,9.29558098402125,16.8807932937665,3.48607688515408,144.0152,1e-04,0.24440679191896,1,0
88,2013,36,167.950502338539,123.559339337656,34.3691807082344,10.0219822926484,80.5782795003306,15.3107536222552,9.29558098402125,-13.5896482892278,2.42357737205294,159.2205,0.002,-0.185971639372135,1,0
88,2014,36,214.67547924722,159.235076032009,42.9238863735808,12.5165168416312,79.7735651673601,10.0041444090555,9.29558098402125,17.6298720490535,4.45932153554062,200.2027,0,-0.0456716341812009,1,0
88,2015,36,169.396510734943,133.740855825902,27.605846839717,8.04980806932427,52.9184963950896,15.4075304527879,9.29558098402125,22.2060808270259,4.32712996908278,168.5587,-0.003,0.000452056925848536,1,0
88,2016,36,193.107714833844,160.080259398509,25.5710034938174,7.45645194151778,58.4534065750412,45.8082312204632,9.29558098402125,34.6762867006726,2.6174733149605,180.7124,-0.006,0.351470366485911,1,0
88,2017,36,235.633394600824,175.186227531177,46.8002969031522,13.646870166495,110.553141260099,40.4535537445861,9.29558098402125,11.2675629289943,3.39855751042038,234.6273,-0.007,0.282627824013611,1,0
88,2018,36,234.516647868242,179.84563403204,42.3281983849227,12.3428154512793,99.3579127056004,16.9786295172165,9.29558098402125,16.2269203840241,0.235750163318492,234.6278,-0.006,0.143698676249703,1,0
88,2019,36,213.127074432569,160.910866168037,40.4276026223235,11.7886056422079,113.039309462097,30.469096970688,9.29558098402125,30.8917013092588,8.11953757451229,180.4437,-0.006,-0.0478382418691752,1,0
88,2020,36,262.323847257519,200.666369789108,47.7373612645283,13.9201162038826,110.129040829757,72.0170389111525,9.29558098402125,27.3961694271817,5.64169124387091,255.0476,-0.007,0.138037732101007,1,0
88,2021,36,257.790747344128,198.990144441233,45.5254697175324,13.2751331853628,108.073194320997,32.606590630665,9.29558098402125,26.1265113159141,4.72881380604454,233.4787,-0.006,0.00379790649279241,1,0
89,2010,50,184.29543228724,101.288197319836,66.3224349038113,16.6848000635923,105.232607574688,23.1862365683733,41.0476458943635,1.10318288546866,1.56279339244382,113.1169,0.008,-0.395216539222522,0,0
89,2011,50,253.56278726995,105.124341848667,118.601699448753,29.8367459725305,191.541163920943,31.5813393655097,41.0476458943635,1.10376927310061,0.790737832175135,145.5315,0.003,0.372416633345786,0,0
89,2012,50,190.834915160843,117.24408725926,58.7987648900359,14.7920630115473,128.879327001864,20.0132949120795,41.0476458943635,1.57421300195761,2.11063347723251,121.3669,1e-04,0.270660709160331,0,0
89,2013,50,190.02074812848,105.804948272203,67.2880732147464,16.9277266415302,121.448333354816,24.0523831424466,41.0476458943635,1.06550885995483,0.441294991966511,113.3946,0.002,0.325710404609664,0,0
89,2014,50,255.57517143705,118.706832217409,109.357232798467,27.511106421174,164.531595466531,58.5479178466822,41.0476458943635,1.42669955173581,1.30791284716242,160.7737,0,0.00609768065672392,0,0
89,2015,50,279.559675793751,147.153647525552,105.791864939704,26.6141633284951,174.182487857799,41.5699428142122,41.0476458943635,1.88922766475481,1.99630820653674,178.4636,-0.003,-0.23102442636028,0,0
89,2016,50,231.108417165141,125.271746462624,84.5630589413114,21.2736117612062,161.123507531421,14.1179136269394,41.0476458943635,1.3314874183943,1.98041409014455,140.6016,-0.006,0.13310656034553,0,0
89,2017,50,344.191653419567,152.875364271272,152.86091794359,38.4553712047055,277.249483574699,62.0251297676106,41.0476458943635,1.49589422095043,1.80696720458544,207.224,-0.007,-0.120650937824764,0,0
89,2018,50,375.664639542198,164.252414873339,168.917486698315,42.4947379705435,264.111497497526,26.7008352677658,41.0476458943635,1.62594748322602,1.63854383294576,242.3994,-0.006,-0.0479840021781731,0,0
89,2019,50,278.131259288191,149.150818540531,103.054834782906,25.9256059647549,167.192030584435,42.5244273931229,41.0476458943635,2.33759987314769,1.3821873367764,147.6919,-0.006,0.17177604109824,0,0
89,2020,50,277.825128739744,168.197221709207,87.5922409718751,22.035666058662,166.418040096564,46.6078028950698,41.0476458943635,1.87221822061497,2.16190112758022,163.9536,-0.007,0.109521250816417,0,0
89,2021,50,259.591054998292,162.602928936621,77.4931086391904,19.4950174224804,146.681806897432,45.7827483624344,41.0476458943635,1.85232737439102,1.73467076312801,149.484,-0.006,0.0317973427741406,0,0
90,2010,28,224.066222173298,192.190423831962,18.1976249921112,13.6781733492248,62.8350782070737,24.0115243190186,13.8197241410476,8.34789102690463,6.14138729179988,143.3074,0.008,-0.257231453713164,0,0
90,2011,28,238.605306477876,209.712134377243,16.4948687744087,12.3983033262245,68.2121233074632,29.2665997560937,13.8197241410476,9.01186661095653,6.31719108171816,162.8513,0.003,0.293401238235818,0,0
90,2012,28,244.022359786564,210.958002504471,18.8761632879463,14.1881939941465,92.5955954782179,7.93529958157652,13.8197241410476,14.6688030763643,7.3442773376791,166.9604,1e-04,0.30579030990324,0,0
90,2013,28,193.24356447197,184.309495712545,5.10038466164223,3.83368409778269,31.5650150410173,34.2418296576201,13.8197241410476,6.99132374961537,4.58743865735655,124.9905,0.002,0.628956405760843,0,0
90,2014,28,272.189884260976,254.317797651407,10.2030238259384,7.66906278363004,93.822221386378,NA,13.8197241410476,12.6782200587235,7.70983622554381,191.2652,0,0.139555211601527,0,0
90,2015,28,291.724821440226,260.621886543272,17.7564037564774,13.3465311404764,77.2211347905918,56.199168491018,13.8197241410476,14.593581346457,10.2095623474157,213.4745,-0.003,0.218960843997716,0,0
90,2016,28,281.826760350802,246.518007777367,20.1574696699406,15.151282903495,86.3762770208651,8.24796817210406,13.8197241410476,16.7861739933388,10.8911748010804,197.8682,-0.006,0.412107638559343,0,0
90,2017,28,319.780795674253,269.447865992108,28.7346459311167,21.5982837510277,128.113279270452,15.4748411067628,13.8197241410476,16.4372488804322,9.83101997415402,187.9939,-0.007,0.0433989495673856,0,0
90,2018,28,300.717658757932,271.025196590836,16.9511767461701,12.7412854209259,72.0925551427927,34.6348856427259,13.8197241410476,13.4307822278847,8.24506186659094,187.1765,-0.006,0.605456209825601,0,0
90,2019,28,272.915547286062,261.175882112009,6.70207604160035,5.03758913245197,53.9527226387893,16.2202345771163,13.8197241410476,11.8158249432196,8.48884710002318,197.8618,-0.006,-0.00572801996235763,0,0
90,2020,28,312.289283465298,297.384040002487,8.50927804373174,6.39596541907922,58.7919996370706,29.1712168263743,13.8197241410476,13.1443754676569,6.23328407812175,240.7143,-0.007,-0.12706699300404,0,0
90,2021,28,308.077545194805,284.778002971181,13.3015125561115,9.99802966751188,106.592856252817,32.3552826570475,13.8197241410476,14.6070662586322,10.9367667266342,215.0269,-0.006,-0.0512262091768942,0,0
91,2010,28,998.962822652982,819.836468999271,117.751822999916,61.3745306537952,466.209503207503,96.106915987754,74.0499913855763,8.11199832172673,21.0043826216007,1056.0706,0.008,-0.0779056270060307,0,0
91,2011,28,847.253809967877,745.188526506627,67.0943886671158,34.9708947941341,351.135717230518,100.701568704136,74.0499913855763,9.73837483276125,19.601146347558,927.9973,0.003,0.205923433683943,0,0
91,2012,28,858.003932944907,761.470019156979,63.4582466398002,33.0756671481282,247.35691393844,-38.8594772217261,74.0499913855763,23.4361693248488,0,895.5352,1e-04,0.50350403656632,0,0
91,2013,28,808.403982958714,808.403982958714,0,0,147.565471070549,61.9032150880456,74.0499913855763,11.6400084561586,19.8055117914537,847.2487,0.002,-0.369308588298787,0,0
91,2014,28,1032.43912159467,942.300399015581,59.2542565070578,30.8844660720273,317.905093709451,21.8154489009318,74.0499913855763,29.7210855153086,64.0447462921754,1065.6461,0,0.159675301456185,0,0
91,2015,28,959.318469359316,870.667489630462,58.2762628774413,30.3747168514131,247.392398503621,143.661747215946,74.0499913855763,13.5326243854138,38.0545172836346,1005.2915,-0.003,0.191767777958237,0,0
91,2016,28,955.854006498862,833.497405068221,80.4332393344261,41.9233620962141,356.233045346528,-23.7293033985696,74.0499913855763,11.300083100609,0,1027.3733,-0.006,0.194242675535948,0,0
91,2017,28,1064.54699110532,991.347675246349,48.1188429783112,25.0804728806588,223.491951634434,94.1547358266927,74.0499913855763,18.6280210952872,39.5836720922349,1080.4074,-0.007,-0.040672660776365,0,0
91,2018,28,1196.65866506082,992.101401405003,134.469273850748,70.0879898050683,380.305270792546,-29.1934988652357,74.0499913855763,23.2714911091063,0,1256.3742,-0.006,-0.126399424922545,0,0
91,2019,28,1247.97347381294,999.801840425781,163.139938105914,85.0316952812427,616.563549973734,118.559726563068,74.0499913855763,12.4948004264488,28.6129426164114,1364.7503,-0.006,0.22501700318028,0,0
91,2020,28,1276.98074192817,1104.92197598683,113.105821334785,58.9529446065513,401.981174581036,35.8894278844772,74.0499913855763,16.331923943469,29.7704084346954,1371.8149,-0.007,0.17718812842991,0,0
91,2021,28,1171.30301093032,1058.3240907149,74.268657540173,38.7102626752439,278.123020776219,91.3671027910288,74.0499913855763,29.8732438358589,53.4243080437438,1236.5716,-0.006,-0.315373883166735,0,0
92,2010,38,14.8270397991356,11.0001729463991,3.14900998622181,0.677856866514682,7.85584272309159,-1.12299975596198,17.3782794868216,2.0675215587949,0,20.0677,0.008,-0.202324094928201,0,0
92,2011,38,19.6492111863397,14.7924414499497,3.99648511150461,0.860284624885364,7.68624085387764,0.212033156012428,17.3782794868216,1.26554781510102,0,27.2796,0.003,0.13695146883873,0,0
92,2012,38,18.5843911219381,14.4810409312305,3.37651954581688,0.726830644890749,7.03381133776672,0.40630679161654,17.3782794868216,-8.33283924465123,0,25.0728,1e-04,0.112424260496963,0,0
92,2013,38,20.7509041026107,16.0680379896675,3.8533852159641,0.829480896979104,7.43088630474125,0.0218284715544037,17.3782794868216,6.10572379402339,0.406208218180081,29.342,0.002,-0.355421270134622,0,0
92,2014,38,19.135485982453,15.4754321862325,3.01174469818986,0.648309098030718,6.94241620113655,-1.05932453455246,17.3782794868216,2.18904522896116,0,27.3301,0,-0.14533065251534,0,0
92,2015,38,20.7901660627318,16.2951213146551,3.69883284287395,0.796211905202742,10.4906724653336,-1.50651444362638,17.3782794868216,1.00962269294291,0,27.6035,-0.003,0.310920716587861,0,0
92,2016,38,26.9880286224926,16.4595739367523,8.66353866510202,1.86491602063824,17.8788824206073,-2.52448602225204,17.3782794868216,9.47134838591706,0,37.9312,-0.006,-0.139140258095855,0,0
92,2017,38,21.4916325509244,14.3078991852995,5.91127127679693,1.27246208882793,10.7058314920137,1.10148515328718,17.3782794868216,5.42019736604176,0,29.8919,-0.007,0.121962264127611,0,0
92,2018,38,23.8089160828685,16.9885466628578,5.61227036105992,1.20809905895082,12.6207630257553,0.345137619486093,17.3782794868216,1.08716556587073,0.0925404466847234,30.5821,-0.006,0.264400808407433,0,0
92,2019,38,21.2691614799916,14.9149868398623,5.22865314262408,1.12552149750523,11.2539941601191,1.4337148776789,17.3782794868216,8.58254515423851,0,29.2131,-0.006,-0.161880536014356,0,0
92,2020,38,23.7516722693104,16.5458340810033,5.92946064947406,1.27637753883308,12.9173038896377,-0.367618622989803,17.3782794868216,1.56136494560394,0,33.2135,-0.007,-0.147293584942349,0,0
92,2021,38,29.0985092315352,20.4150233153544,7.14537111363479,1.53811480254602,16.9745955471518,1.45035756248913,17.3782794868216,5.62933493780275,1.02666385046786,38.4484,-0.006,0.295806223598556,0,0
93,2010,37,191.170199528461,152.802480049568,28.8223136960061,9.54540578288648,69.7414463738674,33.8043230175765,58.5035431407454,1.3066204543907,2.85840236332765,249.7966,0.008,0.0660424525806022,1,0
93,2011,37,215.199490803869,178.641437670005,27.4628695645866,9.09518356927699,93.735237282052,0.0693802442615721,58.5035431407454,1.35941874885706,1.69786357237684,289.5942,0.003,0.143896494278027,1,0
93,2012,37,187.604789601444,166.799133220344,15.6294708940743,5.17618548702513,51.1474879186546,28.7371509801385,58.5035431407454,1.6136300381391,1.71206824860095,235.9074,1e-04,0.293624369911516,1,0
93,2013,37,188.012634354691,164.301246188683,17.8122931769353,5.89909498907256,55.9360136845724,21.4397625968521,58.5035431407454,1.59553427946376,2.00522738469318,250.6979,0.002,0.085024066398296,1,0
93,2014,37,238.964702817526,197.796807065194,30.9258413503292,10.242054402002,101.590747466281,27.7323035440347,58.5035431407454,1.64567992377071,2.7682811027611,338.0851,0,0.299991295674334,1,0
93,2015,37,245.843040136439,200.333106576923,34.1876347917519,11.3222987677641,111.576776787549,30.1054190945427,58.5035431407454,1.75842875324171,3.09091914946958,303.6301,-0.003,0.178748001167623,1,0
93,2016,37,313.725576669536,211.197942861639,77.0200487351392,25.507585072758,176.918653065144,22.3296868718384,58.5035431407454,1.9719639319712,2.12466651629901,423.384,-0.006,0.267032743423025,1,0
93,2017,37,306.365780103113,248.32505941141,43.6009197742084,14.4398009174943,98.8788725140744,30.1295557071204,58.5035431407454,2.10559153231392,3.224389848991,420.5031,-0.007,-0.439131594118259,1,0
93,2018,37,244.899490797475,215.152116077189,22.3466022340054,7.40077248628018,88.0599295669649,28.5699687520079,58.5035431407454,1.7588579376304,1.11646983937862,323.3096,-0.006,0.38958652936747,1,0
93,2019,37,301.965046764252,253.835771609805,36.1553171599378,11.9739579945099,95.6008509742741,21.5637269709277,58.5035431407454,2.88246547792129,5.51536766597832,400.6953,-0.006,0.153733160133676,1,0
93,2020,37,294.934241025424,269.183514408114,19.3442698848056,6.40645673250466,73.748526487108,NA,58.5035431407454,2.73198547481139,3.19862709906695,377.4332,-0.007,0.272671773440419,1,0
93,2021,37,317.963627605678,263.13228459904,41.1899948700374,13.6413481366002,106.95474490236,35.1060940223543,58.5035431407454,2.26587872682458,2.05763053139996,438.6138,-0.006,-0.33043626969934,1,0
94,2010,73,1779.64835777753,1247.89175587028,247.001451023045,284.755150884207,713.804937518101,18.4684987899396,70.6253998406068,10.7567408830491,8.13384916227686,1535.1341,0.008,-0.297528073510389,0,1
94,2011,73,1870.99402989565,1358.85599098268,237.888609717093,274.249429195884,880.388430398439,NA,70.6253998406068,15.8989447872643,6.05360139477405,1780.7565,0.003,0.379101832572564,0,1
94,2012,73,1777.68156741153,1298.60720861766,222.530498625877,256.543860168001,839.10528277407,-45.778519027798,70.6253998406068,11.0151079894818,0,1765.9504,1e-04,0.382967195730056,0,1
94,2013,73,2024.94542558789,1456.78028445224,263.913252374994,304.251888760653,1061.16334537309,12.0015460066069,70.6253998406068,16.5426188000055,2.43073844306558,1798.8889,0.002,-0.134890090915021,0,1
94,2014,73,1846.20265949263,1333.68258915317,238.066063680688,274.454006658766,900.703724044152,121.425979849581,70.6253998406068,12.0679350863113,1.70298895972519,1829.9339,0,0.0280693941943468,0,1
94,2015,73,2268.77827480526,1686.55405258833,270.443709006228,311.780513210702,964.598301060053,203.999035281424,70.6253998406068,21.5535419458587,0,2293.1725,-0.003,0.337371079642899,0,1
94,2016,73,2643.10722423255,1657.31568256796,457.901115518013,527.890426146579,1266.24389221939,119.118411295865,70.6253998406068,14.9795167379231,8.46523208013014,2655.3886,-0.006,-0.0786155784388412,0,1
94,2017,73,1955.6119271304,1372.84351370798,270.696486342524,312.071927079888,1026.36290341878,-7.67482083108537,70.6253998406068,13.5368507046533,0,1873.125,-0.007,0.148307982975303,0,1
94,2018,73,1996.89310691923,1573.91500872739,196.473731834504,226.504366357337,933.205558790117,78.0513821846486,70.6253998406068,19.3390542768753,7.17091362519781,2089.2439,-0.006,0.652339179091072,0,1
94,2019,73,2988.63200306506,2040.77116886031,440.282265564275,507.578568640467,1710.47847330554,194.123343017001,70.6253998406068,17.9056393478412,12.3360761368677,2839.6749,-0.006,0.0169604035829021,0,1
94,2020,73,2670.18777128337,1994.66272913376,313.782029249651,361.743012899955,1323.01452245732,NA,70.6253998406068,27.3400536431534,0,2335.0448,-0.007,-0.10283201573137,0,1
94,2021,73,2936.94953974333,1816.93203573627,520.249203618169,599.768300388885,1581.84877758645,274.501523994812,70.6253998406068,11.8137872491779,5.59705395529709,2866.103,-0.006,0.0610479634174548,0,1
95,2010,48,14.0162304907097,11.0213058906507,1.83665700851909,1.15826759153986,6.05070344522498,-0.123625114748077,13.2384680549946,0.493027719261647,0,16.835,0.008,-0.216247868861919,0,0
95,2011,48,12.9074303247973,10.7212314233929,1.34070070885998,0.845498192544478,5.97972494017112,-0.266099922029422,13.2384680549946,0.744937009886196,0,15.9102,0.003,0.0911102406701138,0,0
95,2012,48,10.9764884602216,9.66245149964967,0.805841720703084,0.508195239868815,4.49929210240001,-0.710485725852388,13.2384680549946,0.601710566475114,0,15.1173,1e-04,0.68667863495776,0,0
95,2013,48,13.3226731020496,10.9648007802921,1.44598055151832,0.911891770239144,5.57345810716829,0.136849604136601,13.2384680549946,0.572742872533878,0.0123060519170249,16.7413,0.002,0.362468695904675,0,0
95,2014,48,15.8298458060143,13.0076276300669,1.7307436695808,1.09147450636664,4.85879781938928,0.627194026435363,13.2384680549946,0.544637281294097,0,20.2488,0,0.720979871430395,0,0
95,2015,48,13.7828772021483,11.6618758907154,1.3007178623611,0.820283449071764,6.21411362318042,-0.240206529222743,13.2384680549946,0.57557534873329,0,17.822,-0.003,0.280486578296952,0,0
95,2016,48,18.7857131777116,14.6976405734247,2.5070371387148,1.58103546557207,9.2983888565852,-0.905806563994877,13.2384680549946,0.673119363627071,0,26.1421,-0.006,0.102167275311595,0,0
95,2017,48,19.1983220918735,15.8454031651989,2.0561993599278,1.29671956674682,5.61104255968492,-0.104325261946404,13.2384680549946,0.707488641403346,0,24.68,-0.007,-0.139259096607029,0,0
95,2018,48,19.9792396466906,14.541459272824,3.33475421526572,2.10302615860085,11.0978590458899,0.576667031934074,13.2384680549946,0.775313268401261,0.0815307248879336,24.9899,-0.006,0.207592307392368,0,0
95,2019,48,20.5117290119536,18.0064745706894,1.53636359579163,0.968890845472519,5.16520292662044,1.24406959543588,13.2384680549946,0.911677105074505,0.037849752490867,27.0087,-0.006,0.0715485728906498,0,0
95,2020,48,19.2512503388899,16.6722097791828,1.58161341328852,0.997427146418555,6.06289015198155,0.0166026947869002,13.2384680549946,0.575546620981703,0,24.6287,-0.007,0.244248571159633,0,0
95,2021,48,21.5427200421125,15.8032393493925,3.5197738999295,2.21970679279055,12.1613051945287,0.944180301874421,13.2384680549946,0.876874618245029,0,27.6135,-0.006,0.180100376086796,0,0
96,2010,35,670.637247638484,360.792791718784,159.400171816284,150.444284103415,395.265873126907,53.9076177442438,24.5670985465765,7.87077578451244,1.09799810778317,416.3293,0.008,-0.0185181812617588,0,0
96,2011,35,605.167920741739,376.595645665432,117.589517009286,110.982758067022,321.462046896554,15.2996447805345,24.5670985465765,10.516112383119,9.5515460449046,374.2458,0.003,-0.0441668375063045,0,0
96,2012,35,656.204986682226,392.66061889019,135.580988152816,127.96337963922,385.370433741287,125.987746766824,24.5670985465765,9.67422047840957,4.13306571815352,413.9604,1e-04,0.560593149868521,0,0
96,2013,35,814.756427853559,442.113645558235,191.706910964923,180.935871330401,503.57714974531,92.057944996282,24.5670985465765,8.98708761302215,2.56862642347389,504.4826,0.002,-0.381104205706854,0,0
96,2014,35,670.544664760261,420.112517474839,128.835377051132,121.59677023429,342.907092337121,67.4177242692919,24.5670985465765,14.8376875018868,7.04974638370562,423.7514,0,-0.0960824811555127,0,0
96,2015,35,819.264888802697,530.956334649314,148.320979091728,139.987575061654,427.616067651589,131.292463297003,24.5670985465765,12.2264152400494,9.07948218804344,531.2912,-0.003,-0.29369622302902,0,0
96,2016,35,782.917718693511,504.19278759438,143.390662824052,135.334268275079,431.010167752417,152.733195997964,24.5670985465765,11.6582166534604,2.58940992275484,474.2108,-0.006,0.0804090184973639,0,0
96,2017,35,554.385953895506,387.097845017879,86.0617409427713,81.2263679348561,257.215583627708,26.1201227973902,24.5670985465765,12.8014862448983,8.41775329767376,352.3534,-0.007,-0.282188034446448,0,0
96,2018,35,803.757827420751,465.592861297839,173.96972149216,164.195244630751,544.548292807449,106.573850426556,24.5670985465765,13.9397010291136,5.49381943965608,504.8144,-0.006,0.225324501400448,0,0
96,2019,35,826.073361566369,497.95083499553,168.803366053257,159.319160517583,457.388511777405,146.446075266893,24.5670985465765,13.7636217515581,9.71753343687365,492.0659,-0.006,-0.117280627408817,0,0
96,2020,35,1018.27224099329,586.287287187936,222.235623529984,209.74933027537,698.160315762583,129.125049224865,24.5670985465765,13.8255348765951,2.87247124918939,604.3691,-0.007,0.525287811226328,0,0
96,2021,35,980.91331866568,559.130059337778,216.987339039315,204.795920288587,585.31210852192,72.6596361627347,24.5670985465765,12.9661275782333,7.52374390993092,604.0547,-0.006,0.262345000503426,0,0
97,2010,37,44.1174963960758,22.822639158641,16.470109169774,4.82474806766079,33.591048864785,1.15052507303843,54.2786049823132,0.225877528560167,0.129162481765425,16.7139,0.008,0.0660008002792445,0,1
97,2011,37,55.5869872997495,23.6358311670495,24.7120243042049,7.23913182849507,43.3044488596386,8.13368764859374,54.2786049823132,0.239975313068196,0.476146357936433,21.2259,0.003,0.342884151378648,0,1
97,2012,37,51.4544825957109,21.4909692215377,23.174719176566,6.78879419760716,35.3943974073781,2.80823372392508,54.2786049823132,0.269858101498125,0.256518583399143,20.7327,1e-04,0.0692202110376524,0,1
97,2013,37,47.5590468223778,23.6587724380744,18.4852203472414,5.41505403706202,35.2229396343367,8.49119336633313,54.2786049823132,0.250964676365011,0.452604078365015,18.4675,0.002,-0.0161403116508522,0,1
97,2014,37,45.7315816250829,23.0730638475518,17.5248069174732,5.13371086005788,35.3189095071404,3.97318186807003,54.2786049823132,0.372828045482098,0.262133296062337,17.9512,0,0.648571462351335,0,1
97,2015,37,58.6912946155705,31.2259367201307,21.2425675307932,6.22279036464666,33.8209048405017,1.87837004104318,54.2786049823132,0.303083390958656,0.144615624835537,22.6365,-0.003,0.286746128453231,0,1
97,2016,37,62.3440159974925,31.452843920885,23.8921994550684,6.99897262153905,47.7667475257846,8.34346451495702,54.2786049823132,0.389460366601541,0,26.6636,-0.006,0.24722758963115,0,1
97,2017,37,53.3145157809807,27.0477641312039,20.3155279410212,5.95122370875553,35.6667396850703,7.3654352902225,54.2786049823132,0.274861576555649,0.187946628620328,21.8969,-0.007,-0.167465737044475,0,1
97,2018,37,55.460548632001,27.8551973764595,21.3508427776384,6.25450847790306,43.960015158881,-1.98701456082509,54.2786049823132,0.4197121259247,0,21.469,-0.006,0.144326686585042,0,1
97,2019,37,61.3768110260601,31.3949310412879,23.1889244881242,6.79295549664802,43.5080538622274,4.1319313151154,54.2786049823132,0.327062806378442,0.33802542016091,22.614,-0.006,-0.145468434032779,0,1
97,2020,37,61.021508073849,34.0479546931115,20.8621905244098,6.11136285632762,44.057314816823,5.2061317281776,54.2786049823132,0.417957743028254,0.318196100635091,26.4058,-0.007,0.133605932223796,0,1
97,2021,37,65.0587272561551,30.7015772714197,26.5728952629999,7.78425472173546,43.8373747337232,2.17856309135017,54.2786049823132,0.629267616223087,0.507589680046341,24.5802,-0.006,-0.303613742986735,0,1
98,2010,48,15.3903339118026,7.38402792572577,5.5237735193903,2.48253246668656,11.7558666493255,-0.0648014354336372,20.7720534774077,0.235232280144971,0,16.5639,0.008,0.155168176329997,1,1
98,2011,48,20.1104055589048,8.2958283846036,8.15120589341553,3.66337128088562,14.4436748299536,-0.969553280491739,20.7720534774077,0.235493498023926,0,19.993,0.003,0.131907001557014,1,1
98,2012,48,17.325288638981,8.36356088515907,6.18294561070148,2.7787821431205,13.6058482493044,1.06433190447302,20.7720534774077,0.308331009939477,0.0264793727575922,20.1626,1e-04,0.22901650097215,1,1
98,2013,48,19.2550002062838,8.49719671420759,7.42210829309723,3.33569519897898,13.2550812084983,1.3277099819906,20.7720534774077,0.322436714586933,0.018351012939839,22.6107,0.002,-0.00713405147525481,1,1
98,2014,48,15.2906816726247,8.60471853803567,4.61283220734851,2.0731309272405,9.92322454204313,-0.747448238355986,20.7720534774077,0.203061320647053,0,16.6894,0,0.111389929101621,1,1
98,2015,48,20.2838904800725,9.87015390318139,7.1847269441577,3.22900963273345,15.6059316398466,0.374925285079177,20.7720534774077,0.373055080980659,0.0445397019758911,22.3665,-0.003,0.332440163544282,1,1
98,2016,48,21.6178419102328,10.2664919107969,7.83161256205495,3.51973743738098,15.2309856940598,0.22263001660073,20.7720534774077,0.235730590597377,0.0295589634008169,22.3978,-0.006,0.385235574398447,1,1
98,2017,48,24.8012891113462,8.85774293769593,10.9998966205313,4.94364955311904,20.9760212376626,0.642514871301169,20.7720534774077,0.2958402210317,0.107643835979598,30.0285,-0.007,0.0541682027974509,1,1
98,2018,48,21.8486878040511,12.0535841612774,6.75791485058505,3.03718879218865,14.9842780908698,0.248850595505357,20.7720534774077,0.377721252203467,0,23.7153,-0.006,0.379203880639528,1,1
98,2019,48,28.3858661678708,11.2975248836562,11.7897226561412,5.2986186280735,25.039798701302,-0.811302260481607,20.7720534774077,0.389566108721582,0.0152586969563188,28.7856,-0.006,0.249610075659163,1,1
98,2020,48,22.6655126856597,11.6759404747206,7.58201198827254,3.40756022266657,13.3850706543324,2.25210923151662,20.7720534774077,0.283665737667627,0.0593591199953646,27.4748,-0.007,0.335903271403356,1,1
98,2021,48,25.1595451317225,11.5525413276652,9.38785095421077,4.21915284984658,18.6255519671229,0.166022655868376,20.7720534774077,0.390437818066946,0.0508716256758623,26.3892,-0.006,-0.176421971296265,1,1
99,2010,50,119.834333828272,97.755646337064,12.4943725861121,9.58431490509635,42.9803894399864,9.26894634253789,16.8202050765159,3.18847405353733,1.0645954855991,101.0814,0.008,-0.0166968531290119,0,0
99,2011,50,137.834927942654,116.887717244006,11.8540676484014,9.0931430502463,56.8890831670331,5.93431255238689,16.8202050765159,3.63171593278212,1.11098622809835,107.7856,0.003,0.178593192701969,0,0
99,2012,50,149.186995217519,123.74885405839,14.3954940105398,11.0426471485891,43.2971461835624,NA,16.8202050765159,5.22873228026067,0,122.2325,1e-04,-0.1605811638708,0,0
99,2013,50,130.055396898945,100.998953192846,16.4430985236758,12.6133451824229,64.2519074110702,9.01262945171536,16.8202050765159,2.94959411488261,0.836040181546524,110.9726,0.002,0.289218736290332,0,0
99,2014,50,131.179369344975,117.983301801439,7.46768052340436,5.72838702013073,27.659677744169,9.34312683252965,16.8202050765159,3.70640146668023,2.01924226666041,113.2456,0,0.206119396895536,0,0
99,2015,50,138.059021089668,104.593489240835,18.9382101575656,14.5273216912673,70.2577609530504,9.6767737966848,16.8202050765159,3.42460370218242,0.957513965378444,114.5232,-0.003,0.234505519934975,0,0
99,2016,50,152.695426040979,120.826229512372,18.0348408666508,13.8343556619571,60.314042040233,-3.00986150954957,16.8202050765159,4.34763567038951,0,142.0659,-0.006,0.138845265393792,0,0
99,2017,50,170.321576817446,139.277376844091,17.5679736967755,13.4762262765801,80.0086944137462,2.42522118671587,16.8202050765159,5.61720635666506,1.887235532088,151.0208,-0.007,-0.167969403829612,0,0
99,2018,50,227.087423893203,164.23680855432,35.5672865800159,27.2833287588675,91.1931746899837,15.042811728779,16.8202050765159,5.1842189804765,1.63039492621367,176.9352,-0.006,0.399365762886228,0,0
99,2019,50,182.110220377492,145.504199561086,20.7154190282945,15.8906017881111,74.2210165314392,1.97382738948867,16.8202050765159,6.70392685069287,1.15296410027927,152.2702,-0.006,-0.105728646474668,0,0
99,2020,50,168.982046164459,135.921367862873,18.7091027405545,14.351575561032,52.28306371151,15.5767929456503,16.8202050765159,5.59800478736053,1.28660209848472,150.1129,-0.007,-0.104562359247505,0,0
99,2021,50,234.17420764428,196.468166538914,21.3379226688767,16.3681184364893,92.733444051868,5.08950909451915,16.8202050765159,5.14183012460409,1.64196558939523,211.5032,-0.006,0.0971747265008372,0,0
100,2010,51,46.9999101605304,28.0038620511347,9.64869977485207,9.34734833454372,24.0191469470964,-0.302082948757955,45.5327730916012,0.364389452990027,0,49.3344,0.008,0.0523228864164892,1,0
100,2011,51,45.0950357460093,30.261781921755,7.53428355256772,7.29897027168656,23.9509957403547,-0.0839463644023703,45.5327730916012,0.274912700501402,0,49.1169,0.003,0.681064177450656,1,0
100,2012,51,57.4828426654664,32.9434604230888,12.4643362952911,12.0750459470865,30.7613094800173,4.985387828211,45.5327730916012,0.639224080589773,0,63.0519,1e-04,0.290427906254991,1,0
100,2013,51,53.3391603908965,33.7780566640056,9.93570957699123,9.62539414989964,34.3777001429154,0.850821633061393,45.5327730916012,0.413883216653073,0.0544426172630414,55.2029,0.002,0.31425779611448,1,0
100,2014,51,59.1024715505666,37.14103848746,11.1549135394439,10.8065195236628,36.5374196022879,3.27881303927663,45.5327730916012,0.472166813650855,0,67.4538,0,-0.127791076655652,1,0
100,2015,51,67.0835300120421,44.8197918726854,11.3084639465787,10.955274192778,33.8475040018515,3.13505298075478,45.5327730916012,0.627288464467717,0,67.9049,-0.003,0.302968172379161,1,0
100,2016,51,57.3464730211829,33.7822338727546,11.9690299612129,11.5952091872154,40.2245704072263,0.867774502040378,45.5327730916012,0.32927648536007,0,63.1896,-0.006,0.234375553601991,1,0
100,2017,51,62.637978482052,42.1551797685792,10.4038679096245,10.0789308038484,33.7824843807997,0.822918070068316,45.5327730916012,0.559304641512714,0,60.1219,-0.007,0.432573511792716,1,0
100,2018,51,68.6447467616656,43.1707892256928,12.9390369473933,12.5349205885796,35.5569087302446,-0.263448188652093,45.5327730916012,0.681841745377817,0.174762586352421,75.242,-0.006,-0.0854503022973398,1,0
100,2019,51,61.6798122649177,40.9495114289191,10.5295821455612,10.2007186904374,35.2085731183599,-5.33869053507405,45.5327730916012,0.455311692753872,0,66.2515,-0.006,0.394415808997142,1,0
100,2020,51,93.042616774439,48.0104014922821,22.873300959852,22.1589143223049,58.1447384160711,1.13898134727399,45.5327730916012,0.497068911621158,0.0141115263972612,105.2269,-0.007,0.147035757965481,1,0
100,2021,51,61.664455963841,43.7261702179807,9.11142847399432,8.82685727186603,32.1830105743783,0.722787620834445,45.5327730916012,0.722402070799194,0.18896381268551,65.9038,-0.006,0.237545363942503,1,0
101,2010,73,5.86681261342172,5.81272188788713,0.039927859869971,0.0141628656646221,1.02726712273918,0.153331686929224,34.6311342353142,0.654100690776548,0.197419651631109,5.6071,0.008,-0.204345154792701,0,0
101,2011,73,6.79379318977647,6.28411147237069,0.376229011345937,0.133452706059849,1.78866728053455,0.80267578684759,34.6311342353142,0.601376738384501,0.500354461927836,6.6234,0.003,0.268424732034623,0,0
101,2012,73,6.719996344192,5.5085778361909,0.894226282848126,0.317192225152976,2.90915030495712,0.0584135695386655,34.6311342353142,0.144558771916618,0.0533866614814267,6.7116,1e-04,0.0302185914788868,0,0
101,2013,73,6.50242191595211,6.29376412312114,0.15402380039447,0.0546339924364952,1.43279497286492,0.970344895885552,34.6311342353142,0.297677124965754,0,6.1109,0.002,0.0753416026388937,0,0
101,2014,73,7.77743488338757,7.77743488338757,0,0,1.36933363922044,0.526274553657127,34.6311342353142,0.291439524939288,0.141499497645592,7.5458,0,0.221320884628676,0,0
101,2015,73,8.19523646126481,7.66535995600065,0.391136089255203,0.138740416008956,2.63093318795487,-0.262079085498506,34.6311342353142,0.313146448634718,0,8.6393,-0.003,0.770748020801304,0,0
101,2016,73,8.7811744277699,8.03729013357358,0.549109067489724,0.194775226706597,2.47880567481631,1.30989263612706,34.6311342353142,0.39158856496586,0.138013291406009,9.0899,-0.006,0.265553382974517,0,0
101,2017,73,8.90756646025891,8.85575517988133,0.0382452541014026,0.013566026276176,0.956361163678658,0.772096250650616,34.6311342353142,0.307561854773399,0,8.7666,-0.007,0.358846870646349,0,0
101,2018,73,9.24955559793542,8.91460042012875,0.247252061605881,0.0877031162007905,2.59928266635284,0.0563455919569682,34.6311342353142,0.268137602739568,0.0700892030670466,9.4365,-0.006,0.592157463313302,0,0
101,2019,73,9.77256300164501,8.96966662873287,0.592669696161531,0.210226676750612,1.87732962651691,0.787930632005025,34.6311342353142,0.897213326917225,0.212591788416655,9.6899,-0.006,0.24648818959796,0,0
101,2020,73,9.04486831007229,7.94729205069285,0.810191962632895,0.287384296746544,3.58605907543273,1.02728519873811,34.6311342353142,0.290862179646639,0.15194491553135,8.697,-0.007,-0.0275594250321384,0,0
101,2021,73,9.63960116117311,8.85694537984516,0.577728807562396,0.20492697376556,3.03498577777123,1.32554046279175,34.6311342353142,0.373669198311003,0.117475280249946,9.5739,-0.006,-0.200164669734814,0,0
102,2010,20,8.21424085324307,5.34192090302424,1.32173085021965,1.55058909999917,3.90922972684752,1.55648185264003,41.1310957810657,0.140888197486369,0.173500385486068,5.0632,0.008,-0.164480055794285,1,0
102,2011,20,7.43172682666546,4.86564132154139,1.18081357063498,1.3852719344891,4.32459713580097,0.594704637305003,41.1310957810657,0.0978822160434406,0.00416679107913548,4.5144,0.003,0.416613972407014,1,0
102,2012,20,7.21222253486965,4.46429388671328,1.26449077102081,1.48343787713556,4.41505112215937,0.774460828663496,41.1310957810657,0.271498196859493,0.19535151021324,4.6113,1e-04,0.287177445700449,1,0
102,2013,20,8.26776461224392,5.21270809147265,1.40581917148905,1.64923734928221,4.3122553823107,1.38632414246698,41.1310957810657,0.159407253571011,0.125199313434585,5.3736,0.002,-0.0703980948878574,1,0
102,2014,20,8.87881821148846,5.90352084836243,1.36911708360388,1.60618027952214,4.97083089901569,0.848485363533965,41.1310957810657,0.112899632773385,0.0391660954468898,5.3203,0,0.235256408578462,1,0
102,2015,20,10.4234453714345,6.02004166672392,2.02627653720962,2.37712716750098,5.78055412039969,2.0103241910131,41.1310957810657,0.175633148026301,0.0709160751704151,6.1499,-0.003,0.182007205787747,1,0
102,2016,20,10.7486074957253,6.46236443612557,1.97236372743965,2.31387933216012,7.4566737611502,2.27685193094819,41.1310957810657,0.139708801251363,0.0758763472583286,6.6613,-0.006,0.583841777021562,1,0
102,2017,20,8.44032638595284,5.2651993509817,1.46107099077458,1.71405604419656,5.66222956921553,0.737601355252352,41.1310957810657,0.134713148359489,0.0739713387748209,5.1328,-0.007,0.458075022044312,1,0
102,2018,20,9.74338874257056,6.33214512273199,1.56972273566254,1.84152088417603,5.99764529423314,0.669848263470143,41.1310957810657,0.394132189211718,0.281840288212241,6.1982,-0.006,0.236797316170098,1,0
102,2019,20,14.7381706448494,7.68823456192798,3.24410865584943,3.80582742707196,9.49260987008728,2.50893648680741,41.1310957810657,0.118277462958311,0.0592892668487401,9.4545,-0.006,-0.00177544581059233,1,0
102,2020,20,10.6155988644076,7.32196497626126,1.51560327356995,1.7780306145764,5.2437212518726,0.664259524403545,41.1310957810657,0.204431971466326,0.0530983674636385,6.9743,-0.007,0.133614178624725,1,0
102,2021,20,11.8644119606295,7.64530512701926,1.94147022581186,2.27763660779842,7.72604272026184,0.774201833405094,41.1310957810657,0.159646299839672,0.0532017616105516,7.4926,-0.006,0.107684161174182,1,0
103,2010,36,2.75885053901777,1.72521583370612,0.562444222561367,0.471190482750279,1.36028384256248,0.230454056220819,15.7932501341232,0.083910972841502,0,3.1465,0.008,-0.268696591426305,0,0
103,2011,36,3.41634303891173,1.90290859316783,0.823523490319894,0.689910955424007,2.5376318704215,-0.12230846258163,15.7932501341232,0.140969240544334,0,4.0758,0.003,0.260477791396641,0,0
103,2012,36,3.09920050674303,2.14409039222293,0.519715682011461,0.435394432508642,1.35898288259447,0.308395208713132,15.7932501341232,0.0949492549306294,0.00621334034421796,3.7862,1e-04,0.41353550083211,0,0
103,2013,36,3.27057134194471,1.81585656819376,0.791571641089779,0.663143132661173,2.3492414599494,-0.0592290850186147,15.7932501341232,0.127335689173223,0,3.7274,0.002,-0.0402420396586082,0,0
103,2014,36,3.5546777736613,2.17632821365778,0.750018108631758,0.628331451371767,2.29475185978184,-0.0371634538369204,15.7932501341232,0.0697809080408579,0,4.0706,0,0.0948138816270862,0,0
103,2015,36,4.48928839732101,2.69136066307777,0.978328283204334,0.819599451038908,2.38862285031423,-0.0697935663829424,15.7932501341232,0.130309147502075,0,5.132,-0.003,0.0431422827952494,0,0
103,2016,36,3.09307066612017,2.09917551626678,0.540820254964505,0.453074894888888,1.42812344472488,-0.314705451316579,15.7932501341232,0.0940925133932884,0,3.5827,-0.006,0.303396902564683,0,0
103,2017,36,4.31212010960175,2.65106582356463,0.903849669270438,0.757204616766688,2.85811393323968,0.275287577972611,15.7932501341232,0.165827258474924,0.0217812506611049,5.021,-0.007,-0.0999508943704146,0,0
103,2018,36,4.33171486321776,2.94691832461186,0.753526181502426,0.631270357103478,1.95806541235109,0.180985218716361,15.7932501341232,0.135164179621497,0,5.1246,-0.006,0.404443045517931,0,0
103,2019,36,3.84185927544278,2.63288200773787,0.657855503433035,0.551121764271868,2.0061841694009,0.0606568360467607,15.7932501341232,0.158529917926483,0,4.0528,-0.006,0.202721080307813,0,0
103,2020,36,3.38070005013946,2.24909108560753,0.615756147727006,0.515852816804929,1.87328072181997,0.146475495368826,15.7932501341232,0.115014198958391,0.0320035565705664,3.9636,-0.007,0.100962698036827,0,0
103,2021,36,4.88843617504136,3.24164784009395,0.896086963811227,0.750701371136184,2.22413390743469,-0.382454807210472,15.7932501341232,0.127679844488447,0,5.4441,-0.006,0.230394969774706,0,0
104,2010,48,72.8024764296862,35.2472536202205,27.5788960712216,9.97632673824411,48.672287249781,3.40206719181324,3.64325771666047,4.65775762998974,0.48888228648896,59.1159,0.008,-0.0462575863140905,0,0
104,2011,48,66.5510626618972,32.2635938916974,25.1792019063793,9.10826686382055,48.8733314201599,-1.86647340552512,3.64325771666047,4.25420455692008,0,45.0898,0.003,0.407352345751648,0,0
104,2012,48,84.7074363614761,44.4599419716797,29.5559813487114,10.691513041085,53.231083273074,8.89141839188055,3.64325771666047,6.28089199482417,0.885396824793363,61.8078,1e-04,0.448730715276556,0,0
104,2013,48,98.3516993250971,43.1030613397542,40.5721583068407,14.6764796785022,66.2445915238696,-1.4424434244459,3.64325771666047,5.69429102744322,0,69.2103,0.002,-0.383053935771068,0,0
104,2014,48,62.0753249338072,34.2060447909299,20.4659677973325,7.40331234554478,45.1986037351283,0.0230078312738106,3.64325771666047,4.42964454781658,0.443235977606099,50.281,0,0.281155015543927,0,0
104,2015,48,79.6145706769062,39.3880465164126,29.540581738983,10.6859424215107,54.8080124112799,5.42809611213244,3.64325771666047,6.81434331377527,1.22961696130278,63.1549,-0.003,-0.00799939782152934,0,0
104,2016,48,75.8944482506127,37.5113603391071,28.1868436189165,10.1962442925891,60.8946433451986,5.03347594249043,3.64325771666047,5.69113219412003,0.849382058182421,61.3709,-0.006,0.147660549745974,0,0
104,2017,48,54.9926068775204,30.9388920779783,17.6639852184867,6.38972958105542,31.2955135924341,4.75797875954358,3.64325771666047,3.65522799570772,0.448376002965468,44.9227,-0.007,0.391958093851818,0,0
104,2018,48,89.4476046201155,49.2569366834059,29.5142505127175,10.6764174239921,64.7099639624539,0.120875882293691,3.64325771666047,7.5125722799226,0.908074386593666,67.9407,-0.006,0.399076638921317,0,0
104,2019,48,123.939816929327,57.7899026663561,48.5775738792547,17.5723403837161,97.6697391869883,12.6815612637912,3.64325771666047,8.3711151802054,1.00891468785682,91.4485,-0.006,0.286033996888616,0,0
104,2020,48,69.2093634587356,39.7668030906829,21.6213152716679,7.82124509638473,44.3937095081688,-0.92145447410948,3.64325771666047,6.995084476899,0,54.4487,-0.007,0.0798251340030212,0,0
104,2021,48,77.9981887860057,41.4769305131289,26.8195982062992,9.70166006657766,55.1942011380923,1.95354052193472,3.64325771666047,4.85656868570897,0.580781700838745,62.9595,-0.006,-0.0354955084473603,0,0
105,2010,48,197.739924342503,144.969718772267,40.9294073061611,11.8407982640754,74.2859923844165,9.18220508595226,48.9232656649722,2.81773295776626,0,183.0664,0.008,-0.35834481469825,1,0
105,2011,48,183.89631490879,144.862726249837,30.2750696454464,8.75851901350648,62.9007162252589,-3.95205556947587,48.9232656649722,2.28711853729153,0,184.1586,0.003,0.205863013017038,1,0
105,2012,48,265.877038270615,181.298851013386,65.6001817324811,18.9780055247482,161.952936343179,22.9392220622144,48.9232656649722,3.86490347231368,0.798860287080734,261.2461,1e-04,0.293738924263506,1,0
105,2013,48,331.833416969002,231.242605659844,78.0198265828216,22.5709847263357,136.564457335015,-10.221192987896,48.9232656649722,3.09553020861213,0,326.3963,0.002,0.0556122769917888,1,0
105,2014,48,210.639879219068,176.732723585287,26.2989269898002,7.60822864398032,70.7119371080285,9.96702633675563,48.9232656649722,4.1218685180193,0,193.9555,0,0.15277331133599,1,0
105,2015,48,294.240291607126,189.614494989966,81.1494251007919,23.4763715163677,151.700781794482,9.34225332874492,48.9232656649722,2.86448784991149,0.671063295601342,277.9889,-0.003,0.242902262102313,1,0
105,2016,48,222.264608053369,181.104264926729,31.9246140978039,9.23572902883573,81.8012969827247,14.1380871123598,48.9232656649722,4.75852682222047,1.00970308148801,256.1868,-0.006,0.0560343016873379,1,0
105,2017,48,283.549390508524,223.765843397425,46.3690660947008,13.4144810163983,113.733633172609,3.22109894299702,48.9232656649722,4.39048927161732,0,287.6272,-0.007,-0.209720200013335,1,0
105,2018,48,278.344378791686,192.433783307531,66.6336186582733,19.2769768258818,119.593609853118,-0.301930607293516,48.9232656649722,3.48566664842006,0,279.0204,-0.006,0.308164402224023,1,0
105,2019,48,255.68494377539,192.29020068258,49.1699668984899,14.2247761943194,97.1336495529613,0.679377455144802,48.9232656649722,3.40503959968753,0.469309831936183,245.9362,-0.006,-0.530795248747899,1,0
105,2020,48,350.944146868837,264.716280854219,66.8796987071807,19.3481673074378,130.299556442118,23.4707910389531,48.9232656649722,10.7062843531341,2.09877452317659,322.848,-0.007,0.314483108269852,1,0
105,2021,48,381.012960138576,290.131349071163,70.4892170842,20.3923939832129,178.091969809928,20.8115836695774,48.9232656649722,10.7522625646255,2.46964279844584,364.086,-0.006,0.129859038384189,1,0
106,2010,48,66.0198626224688,31.9515076630043,19.7255112838049,14.3428436756596,50.1367503896883,-2.44380442778166,61.2332413790525,0.322270457818183,0,73.1454,0.008,0.156915477971602,0,0
106,2011,48,86.7581569725848,35.8874756618793,29.4540255730897,21.4166557376157,63.8685008118364,5.81357415973166,61.2332413790525,0.305709471109935,0,94.209,0.003,0.497780265835935,0,0
106,2012,48,96.8894626148012,38.9702843978037,33.5350915777253,24.3840866392723,82.1992714817345,9.60732307976805,61.2332413790525,0.404032416022094,0.165170861889472,104.5458,1e-04,-0.0500757006136557,0,0
106,2013,48,77.3069463392065,40.1171036700063,21.5328465987596,15.6569960704407,59.9073555054788,1.20371407216397,61.2332413790525,0.455800714581042,0.0157818170133042,83.5161,0.002,-0.118626992595505,0,0
106,2014,48,73.9360421448842,37.3424311973068,21.1876295911692,15.4059813564082,57.7298238484993,10.4281217908801,61.2332413790525,0.326590985693281,0,72.8822,0,0.323843296705651,0,0
106,2015,48,96.3850053199085,43.3051420201246,30.7331376495429,22.346725650241,71.244227279266,2.71112324490315,61.2332413790525,0.536689122247574,0.0295171631641305,101.1198,-0.003,-0.156059734331973,0,0
106,2016,48,84.1831359724472,39.0431330313538,26.1359739390106,19.0040290020829,65.8993393285352,-0.403418858381563,61.2332413790525,0.477137369300731,0,89.8969,-0.006,0.510510932069863,0,0
106,2017,48,99.2939365758686,42.6074833018564,32.821346232474,23.8651070415382,70.812757872361,2.10745060583687,61.2332413790525,0.866654627713792,0.200606593993161,103.4114,-0.007,0.247553496127185,0,0
106,2018,48,104.461382282011,50.1503181675647,31.4460005274585,22.8650635869879,67.9460685831957,0.439170648995246,61.2332413790525,0.662549343343044,0,111.9109,-0.006,0.533618608345203,0,0
106,2019,48,105.987452250272,44.6947107723127,35.4883781467395,25.8043633312198,92.1826208360352,5.81318278368743,61.2332413790525,0.409388779036518,0,107.9477,-0.006,-0.0883450103435482,0,0
106,2020,48,105.980781615045,46.8853826151512,34.2161211241434,24.8792778757499,85.0052751031649,5.72163531926567,61.2332413790525,0.852396739809403,0.67148706413689,105.8035,-0.007,-0.00521481402267157,0,0
106,2021,48,127.062327778653,55.3561852192993,41.5177171265124,30.1884254328417,85.8113273409075,NA,61.2332413790525,0.408198162694865,0.302246408891737,133.1563,-0.006,-0.0375024406540962,0,0
107,2010,35,820.973845725481,471.721164449845,227.452145909949,121.800535365687,527.62360895222,120.302773281374,66.2609688294079,5.53419297072296,15.98396784729,629.8518,0.008,0.104559557956255,0,0
107,2011,35,677.785407354685,428.947376278256,162.056720497077,86.7813105793525,363.004965162363,38.5953921772223,66.2609688294079,4.97965829555688,14.8944733416817,512.5816,0.003,0.178743295324442,0,0
107,2012,35,806.575214993328,485.584785698247,209.04624609625,111.94418319883,557.315701570304,38.544454814394,66.2609688294079,6.26361008457695,16.5236170023705,623.2366,1e-04,0.390665544848751,0,0
107,2013,35,990.765442428505,499.918785219401,319.665764875902,171.180892333202,644.085068098358,86.3558774050522,66.2609688294079,4.62807363148387,19.217846983643,831.6035,0.002,-0.133456917766988,0,0
107,2014,35,677.971675634974,453.533331487089,146.166330962606,78.2720131852794,368.400920061329,3.47473536348689,66.2609688294079,4.54084292249051,8.9953666517592,551.9713,0,-0.0895785604850919,0,0
107,2015,35,596.401580629685,412.082832115962,120.038290694741,64.280457818982,324.290932262514,34.5949115183687,66.2609688294079,5.02917156135698,12.7558173731455,469.9259,-0.003,-0.0411175528809606,0,0
107,2016,35,786.350066739322,519.164712526973,174.005484938128,93.1798692742207,392.61132176077,84.8659203086046,66.2609688294079,5.9366775611114,20.7271966241545,622.0875,-0.006,0.119226450968529,0,0
107,2017,35,764.239676387462,526.144253929038,155.060555502978,83.034866955447,424.742179489767,86.6714731292527,66.2609688294079,5.75164867193185,17.8136539351435,607.4074,-0.007,0.0451731180951442,0,0
107,2018,35,854.969376544548,600.296323236098,165.856801066989,88.8162522414607,367.105958602782,134.566227265894,66.2609688294079,8.53019060446166,33.1071498055034,664.5981,-0.006,0.0545959693364892,0,0
107,2019,35,1031.97581533236,621.747998543447,267.162436376407,143.065380412506,699.638181698281,24.5761650561885,66.2609688294079,6.81576363323385,18.3428697249173,797.3375,-0.006,-0.125821098166267,0,0
107,2020,35,1025.41796080989,621.839620250493,262.831939522222,140.746401037178,617.9038880717,114.434300869248,66.2609688294079,7.49656440629396,18.6349086125431,788.4819,-0.007,0.20954113874026,0,0
107,2021,35,1319.11537467905,786.206318156179,347.059063478774,185.849993044095,762.170576688374,214.544806626924,66.2609688294079,12.0668885523965,32.3409460894086,995.7027,-0.006,0.012108837481577,0,0
108,2010,28,37.4338651576784,8.91687380726688,13.9438569971626,14.5731343532489,39.0039371025885,-1.26977561112291,11.7756626496141,0.491843095568531,0,44.4245,0.008,0.118651185821563,0,0
108,2011,28,27.3669940056312,8.91412365040237,9.02283772712154,9.43003262810725,25.1138659620538,0.584451888447378,11.7756626496141,0.300636196717551,0.0944443829691518,32.1759,0.003,0.572736077165997,0,0
108,2012,28,16.5573643650531,7.81813734114447,4.27319033728858,4.46603668662002,13.6825651959295,0.16515299501091,11.7756626496141,0.343551837760143,0.10695052557928,21.1434,1e-04,0.548081701419042,0,0
108,2013,28,18.4866060682701,9.19066627910186,4.54540429884886,4.7505354903194,13.908560171624,1.19601835270814,11.7756626496141,0.316458541072177,0.0697624338661721,22.124,0.002,0.370526822319798,0,0
108,2014,28,27.1309153968775,10.8465533698357,7.96250953001811,8.32185249702367,21.2040413267212,0.0874497368886603,11.7756626496141,0.381858627526475,0.0845067682456576,34.7242,0,0.0824983508231307,0,0
108,2015,28,24.4800120620735,9.67218144537224,7.24053495056057,7.56729566614065,21.1079367638298,1.97483490949096,11.7756626496141,0.458666930567235,0.0731770959542395,29.7948,-0.003,0.628830245540733,0,0
108,2016,28,31.2511356739462,11.1312966978337,9.83792974656853,10.2819092295439,28.021626526937,-0.326148137885646,11.7756626496141,0.524633887751241,0,36.908,-0.006,0.803813686238819,0,0
108,2017,28,29.7648219349618,10.745880564441,9.2996275606099,9.71931380991083,23.0298348971082,NA,11.7756626496141,0.43994217195211,0,35.8296,-0.007,0.3453562867434,0,0
108,2018,28,33.2654562385632,10.73809513034,11.0151277165491,11.5122333916742,31.69602309791,1.52885300424498,11.7756626496141,0.32404338784504,0.092819327374272,37.043,-0.006,0.301709501675308,0,0
108,2019,28,28.6079145836064,11.4410110818044,8.39404285577845,8.77286064602357,24.8217527782055,NA,11.7756626496141,0.493921418547461,0,33.4786,-0.006,0.453163497439513,0,0
108,2020,28,29.2463831760531,11.9154467437387,8.47424948409295,8.85668694822146,22.5232127817813,2.47409323867053,11.7756626496141,0.429520867418296,0.0881572625029623,32.2866,-0.007,0.186715111091895,0,0
108,2021,28,30.5162801292741,11.7265657221402,9.1875432261132,9.60217118102076,26.5423793058752,3.48893789166551,11.7756626496141,0.436777930279489,0.0535833409851879,38.5645,-0.006,-0.173231384094782,0,0
109,2010,20,13.811716219833,12.402877418791,1.0930483306207,0.315790470421219,3.90542239396248,1.48047727706532,6.38151884934051,1.43927438467771,0.00518253108993069,16.6847,0.008,0.00804679001849656,1,0
109,2011,20,16.6971472252572,14.6116304083111,1.61804932797031,0.46746748897583,5.95184099171499,2.39066269065964,6.38151884934051,1.80485249305133,0.250103834870376,20.0743,0.003,0.2780954511127,1,0
109,2012,20,19.352511723329,15.2339847520741,3.19536133389934,0.923165637355518,7.68576211350603,1.39414108829937,6.38151884934051,2.25783479071876,0.0425857932387755,23.7949,1e-04,0.607596827032377,1,0
109,2013,20,21.2498197052748,17.2091827975624,3.13493028681005,0.905706620902388,7.93590713005061,2.81241148604492,6.38151884934051,2.66338109003732,0,26.8304,0.002,0.31656903925661,1,0
109,2014,20,18.1689804464515,16.0953152627056,1.60885423206924,0.464810951676588,4.79524849832317,0.313228121351698,6.38151884934051,2.25822750093453,0.137993953291229,23.9157,0,0.228347430244177,1,0
109,2015,20,22.5506221276789,18.2931993690008,3.303123704201,0.954299054477103,10.0235156792587,3.58838755085658,6.38151884934051,2.04397974551709,0.0364461069767972,29.6594,-0.003,0.378697863600258,1,0
109,2016,20,21.7657198435186,17.7256416779893,3.13449678639106,0.905581379138228,8.88153617120535,3.98154090581741,6.38151884934051,4.84280575384308,0.598856513661679,27.4289,-0.006,-0.0807885238839709,1,0
109,2017,20,18.9842795326377,14.907607392126,3.16288824127982,0.913783899231892,7.18837054384262,0.400728381352757,6.38151884934051,2.4086721157732,0.246931744183775,24.2698,-0.007,-0.131737460260377,1,0
109,2018,20,19.8969862970427,16.9337671784302,2.29901512399239,0.664203994620057,8.71048283442337,2.25164979404431,6.38151884934051,2.23155440828859,0.314360135917964,25.3574,-0.006,0.214276632137171,1,0
109,2019,20,31.1514965067662,24.1316466680979,5.4463542185875,1.57349562008083,14.8084063034078,3.88153062216885,6.38151884934051,4.83961557902595,0.26130525862791,40.8261,-0.006,0.267658184282367,1,0
109,2020,20,28.0984618591466,22.3134777562443,4.48828298288513,1.29670112001725,12.6958220084549,2.05806464484481,6.38151884934051,2.98207327533538,0.413404521759002,35.5864,-0.007,0.463737187295297,1,0
109,2021,20,24.1052493952889,20.2450123908644,2.99496692621321,0.865270078211259,9.65305929513237,2.99022812349235,6.38151884934051,2.33817674637901,0.0621851222598604,31.5653,-0.006,-0.0804471224731937,1,0
110,2010,38,142.647674936462,132.281506974574,8.381690351752,1.98447761013622,39.8649461321816,16.243401884893,35.0841602490111,1.5249012574039,0.560240954376997,91.4396,0.008,-0.0208869235703635,0,0
110,2011,38,190.391574071921,165.714907499945,19.9526169053173,4.72404966665834,74.164147769359,0.7027434175602,35.0841602490111,1.90144739913053,0,105.8667,0.003,0.436491172174941,0,0
110,2012,38,153.870019354012,136.681052993708,13.8983464312406,3.2906199290634,50.2264053479306,6.66136768792534,35.0841602490111,2.60777462395964,0,84.1491,1e-04,0.530388797225496,0,0
110,2013,38,198.089347256189,161.254064873938,29.7836126216052,7.05166976064577,77.5278494896162,17.0762946535753,35.0841602490111,2.03976021244197,0,106.6977,0.002,0.203760860199475,0,0
110,2014,38,206.625151601753,170.192561460538,29.458010944705,6.97457919650959,82.4762808812563,5.58732290198379,35.0841602490111,1.81018356421899,0.0446931397969997,113.247,0,0.223678180925955,0,0
110,2015,38,176.434684639757,152.911497594521,19.0199570973957,4.50322994784024,62.8735787221745,10.9025765742667,35.0841602490111,1.83189772300133,0.062810197045829,106.4828,-0.003,-0.143813587892217,0,0
110,2016,38,248.913152484753,177.785623034855,57.5110233141131,13.6165061357848,99.6378156217378,1.6988942358754,35.0841602490111,2.42827386197847,1.30489270393135,131.5187,-0.006,0.169834171412533,0,0
110,2017,38,248.000230866665,214.690332875259,26.9331204779703,6.37677751343571,64.6890112997169,2.28479058152238,35.0841602490111,2.42800819148037,0.660846847500687,129.7864,-0.007,-0.571714264470827,0,0
110,2018,38,246.922876114079,197.266120502713,40.1505697126757,9.50618589869087,90.1405601612017,35.7219416134698,35.0841602490111,3.34481440799453,0,144.6479,-0.006,0.261517074468999,0,0
110,2019,38,213.421436250159,183.834878563532,23.9225686883801,5.66398899824695,59.613701177755,4.07589110460231,35.0841602490111,2.26514699005314,0.27882557904555,124.043,-0.006,0.249007256833801,0,0
110,2020,38,226.732773368574,191.87875307364,28.1816392228899,6.67238107204373,89.8143056210006,-5.80797244980628,35.0841602490111,2.19961342257133,0,143.2772,-0.007,0.151395408929518,0,0
110,2021,38,217.100996458831,189.437210106261,22.3678886949111,5.29589765765944,88.0154275603093,-11.2806293740693,35.0841602490111,2.51518582761841,0,122.5283,-0.006,0.0920658507374679,0,0
111,2010,28,14.6291720383298,12.2991615645278,1.08838071845629,1.24162975534565,5.83007029612157,0.58394098292473,11.4669264746109,2.14051832263897,0.131025371398094,9.3794,0.008,-0.313512068361318,0,0
111,2011,28,16.0608094890327,13.9423477852112,0.98956330761256,1.12889839620892,6.84314061551224,-0.013057773733204,11.4669264746109,2.01103163351702,0,10.2262,0.003,0.165479518377615,0,0
111,2012,28,19.0575490221152,16.5201133139897,1.18527196770062,1.35216374042489,5.17712219565624,-0.196016918338656,11.4669264746109,3.26736938713563,0,11.0683,1e-04,-0.00807582408039856,0,0
111,2013,28,17.4014930944702,15.2711800161585,0.995099251604006,1.13521382670778,4.95455808411245,-0.691078953897979,11.4669264746109,3.09248808002381,0,11.0082,0.002,0.39239221771084,0,0
111,2014,28,19.5896211207672,17.8267505256915,0.823461691003965,0.939408904071683,5.31223030540388,0.83053585516629,11.4669264746109,1.72662542179921,0.0128516996492301,12.6581,0,0.369794898593796,0,0
111,2015,28,16.2000947697529,14.0364852583957,1.0106524845733,1.15295702678384,4.9912884897227,0.28447032082651,11.4669264746109,1.27052506071948,0,9.5366,-0.003,0.253723406277238,0,0
111,2016,28,18.178821341508,16.1523175065282,0.94660849153643,1.07989534344337,4.12265212086476,0.965488903616813,11.4669264746109,1.65588717748044,0,10.96,-0.006,0.00803621967958681,0,0
111,2017,28,17.0379823503371,14.6030918807525,1.13737164207878,1.29751882750584,6.11083790430321,-0.372236775390108,11.4669264746109,2.25349705686376,0,10.9715,-0.007,-0.432165550384469,0,0
111,2018,28,23.2605897448198,18.6078723812722,2.17334982990397,2.47936753364357,8.06306889185516,-1.2156762778602,11.4669264746109,2.08572728410707,0,14.0993,-0.006,0.515534735694017,0,0
111,2019,28,18.8537033673712,16.4594664222789,1.11838180804492,1.27585513704744,7.68265092562079,-1.01047294831473,11.4669264746109,2.19034548310254,0,11.4624,-0.006,-0.163629947910546,0,0
111,2020,28,20.0552817404341,20.0552817404341,0,0,5.99789173550984,-0.825949027554418,11.4669264746109,1.34847231105075,0,12.0863,-0.007,0.279205698624101,0,0
111,2021,28,23.1847392600351,21.0758612333613,0.985086636998117,1.12379138967572,5.26156536873067,1.85515826528494,11.4669264746109,10.2776815441355,0.168890967676484,13.6621,-0.006,-0.196846727499876,0,0
112,2010,20,3.42907010036262,3.24561516461629,0.116205656657137,0.0672492790891903,0.697015466825895,0.323613699400086,38.1881964544057,0.032312772618117,0.0487152746706077,3.7733,0.008,0.473686501401018,0,0
112,2011,20,3.96139975839642,3.67392463142592,0.18209505111595,0.10538007585455,0.789363114818511,NA,38.1881964544057,0.0315155718460833,0.0448613671133798,4.3555,0.003,0.537187198687436,0,0
112,2012,20,3.894562058801,3.74011952237716,0.0978283647039185,0.0566141717199174,0.91098089268474,-0.0701687690162554,38.1881964544057,0.0330929106985206,0,4.4042,1e-04,0.372758512899429,0,0
112,2013,20,4.01637595642315,3.78875537798415,0.144181450766505,0.0834391276724956,1.0214397318048,0.279614171445253,38.1881964544057,0.0347164284251434,0.0440575230137555,4.5045,0.002,0.604986543842292,0,0
112,2014,20,3.52081532174487,3.47543294685221,0.0287465074385022,0.0166358674541563,0.947111257485061,0.0823208505053971,38.1881964544057,0.0274729403431664,0.0539339183738558,3.774,0,0.313555480107216,0,0
112,2015,20,5.06676056392382,4.49263763260859,0.363666052177847,0.21045687913739,1.72617475971567,-0.016182507802213,38.1881964544057,0.043841811608422,0,5.8231,-0.003,0.527956906644552,0,0
112,2016,20,4.45018401498167,4.16283596282296,0.182014558258734,0.105333493899977,0.862201993683547,0.28927900942415,38.1881964544057,0.0364536547597541,0.0660701105980544,4.7726,-0.006,0.0982229491169534,0,0
112,2017,20,5.00483150504558,4.35372714805267,0.412428311339121,0.238676045653795,1.25519824018784,0.510456234806033,38.1881964544057,0.0384752552507245,0.0409555352282113,5.4637,-0.007,0.287219359377745,0,0
112,2018,20,3.79826647643033,3.55855150509041,0.151842388659524,0.0878725826803932,1.10745936797664,0.204032410209417,38.1881964544057,0.0400317406507007,0.0554731277377804,3.6819,-0.006,0.39981642815192,0,0
112,2019,20,4.23903967824573,4.23903967824573,0,0,0.892241877520451,0.320348582012915,38.1881964544057,0.034502572251105,0.0719085268287173,4.1801,-0.006,0.351416756163938,0,0
112,2020,20,5.06479937498514,4.67324134277042,0.248024170446983,0.143533861767732,0.915569295785374,0.205202595469044,38.1881964544057,0.0455371684918047,0.0689920593545907,5.5543,-0.007,0.343454517500621,0,0
112,2021,20,4.72652625639857,4.72652625639857,0,0,1.14804167293675,0.239837542255428,38.1881964544057,0.0487667809845517,0.0867496439774755,5.3588,-0.006,0.455307807085778,0,0
113,2010,35,53.2149946858186,45.2484835015003,5.4778813466793,2.48862983763895,14.4963372636904,1.19680191025019,59.2088656252912,0.4362590206219,0.344737527619966,35.7466,0.008,0.50554943257597,0,0
113,2011,35,57.0417915237944,52.7092481764552,2.97911568024737,1.35342766709177,11.053538131085,3.8654009872835,59.2088656252912,0.572188198997351,0.63851219676456,37.4995,0.003,0.467092541704671,0,0
113,2012,35,62.1283138827772,52.5477732791428,6.58770990832967,2.99283069530472,22.4138586914427,5.9187325868178,59.2088656252912,0.503428418649778,1.1886668903607,42.4206,1e-04,0.679357278845499,0,0
113,2013,35,53.4105674617889,48.06496174713,3.6757111304474,1.66989458421151,14.3046563708202,2.73792054796224,59.2088656252912,0.407822371139705,0.728239366401704,39.288,0.002,0.549309286243941,0,0
113,2014,35,70.3838448315584,58.0850680243691,8.45680605980847,3.84197074738088,22.2111807758509,7.68807044855501,59.2088656252912,0.518838259855911,0.820758572220598,52.4755,0,0.0760696201480591,0,0
113,2015,35,72.7117582647739,63.8395535673394,6.10064851370148,2.7715561837331,23.31706203464,5.28174049306441,59.2088656252912,0.947015609667023,1.06509687052701,49.7399,-0.003,0.120184648772752,0,0
113,2016,35,60.5373181317915,53.7914659580835,4.63853962353701,2.10731255017097,15.56566051212,NA,59.2088656252912,0.529379750134257,0.573930142920362,43.7788,-0.006,0.167652258615455,0,0
113,2017,35,68.8511218781518,61.7969833598654,4.85052150334988,2.20361701493651,26.1954158914797,4.13324441026161,59.2088656252912,0.777134000375452,0.959087353230006,45.9899,-0.007,-0.0625535270010578,0,0
113,2018,35,72.7022962924584,66.7113703114922,4.11944211477056,1.87148386619567,22.1166444518068,5.64216915747558,59.2088656252912,0.704884622890908,1.17886766146823,52.9648,-0.006,0.456540866940209,0,0
113,2019,35,82.4083397130227,71.9724462699033,7.17586214408719,3.2600312990322,25.8017582074619,9.29637099623351,59.2088656252912,0.748077976011941,1.00772091619784,61.5575,-0.006,-0.184684554924121,0,0
113,2020,35,74.9032775829587,71.3477665516571,2.44481770070423,1.11069333059736,18.1217153503689,9.16708887995657,59.2088656252912,0.810140911831588,0.638898838631685,58.5525,-0.007,0.31179299635957,0,0
113,2021,35,92.2701299770473,79.1462704330602,9.02414416162002,4.09971538236709,30.0019038067225,9.21463168179029,59.2088656252912,0.582894902136631,0.739907734500946,59.888,-0.006,0.150236232493203,0,0
114,2010,36,7.77012163061805,5.73433054440748,1.33946381848894,0.696327267721636,3.84967896175459,0.000887309760576089,72.2945449239249,0.793189935760946,1.79331526742652,8.9795,0.008,-0.662053585827489,0,0
114,2011,36,11.7397634427476,8.0278045903714,2.44231081084683,1.26964804152941,6.357651868833,2.41147774241255,72.2945449239249,0.0992534105186095,0.120700404495329,13.5267,0.003,0.622541742234884,0,0
114,2012,36,7.69017057353283,5.51752790499355,1.4295063303527,0.743136338186578,4.45323980580195,0.387739699127217,72.2945449239249,0.0754446790946625,0.133843408875354,8.5298,1e-04,0.442861251062605,0,0
114,2013,36,8.96349522375651,6.37794850016449,1.70117961058107,0.884367113010945,4.44789369195126,0.935552148438037,72.2945449239249,0.188939372907034,0.540343627023827,10.4659,0.002,0.0858164274958109,0,0
114,2014,36,8.88056902301981,6.71252126139897,1.42648307732431,0.741564684296541,3.39258087697598,1.30263564668612,72.2945449239249,0.188834821007903,0.455216161487301,8.9352,0,0.37333584446664,0,0
114,2015,36,11.8390583494469,7.45157496568941,2.88677717795876,1.50070620579872,7.91496415126747,0.903245930704035,72.2945449239249,0.113365028990185,0.312419413292092,13.488,-0.003,0.177026895745113,0,0
114,2016,36,10.0070360687568,6.55012059069437,2.27450313433587,1.18241234372653,5.52853675126851,-0.0786645670017793,72.2945449239249,0.289126654405403,0,12.5559,-0.006,0.327807189981649,0,0
114,2017,36,14.4177814749901,9.3895379071055,3.30837008539416,1.71987348249044,9.20901133738631,1.96918365029771,72.2945449239249,0.703584301626535,2.39767432581315,16.0556,-0.007,-0.393659337357276,0,0
114,2018,36,11.6101175676348,7.77532824359086,2.52312802913666,1.31166129490725,5.65725972991113,0.665743422943861,72.2945449239249,0.359704608256887,0.693482873992113,13.7088,-0.006,0.068847966503142,0,0
114,2019,36,10.6765479994703,7.39785777071951,2.15723851194361,1.12145171680723,4.55742142754605,0.0383278287832805,72.2945449239249,0.310082792821381,0.444313137061673,12.3028,-0.006,0.264991757006914,0,0
114,2020,36,14.2806668844229,9.82581186844398,2.93110484220899,1.52375017376993,6.95386411537994,1.24046908872131,72.2945449239249,0.24351112868485,0.691565380328193,15.8793,-0.007,0.21739176361756,0,0
114,2021,36,10.8772147928682,7.38410105847938,2.29832004510343,1.19479368928542,6.57840573280254,1.614344226388,72.2945449239249,0.405700195413052,1.00847096292147,13.1047,-0.006,-0.18881134195512,0,0
115,2010,35,23.257680489562,19.3621831856548,1.86919488951072,2.02630241439651,8.82346669446734,4.1749637702413,31.9690458608369,0.962046435675987,1.32210649517233,26.3337,0.008,0.153615716306726,0,0
115,2011,35,27.1763543081991,19.528079236353,3.66990798929004,3.97836708255604,10.9951588102804,4.30093291273192,31.9690458608369,0.431792657825719,0.516465772661107,33.4285,0.003,0.462402176778046,0,0
115,2012,35,31.1563307529626,24.7864039297032,3.05651210505302,3.31341471820643,10.51900528118,2.52830593782709,31.9690458608369,0.658821227283279,0.684700628723225,35.4859,1e-04,0.746569059635507,0,0
115,2013,35,25.2183842570899,18.6725343825567,3.14092609452193,3.40492378001136,13.5123909280948,3.72080477431833,31.9690458608369,0.554393329587176,0.776319555155915,27.9409,0.002,0.252125559853937,0,0
115,2014,35,26.2371691147375,20.7810804749276,2.61802080879915,2.83806783101071,8.91971930687893,1.40059989510922,31.9690458608369,0.600999607603831,0.666642461861828,30.7407,0,0.646622988755388,0,0
115,2015,35,24.1913495704992,20.1597417120411,1.93450546044085,2.09710239801724,9.73271924907704,2.65985842475219,31.9690458608369,0.310492405716977,0.36196874900088,29.9346,-0.003,0.005289309979014,0,0
115,2016,35,34.4190150518292,26.2430017484473,3.9231351201102,4.25287818327166,11.7144231701182,4.85575575435425,31.9690458608369,0.673281910322871,0.922146922508486,39.8616,-0.006,0.318513792555924,0,0
115,2017,35,36.212594642194,24.5240579860964,5.60856580789375,6.07997084820385,17.4105969862146,5.72357995015112,31.9690458608369,0.580982573971647,0.804478233013832,40.3989,-0.007,0.230311282137871,0,0
115,2018,35,28.6085746554191,22.2408865085042,3.05543791039803,3.31225023651694,11.1253030259914,4.81994979661687,31.9690458608369,0.662910706934503,0.730038554696984,34.2214,-0.006,0.490381585606891,0,0
115,2019,35,31.4750817505451,24.6597526499349,3.27023158568656,3.54509751492361,10.5736548685057,2.10516041041937,31.9690458608369,0.647237823667475,0.617586385259986,36.5013,-0.006,0.160001488195682,0,0
115,2020,35,38.7579825795892,29.3421771808774,4.51803042303393,4.89777497567784,18.0086373634927,7.88936911074433,31.9690458608369,1.54745193177132,1.61801715029988,44.2976,-0.007,0.156006673053951,0,0
115,2021,35,32.1848001537829,26.1859784197022,2.87844299550222,3.1203787385785,15.1183484123795,3.31413795330326,31.9690458608369,1.92172849956909,2.64032020961838,40.6498,-0.006,-0.107429374988467,0,0
116,2010,37,48.7668639039759,26.1425103752723,14.3994269947368,8.22492653396676,35.0198387046233,4.79964483229508,5.15075457512972,2.18223770950605,0.340438106445388,44.4307,0.008,0.153833145679672,0,0
116,2011,37,38.3234652953546,23.6064948127476,9.36671811546518,5.35025236714185,23.2515722268664,-0.0316518796084599,5.15075457512972,2.00047834950704,0,38.9441,0.003,0.295866543310573,0,0
116,2012,37,43.2895435314308,25.4377573531225,11.3618933453314,6.48989283297689,29.9993729843684,NA,5.15075457512972,1.82824005166461,0.275598695887047,47.3054,1e-04,0.655973038171102,0,0
116,2013,37,48.9533168662842,29.179455131857,12.5852116873821,7.18865004704515,25.6231605117208,0.269312298241605,5.15075457512972,2.00546751640378,0.371099815213009,49.998,0.002,0.00154523202406298,0,0
116,2014,37,46.299333281843,26.3344840608526,12.7067670001642,7.2580822208262,30.5078279130215,1.91612202703738,5.15075457512972,2.43091850313936,0.176128941118134,45.4045,0,0.175072586036207,0,0
116,2015,37,45.4547426505146,25.4725845637455,12.7177833480491,7.26437473872004,26.6137810173218,0.240221929730828,5.15075457512972,2.56965721200123,0.157843719903194,48.1636,-0.003,0.405422628813926,0,0
116,2016,37,54.4183321689604,30.1041070039805,15.4749575386777,8.83926762630222,35.50360901773,3.03903174792166,5.15075457512972,2.47848021310076,0,54.7834,-0.006,-0.00371929128903192,0,0
116,2017,37,46.9052690832871,25.4212375994628,13.6736611064476,7.81037037737668,33.6691443837678,5.30485854712579,5.15075457512972,1.64379656000325,0.308118215085704,45.6462,-0.007,0.357370469254936,0,0
116,2018,37,51.7161137186047,28.0169526556174,15.0834957175702,8.6156653454171,38.6037149223278,2.28657280597838,5.15075457512972,2.61032582382262,0.339084028328439,56.3364,-0.006,0.801725080687421,0,0
116,2019,37,57.138853699141,30.278694033685,17.0953352403643,9.76482442509164,41.9643709930436,2.02496854682814,5.15075457512972,2.29102648255989,0.214741972411373,60.0506,-0.006,0.521272247349355,0,0
116,2020,37,69.8647310543825,38.7262865241573,19.8182793675755,11.3201651626497,43.5358527091393,-0.705460668834216,5.15075457512972,2.61375693090489,0,68.181,-0.007,0.616132435189045,0,0
116,2021,37,74.1026732191399,40.9270639222558,21.1148470373009,12.0607622595832,42.9890243035099,3.38232219950103,5.15075457512972,2.76220249426456,0.219108865067043,76.2617,-0.006,-0.0306811951608715,0,0
117,2010,48,30.7403227458011,25.7163812767432,3.22934592776878,1.79459554128914,11.8206126580255,1.88290145896955,55.7686410123984,0.311529724564651,0.0620399961946735,14.937,0.008,-0.00605981647240723,0,0
117,2011,48,39.6827839464502,33.6557824453538,3.87410420167014,2.15289729942631,11.7806883848336,0.00623885389172309,55.7686410123984,0.328379719193933,0,21.0855,0.003,0.148709308401226,0,0
117,2012,48,33.3425701962407,32.1654152395644,0.756664978903128,0.420489977773115,9.15651259428382,1.69259727323596,55.7686410123984,0.339470894349245,0.00292593766524455,16.6804,1e-04,0.258731923172083,0,0
117,2013,48,34.1238034904124,28.4683810308023,3.63525642212126,2.02016603748889,11.7255274026261,-0.290480150702814,55.7686410123984,0.257259585100029,0,16.3317,0.002,0.0879172491383077,0,0
117,2014,48,33.5122210896073,29.5726012571337,2.5323534004749,1.40726643199868,12.1984244059573,3.1247297950391,55.7686410123984,0.234659901792354,0,15.9871,0,0.110960537442519,0,0
117,2015,48,39.6843167638708,33.7033703787225,3.84450037327048,2.13644601187787,17.2577445605257,-0.756773052831904,55.7686410123984,0.366731100307814,0,18.7559,-0.003,0.211045330136107,0,0
117,2016,48,35.4232060851537,32.580906780013,1.82700529914361,1.01529400599709,13.0582159299482,1.17654807639132,55.7686410123984,0.249173493876372,0,15.7745,-0.006,0.269527908477934,0,0
117,2017,48,40.3051011599285,34.828915605288,3.52004449683623,1.95614105780432,10.0349941960624,-0.313656171886225,55.7686410123984,0.299169332258835,0,21.6285,-0.007,-0.342572743981337,0,0
117,2018,48,38.5117807941001,34.70818742145,2.44491677391286,1.3586765987373,10.9844579146335,-2.0916872219062,55.7686410123984,0.299567288247116,0,20.0279,-0.006,0.546445222967253,0,0
117,2019,48,46.8385439117981,42.5503363144165,2.75642258718995,1.53178501019168,15.2541224741529,0.741373891946605,55.7686410123984,0.485302055122913,0,23.1963,-0.006,0.130780912015148,0,0
117,2020,48,49.2968252689769,41.9775281908515,4.70478057098195,2.61451650714346,17.0725690575888,3.29857374085288,55.7686410123984,0.362568729633917,0,22.6984,-0.007,0.301866798336598,0,0
117,2021,48,46.3424242467216,43.8676500293246,1.59076336583929,0.88401085155771,15.1017798855637,-0.0127998336651788,55.7686410123984,0.426646019165234,0,22.7679,-0.006,0.161344267886662,0,0
118,2010,38,168.351779533843,103.738003606057,49.7792864977951,14.8344894299914,103.439619431398,16.1058624395169,68.7083232945207,1.6956026236567,2.1872240229007,207.0009,0.008,0.284069593525579,0,1
118,2011,38,295.888873183681,116.022853446011,138.571101892362,41.294917845308,219.123465239954,12.7395028858717,68.7083232945207,1.45658146285581,3.13346347417298,352.0164,0.003,0.00701907027550175,0,1
118,2012,38,200.121323036757,108.141283641839,70.8626088999252,21.1174304949934,138.438944449415,23.456868258738,68.7083232945207,3.62908158732012,4.56416374813557,242.7724,1e-04,0.0193170153706962,0,1
118,2013,38,369.949699989156,145.81850456642,172.673564264547,51.457631158189,277.340248412179,18.511625273805,68.7083232945207,4.93106989823088,6.1214431082795,471.5795,0.002,-0.0631333646014796,0,1
118,2014,38,308.44104703083,129.690935028383,137.711392177845,41.0387198246027,246.819276223982,26.3576785146966,68.7083232945207,1.48822294725172,4.3398417461163,368.4253,0,0.258810856774398,0,1
118,2015,38,286.371587021765,128.64324247882,121.515951344513,36.2123931984315,224.782365348746,37.5037498376425,68.7083232945207,1.75490178716982,4.8812722144568,326.0356,-0.003,0.196927520606203,0,1
118,2016,38,251.352578511957,125.086001805485,97.2773995438991,28.9891771625722,172.7999215081,20.5634944882653,68.7083232945207,1.94527213739941,3.67370542276603,301.8114,-0.006,0.181552851351976,0,1
118,2017,38,361.779369224389,168.754310551411,148.708995240809,44.3160634321693,281.108587643345,46.9411848223593,68.7083232945207,1.82528688016938,4.15514354076713,407.5962,-0.007,-0.452984967704012,0,1
118,2018,38,348.16637151537,164.092077514433,141.813210671867,42.2610833290697,269.604899405004,27.2174130344478,68.7083232945207,3.65349135383113,7.52185088375674,419.2834,-0.006,0.135262346773781,0,1
118,2019,38,407.064632826348,169.911794928646,182.70560560752,54.4472322901813,293.072883312699,23.8483304513236,68.7083232945207,2.39857982438235,6.88572271534643,472.3115,-0.006,0.0235941390558313,0,1
118,2020,38,357.017455104939,167.411717716562,146.074706013626,43.531031374751,258.479445102414,1.99391941974336,68.7083232945207,2.49475171085815,5.64898037343136,456.4248,-0.007,0.219276415166143,0,1
118,2021,38,374.750056787152,153.390963539946,170.537900988173,50.8211922590338,299.523183432511,36.1065066399933,68.7083232945207,1.73335688734526,5.5368772983903,390.5318,-0.006,0.302753565118174,0,1
119,2010,51,2.45720723448222,1.48103746329087,0.598697089648702,0.377472681542654,1.3096712088105,0.0258793656330259,38.3706339117279,0.0390648593602101,0.0528706794575394,1.7514,0.008,0.214237103084442,0,0
119,2011,51,2.66728636025997,1.5560321511079,0.681546059418794,0.429708149733276,1.84894667328834,0.0662412500433289,38.3706339117279,0.0391268500818825,0.0632799209640931,1.8271,0.003,0.358597307819435,0,0
119,2012,51,2.9489863607839,1.75294054148302,0.733549810939152,0.462496008361728,2.07898940371833,0.564126174410271,38.3706339117279,0.0589495012729545,0.0913154476360856,1.9214,1e-04,0.560051744178492,0,0
119,2013,51,2.757329946431,1.53407537326325,0.750237278871279,0.473017294296479,1.62639231948013,0.367103385058802,38.3706339117279,0.0480114249011037,0.0638088897380596,1.8466,0.002,0.236395849203806,0,0
119,2014,51,2.86803868569002,1.66526647515783,0.737675190532816,0.465097019999375,1.5850321854395,-0.235492644140401,38.3706339117279,0.0846428659641541,0,1.881,0,0.467225456275907,0,0
119,2015,51,2.69085349264586,1.55764483452963,0.695010996653675,0.438197661462549,1.91822973979192,0.205711957429782,38.3706339117279,0.0536231854041678,0.0768089259462647,1.8284,-0.003,0.373097560974196,0,0
119,2016,51,3.4394800860595,1.98167190107258,0.894091932956029,0.563716252030888,2.41475429015521,0.148003191417227,38.3706339117279,0.0649784477017775,0.0730246921026558,2.3836,-0.006,0.0604787661240296,0,0
119,2017,51,3.16169505206832,1.9848310462063,0.721785365635737,0.455078640226286,1.58312865929779,0.241991277777421,38.3706339117279,0.0651552202807201,0.10645701441073,2.1947,-0.007,-0.122881120605772,0,0
119,2018,51,3.10582761170111,1.95277214221214,0.707183293479839,0.445872176009131,1.95622815169105,0.318049062097669,38.3706339117279,0.100540432063488,0.118606919218632,2.2815,-0.006,0.286036606568938,0,0
119,2019,51,3.20539583714508,2.03774579486618,0.71613432690852,0.451515715370387,2.01412559742095,0.123827808457101,38.3706339117279,0.0628860251069586,0.088886614358548,2.2459,-0.006,0.17012667026763,0,0
119,2020,51,3.34715057561423,2.00315482004781,0.824289351201481,0.519706404364934,1.69171744076986,0.0650454002839391,38.3706339117279,0.0496243583594753,0.0336990543164599,2.2812,-0.007,0.580719298353398,0,0
119,2021,51,4.67160273731548,2.22668431060063,1.49949894956922,0.945419477145629,3.09427874089646,0.136887367321929,38.3706339117279,0.0655672901338718,0.0674106719956655,3.4588,-0.006,0.357549653523741,0,0
120,2010,48,9.18442291101703,5.34812613497777,3.15928424482459,0.677012531214667,5.09578809088425,1.26254766751599,17.0539723145801,0.142944449512333,0.0554725341894373,6.3911,0.008,-0.135108485722046,0,0
120,2011,48,8.29390308613272,5.04519445474937,2.67539103315975,0.573317598223604,4.91378975543995,0.127375039596397,17.0539723145801,0.131652434150351,0.0625050178227808,6.4803,0.003,0.62402998033469,0,0
120,2012,48,11.016656737997,6.61901422317035,3.62156619327214,0.776076321554526,5.66423104009675,0.0586228924345425,17.0539723145801,0.16966786866312,0.100857184030576,8.5293,1e-04,0.55846760895219,0,0
120,2013,48,8.53434823216295,5.86612730336292,2.19734520924429,0.470875719555742,3.53071391157352,0.531942511238275,17.0539723145801,0.189962535022985,0.052305167934185,5.9063,0.002,0.533489036618147,0,0
120,2014,48,9.59302771221954,6.43494097636395,2.60076168525184,0.557325050603743,4.76804409651265,0.981534398206386,17.0539723145801,0.202962589904925,0.0815785650843855,6.8765,0,0.212341649308106,0,0
120,2015,48,10.7448253948328,6.27798275016635,3.67855419308175,0.788288451584664,7.33159983824743,1.60848062982571,17.0539723145801,0.14858639525565,0.0647246549425819,7.6416,-0.003,0.237086822257187,0,0
120,2016,48,12.802263394284,7.9977177186888,3.9566609004946,0.847884775100595,8.10724037239664,1.75649535335458,17.0539723145801,0.163035813258317,0.076159836610845,8.8594,-0.006,0.387468123474181,0,0
120,2017,48,14.4869297086338,8.19380319779212,5.18254363441531,1.11058287642642,8.35378881321623,0.997238385009225,17.0539723145801,0.221877883106658,0.119016650599056,10.5478,-0.007,0.169035678331538,0,0
120,2018,48,12.7954313399047,8.13501375445491,3.83796789236313,0.822449693086622,6.51641480143491,1.4029392298316,17.0539723145801,0.212666073183284,0.0668016687428187,9.6613,-0.006,0.534602504054218,0,0
120,2019,48,13.1915713891839,8.46920883917114,3.88898108607962,0.83338146393311,6.84903863918795,1.09113385793457,17.0539723145801,0.259144131011787,0.130686715918434,9.6086,-0.006,0.165962086931483,0,0
120,2020,48,14.6150902069976,8.04211272584812,5.41300775463514,1.15996972651431,9.73544109951311,3.12675390834501,17.0539723145801,0.181941835698841,0.030952153799727,11.2916,-0.007,0.353944313719131,0,0
120,2021,48,11.7519129238431,8.5752364804273,2.61607076419947,0.56060567921634,4.5472813201573,0.779368624037035,17.0539723145801,0.22021732091773,0.104372155655594,8.669,-0.006,0.473247600009993,0,0
121,2010,48,7.62713762463471,6.85305011591601,0.574954849403676,0.19913265931503,2.5315887312214,0.40752632897351,16.7124897535027,0.365205358135945,0,3.9975,0.008,-0.078712639202233,1,0
121,2011,48,9.12771367370483,8.48893025062044,0.474457503427446,0.164325919656941,2.76747247514036,-0.129640476185021,16.7124897535027,0.397888834516563,0,4.9416,0.003,0.273010770599795,1,0
121,2012,48,7.37866650012377,6.82261363124704,0.413009239762422,0.143043629114303,2.64367688920443,0.54984168082188,16.7124897535027,0.501189084358074,0.0781289620246898,3.8854,1e-04,0.312990526316273,1,0
121,2013,48,7.63694135822281,7.2114543116314,0.316031247166235,0.10945579942517,1.53743574202352,-0.33677619428233,16.7124897535027,0.394919065219797,0,3.6065,0.002,-0.106283772547118,1,0
121,2014,48,8.39090302806137,8.05205379245211,0.251680861706129,0.0871683739031339,1.79617257985942,-0.00597458331982286,16.7124897535027,0.517000001744853,0,4.4985,0,-0.027440566322175,1,0
121,2015,48,7.47386558402219,7.02797417527918,0.331186622800021,0.114704785942988,1.29069642209852,-0.590641111272752,16.7124897535027,0.30776350058962,0,3.7796,-0.003,0.418880112554988,1,0
121,2016,48,8.76238645087982,8.70911964982289,0.0395640095402092,0.0137027915167223,2.57414595241677,0.398707276547225,16.7124897535027,0.4761513963497,0.0440714767557342,4.3698,-0.006,-0.160720960264112,1,0
121,2017,48,8.58082689108567,7.73926046718461,0.625074931538594,0.216491492362468,3.16795528213106,0.405059559668325,16.7124897535027,0.28566047235765,0.0277400325588189,4.9434,-0.007,0.132327865462023,1,0
121,2018,48,7.68306926989122,7.47830994539385,0.152085345977548,0.0526739785198197,2.05990483784022,0.0729315336484958,16.7124897535027,0.462137820953318,0,3.9513,-0.006,0.394830743405585,1,0
121,2019,48,8.55889317482003,7.98863744577097,0.423558438967306,0.146697290081754,2.14300688356848,-0.24950724320025,16.7124897535027,0.795046103594869,0,4.3617,-0.006,0.171857509807185,1,0
121,2020,48,9.17713337934758,9.17713337934758,0,0,2.28830132060283,-0.359756069314426,16.7124897535027,0.397571389752372,0,5.1215,-0.007,0.350009236998455,1,0
121,2021,48,11.5903757538967,10.4794278967577,0.82515846167569,0.285789395463317,3.24605797824565,0.42579872451748,16.7124897535027,0.629215031157553,0.159778417868023,6.4362,-0.006,0.371176899116495,1,0
122,2010,35,0.844501418825896,0.670435608318244,0.136989061195891,0.0370767493117604,0.326235882289241,0.131350462716374,17.9798519973705,0.0226327595721596,0.00132248845723597,0.8037,0.008,0.210316418837119,1,0
122,2011,35,1.18988691539214,0.818901675699884,0.291963824226934,0.0790214154653216,0.548313988844298,0.147273303942923,17.9798519973705,0.0232273202859726,0.000464546821971053,1.1218,0.003,0.1903958526978,1,0
122,2012,35,1.51416663749981,1.07840498870613,0.342942585906586,0.0928190628870935,0.711158706709213,0.218536155817338,17.9798519973705,0.0470989151881561,0.0153440618846653,1.5654,1e-04,0.256061092445951,1,0
122,2013,35,1.15881855333125,0.866217846080054,0.230275526679797,0.0623251805713995,0.496355165594361,0.115837467970963,17.9798519973705,0.0440633354402389,0.0138765278684611,1.1768,0.002,0.35986180701158,1,0
122,2014,35,1.07893649630469,0.853150909058215,0.177692308088828,0.048093279157644,0.399921655544607,0.187232186812081,17.9798519973705,0.032798362686094,0.0111500113808169,1.0521,0,0.0332988664627486,1,0
122,2015,35,1.25523828334393,0.894985232328138,0.283517636850572,0.07673541416522,0.528830891080768,0.0219751775446746,17.9798519973705,0.0363159488484823,0.0123401582852185,1.2798,-0.003,0.253259850188836,1,0
122,2016,35,1.22196057858915,0.905673707037552,0.248916438421057,0.0673704331305439,0.613178952906846,0.170532939159571,17.9798519973705,0.0335022365512938,0.0150523768807661,1.2406,-0.006,0.289244216959105,1,0
122,2017,35,1.37909031454057,1.05235260209087,0.257141206278475,0.0695965061712287,0.532631089616571,0.0609319217312135,17.9798519973705,0.035485726801748,0.0142189116217389,1.3889,-0.007,0.351545521881615,1,0
122,2018,35,1.33468023299174,1.01463441775826,0.251874711298232,0.0681711039352438,0.522485700203564,NA,17.9798519973705,0.038445759340892,0.0109958653724326,1.3694,-0.006,0.571125356577054,1,0
122,2019,35,1.6092626818267,1.05959888068744,0.432583101022709,0.117080700116543,1.02053670692661,0.112270904804591,17.9798519973705,0.0381869517361666,0.00430746448335563,1.4959,-0.006,0.50218393301538,1,0
122,2020,35,1.93179540912888,1.34526745728844,0.461595032668629,0.124932919171811,0.942263819831497,0.138261273176846,17.9798519973705,0.0436965010212455,0.0108802785574101,1.9781,-0.007,0.659239519501019,1,0
122,2021,35,1.65938870973805,1.22627323483884,0.340860058174649,0.0922554167245625,0.695292268437891,0.166950194544093,17.9798519973705,0.0461880001491526,0.0127036468163127,1.5511,-0.006,-0.204877413015243,1,0
123,2010,28,15.9637577218229,12.9604857586847,1.68130217333331,1.32196978980488,4.74503721151771,0.583518383256732,27.1271369168524,0.54144790139426,0,15.066,0.008,0.0298781496687965,1,0
123,2011,28,22.4494398704522,16.1212422242955,3.54267365272123,2.78552399343549,10.3781799081375,3.53933470237379,27.1271369168524,0.476414210156018,0,21.982,0.003,0.338048239813366,1,0
123,2012,28,27.2419122534327,19.9654481251395,4.07353549836281,3.20292862993036,14.634208190447,1.61181119015771,27.1271369168524,0.516021061145775,0.112940337214583,24.6546,1e-04,0.290279196355238,1,0
123,2013,28,19.7875293656783,14.9756392582992,2.6938090837847,2.11808102359441,8.72918625003459,1.61691582718759,27.1271369168524,0.592043350361289,0.125215564885027,18.5138,0.002,-0.287077138891846,1,0
123,2014,28,29.79060722481,20.7157640149323,5.0803103410866,3.9945328687911,16.1266403997751,1.85561320760076,27.1271369168524,0.439625682222934,0.031403970653445,29.6262,0,0.247447916177375,1,0
123,2015,28,25.0500655910381,18.2883983943288,3.78534008665158,2.97632711005765,9.30521878323053,3.02871962684734,27.1271369168524,0.466511671656531,0.1293425174675,24.5438,-0.003,0.236765620899139,1,0
123,2016,28,24.097448654041,17.9455713273687,3.44396539719513,2.70791192947727,8.98962685879339,3.17860861397513,27.1271369168524,0.559360992778239,0.0595333092776665,23.2341,-0.006,-0.010761224357615,1,0
123,2017,28,24.9832783905739,17.815595167436,4.01263739306317,3.15504583007478,12.6102031069505,1.32828771470564,27.1271369168524,0.577637343744596,0.083344408106696,26.206,-0.007,-0.000460477570336897,1,0
123,2018,28,33.8504841685606,23.4097459240696,5.8449704579283,4.59576778656277,19.0280072964021,2.62882943674409,27.1271369168524,0.543397371022857,0.202807966638308,31.9272,-0.006,0.366006646148979,1,0
123,2019,28,29.2784883470315,17.9493346672349,6.34232628202136,4.98682739777532,19.4243630416014,1.95931244597422,27.1271369168524,0.477944454458487,0.16687702513765,28.2605,-0.006,0.159785902104453,1,0
123,2020,28,32.5174367071813,23.9273154322503,4.8089516187694,3.78116965616158,15.2742146841213,3.96035633893851,27.1271369168524,0.756840333269291,0.311983749872288,32.3726,-0.007,0.0581221491076906,1,0
123,2021,28,27.4966834954119,21.5616281584373,3.32258335554867,2.61247198142598,11.2181411312104,2.57834711044415,27.1271369168524,0.729740042770199,0.299761992353562,26.5886,-0.006,-0.110876604338155,1,0
124,2010,37,24.6027772145741,16.3308951425999,6.63654488895757,1.63533718301662,11.0170747172813,1.30170365112009,62.9576637330033,0.104799987962503,0.0960859206663847,10.3394,0.008,0.00784570331912837,0,0
124,2011,37,23.2778488552197,20.0543553861018,2.58621422802238,0.637279241095578,7.12684970804223,4.58726898337428,62.9576637330033,0.11110828446425,0.0736173194513254,9.3568,0.003,0.636612534100879,0,0
124,2012,37,23.332752764969,18.7226372671544,3.69870341215145,0.911412085663115,9.06256303178181,2.61255695270533,62.9576637330033,0.128893741766649,0.0193971456704531,10.5074,1e-04,0.228800224845011,0,0
124,2013,37,24.3725097474076,21.6145936317495,2.21268073484228,0.545235380815828,7.71387089311713,4.07439146319262,62.9576637330033,0.150631381896245,0.124177530040129,10.0057,0.002,-0.00788934313400566,0,0
124,2014,37,23.639344504106,18.4548944794792,4.15949296830116,1.02495705632566,7.93373064557025,-0.60129808455408,62.9576637330033,0.121287560311375,0,10.0083,0,0.471677040346633,0,0
124,2015,37,24.0455894068342,20.3651435833493,2.95282786993417,0.727617953550767,6.21482020820647,2.61183443862947,62.9576637330033,0.13870712053534,0.039297981873601,10.386,-0.003,0.559616960292052,0,0
124,2016,37,28.3421507476517,23.5477981661912,3.84651713400916,0.947835447451294,11.117084257952,NA,62.9576637330033,0.18558663167688,0.165629312576563,12.3236,-0.006,0.484731569880901,0,0
124,2017,37,28.7913994302509,21.6691319016398,5.71420720865183,1.40806031995931,10.1640672697138,2.92569730029602,62.9576637330033,0.180333228880953,0,11.2973,-0.007,0.0378634840941041,0,0
124,2018,37,33.0663127729718,24.7883638548802,6.64141232979414,1.63653658829743,15.6221571873302,3.14199879598407,62.9576637330033,0.176766021899116,0.157615459850562,13.2078,-0.006,0.554566819744463,0,0
124,2019,37,30.6230756124725,24.2182030006422,5.13864006118767,1.26623255064262,15.0006851002234,1.59898972096593,62.9576637330033,0.178683676465968,0.183914712839168,12.4525,-0.006,0.327633779283904,0,0
124,2020,37,35.0900602897389,23.9998147512404,8.89772263499413,2.1925229035044,14.7786410136008,4.92391967405072,62.9576637330033,0.138850070928884,0.0598301826264334,14.4145,-0.007,0.314106783462276,0,0
124,2021,37,33.4715079285547,27.6576997641074,4.66442806164596,1.14938010280134,14.3874861681145,1.34800712726235,62.9576637330033,0.181899264723838,0,13.7279,-0.006,0.175359295176415,0,0
125,2010,51,5559.79315148178,2870.22554822386,1567.843324706,1121.72427855192,3248.12079403051,1405.12587929066,32.943852224544,110.457233018142,139.868525207859,4604.2478,0.008,-0.329140174870653,0,0
125,2011,51,5545.20201914768,3240.75973310523,1343.3402644222,961.102021620243,3168.67263024441,1298.25985709048,32.943852224544,309.526859186705,193.95729276333,4397.7567,0.003,0.059684312773387,0,0
125,2012,51,4745.70958409682,2421.48141718437,1354.87414860786,969.354018304596,3662.60704122373,755.446120956126,32.943852224544,63.6263674679725,61.0850779062011,4055.6305,1e-04,0.516346313426668,0,0
125,2013,51,6086.79907193325,3121.9995091983,1728.28569093955,1236.51387179539,4689.77002364182,1287.90620980057,32.943852224544,316.211247533088,349.262822665896,5603.0482,0.002,-0.0940146547264,0,0
125,2014,51,5801.80282003698,3188.23564958172,1523.54000580073,1090.02716465453,3826.2116652743,950.572840671103,32.943852224544,193.031827167496,175.666479299566,4908.8516,0,-0.0195433284971452,0,0
125,2015,51,6021.52107831961,3232.91878137166,1625.57412248485,1163.02817446311,4166.56434204248,1503.10886391142,32.943852224544,171.227031972092,232.786151505734,4882.0488,-0.003,-0.153416788767886,0,0
125,2016,51,5337.78074326334,2977.99572377074,1375.6014855589,984.183533933697,3675.84851510238,822.12601293068,32.943852224544,115.709415820522,12.010729670172,4487.8142,-0.006,0.234779559704543,0,0
125,2017,51,6054.95647523164,3679.99168487901,1384.45030660532,990.514483747314,3750.10458616966,1148.61810390764,32.943852224544,145.057955817569,105.212185800917,5231.186,-0.007,-0.412823364311236,0,0
125,2018,51,7459.23774087813,3496.90562675673,2309.7824155334,1652.549698588,5732.48623724759,1657.62441570501,32.943852224544,155.412068897938,107.088174192483,6626.4102,-0.006,0.547151844095781,0,0
125,2019,51,7353.53016500906,3873.3392952334,2028.72536733084,1451.46550244483,5550.05986680313,1136.67268549948,32.943852224544,206.943958438964,219.50244286805,6158.8306,-0.006,0.124149437932169,0,0
125,2020,51,8757.31865101564,4279.92426783217,2610.03028414198,1867.36409904149,6679.6709056194,1920.82099970547,32.943852224544,403.377494446416,425.847197736117,7506.033,-0.007,-0.108328346439754,0,0
125,2021,51,7772.42548538198,3923.35510159183,2243.75817891284,1605.31220487732,5766.60979804617,818.591849773142,32.943852224544,201.022572425549,135.138816338606,6745.5198,-0.006,-0.194026725368351,0,0
126,2010,51,158.19330713531,139.23157827505,12.2910978106909,6.67063104956936,49.0963611284137,18.3108396265261,19.1805166833205,36.5064554592619,8.90279811107161,127.2293,0.008,0.214252343985698,0,0
126,2011,51,140.000654678554,130.868974785782,5.91920555162038,3.21247434115105,48.5100927718594,5.00349629415165,19.1805166833205,12.7168616437308,6.49195895009325,107.0192,0.003,0.650677501620965,0,0
126,2012,51,144.70272014191,136.014958927022,5.63145500260286,3.05630621228486,39.4102880479065,-5.85423577511904,19.1805166833205,17.7448328753697,0,113.9429,1e-04,-0.0979998968765317,0,0
126,2013,51,182.237215404388,150.359133859969,20.6635492558274,11.2145322885914,66.8622904761242,3.33177055674894,19.1805166833205,33.9129283220302,3.81716753902805,121.0649,0.002,0.00762874458308672,0,0
126,2014,51,190.010777528442,169.820164965979,13.0876670419594,7.10294552050371,73.6703782194353,21.299944185029,19.1805166833205,14.6011951701639,1.91714350252463,144.7205,0,0.138735035233979,0,0
126,2015,51,202.215001957629,176.822910990967,16.4592941914323,8.93279677522911,55.8332457763394,6.29550711881874,19.1805166833205,35.0578952746723,9.64917776892781,144.5985,-0.003,0.265690100905884,0,0
126,2016,51,164.991031131174,157.648844458393,4.75924612173023,2.58294055105007,43.8967430901258,9.13506535431587,19.1805166833205,7.07383149810451,1.74033878140919,129.1084,-0.006,-0.0592138169555382,0,0
126,2017,51,196.356230818371,185.32552909425,7.15016203484829,3.88053968927207,65.7638626140774,12.5311832938102,19.1805166833205,96.6217605886552,5.32510015328393,145.2973,-0.007,-0.275794503251182,0,0
126,2018,51,241.679335901537,215.909866101364,16.7039132442917,9.06555655588116,58.4018201664163,19.6339494342147,19.1805166833205,11.8198450437337,2.65869399120972,175.1115,-0.006,0.522977216751475,0,0
126,2019,51,217.89914722835,189.220498812971,18.589658957237,10.0889894581418,93.9490607460338,20.5241093286197,19.1805166833205,26.9106461249098,2.06004591165697,157.7395,-0.006,0.377585616782497,0,0
126,2020,51,228.648922244471,206.996790203048,14.0350320739414,7.61709996748233,76.1708279875982,32.5455652240083,19.1805166833205,19.6013215545295,8.52466828572523,170.9815,-0.007,0.404003646221747,0,0
126,2021,51,221.817300367672,181.014178579157,26.448809841134,14.3543119473807,105.190216557648,23.8152415176823,19.1805166833205,24.0187982944804,5.2745458459593,165.9613,-0.006,-0.13693326627776,0,0
127,2010,28,123.649381350449,64.4497951031371,30.6206778176597,28.5789084296525,73.3458052577311,-3.99027617629468,63.8055437738958,1.06269105686612,0,148.1924,0.008,-0.0683363023420953,1,0
127,2011,28,119.207115631131,63.1766068289872,28.9814890060633,27.0490197960801,87.279419013604,3.58262724859604,63.8055437738958,1.65293371362848,0,148.197,0.003,0.22306566928193,1,0
127,2012,28,111.63497050186,62.4564777815445,25.4373193565228,23.7411733637925,66.9838901141573,-1.65017652461328,63.8055437738958,1.9903596016643,0,122.3246,1e-04,0.0953981307920894,1,0
127,2013,28,108.373109512091,58.8005519740915,25.6411473321301,23.9314102058693,71.044513652722,3.26444448950041,63.8055437738958,0.768023630567659,0.0612550602111719,127.1519,0.002,-0.208435341204573,1,0
127,2014,28,159.366104814454,82.7791495927588,39.6142039081487,36.9727513135467,98.5422944928109,12.3147392886115,63.8055437738958,1.76777051321684,0.129659631720452,191.727,0,0.155845381131908,1,0
127,2015,28,136.371968501564,74.9966418099493,31.746068236463,29.629258455152,96.9992373172191,11.1802402831106,63.8055437738958,2.07972342495518,1.83603572137137,169.0841,-0.003,-0.167724988019676,1,0
127,2016,28,127.788355318051,73.2549317418648,28.2071294661484,26.3262941100375,90.8951171178069,5.82120066513082,63.8055437738958,3.31076430414605,0,164.0612,-0.006,0.0775170046023636,1,0
127,2017,28,121.019064017599,76.8644373831575,22.8387507757907,21.3158758586509,71.1563526699297,1.93361676093141,63.8055437738958,1.30223451032063,0,143.1826,-0.007,0.284470478352851,1,0
127,2018,28,150.486892634628,80.7477438942763,36.0722116525453,33.6669370878065,101.100273644797,-2.72490264873705,63.8055437738958,4.4507352610652,0,184.266,-0.006,0.0938984474846064,1,0
127,2019,28,192.871140213595,108.322199062034,43.7324996835388,40.816441468022,130.532968008901,20.876554497867,63.8055437738958,5.06558295679833,0,214.7174,-0.006,-0.112510418659356,1,0
127,2020,28,181.385804031935,105.758099649342,39.1180364050892,36.5096679775035,127.023355261498,16.063970460021,63.8055437738958,2.63349634959015,0,217.2717,-0.007,0.610913787065218,1,0
127,2021,28,161.758934837651,86.9650602489468,38.6867422847762,36.1071323039278,113.799629348459,0.417606046359018,63.8055437738958,3.47872807100263,0,181.4877,-0.006,-0.0946146909190469,1,0
128,2010,35,227.313474073655,156.029205651318,37.9342656566356,33.3500027657016,122.848643711489,24.0216284710897,46.6238685770788,2.68815561538711,5.72199750415534,265.6027,0.008,-0.10853517677685,0,0
128,2011,35,188.117967776371,140.213670413553,25.4925018166585,22.4117955461594,98.3377347641384,24.7382182905529,46.6238685770788,1.82273040126627,3.49061099819668,201.8515,0.003,0.414658974229311,0,0
128,2012,35,175.685182483824,136.523474900865,20.8400906945962,18.3216168883628,90.0605090094921,-2.72123034400871,46.6238685770788,1.87371476846452,0,192.2045,1e-04,0.102649238757864,0,0
128,2013,35,208.296827836503,137.303066037517,37.7796711623788,33.2140906366072,96.739751435307,13.8328927839218,46.6238685770788,1.4654698752656,3.59704752485829,232.4017,0.002,-0.110143307865615,0,0
128,2014,35,245.688074011173,170.758522618857,39.8741204890861,35.0554309032295,102.192452139875,7.63501106914607,46.6238685770788,2.76072033455123,6.3765400293877,274.8615,0,-0.150190706741893,0,0
128,2015,35,265.084121885188,173.210020485043,48.8912441217632,42.982857278382,153.894790905386,27.312360597775,46.6238685770788,2.28736614616298,4.27617330091567,310.0569,-0.003,-0.154140387664684,0,0
128,2016,35,246.674027704983,178.267920286726,36.4026384610741,32.0034689571827,141.776693792866,7.93887211774967,46.6238685770788,2.2379551429507,2.30645545841951,293.3074,-0.006,0.305148106776373,0,0
128,2017,35,316.405858840668,187.571284879794,68.5599370317705,60.2746369291037,183.191541061976,28.6582335926747,46.6238685770788,2.85333959719866,7.84882493574278,376.3389,-0.007,0.0704055327759262,0,0
128,2018,35,307.614679946643,211.778493019515,50.9996869558031,44.8364999713243,162.366122533945,47.6715271931003,46.6238685770788,2.97135427883696,5.32710285909948,343.2337,-0.006,0.426467208174012,0,0
128,2019,35,291.066055242783,185.52403923065,56.1646904983396,49.3773255137932,157.636111125235,0.267406557863193,46.6238685770788,2.01266787546506,2.89000221194665,338.2011,-0.006,0.276324109694582,0,0
128,2020,35,332.320556908011,206.652198515824,66.8750202167845,58.793338175402,200.014302107235,-27.9193167459114,46.6238685770788,3.59526442772776,0,373.2576,-0.007,0.309546957845563,0,0
128,2021,35,373.444589727917,213.419529049489,85.1581042752557,74.8669564031721,256.840146466495,21.3462299587845,46.6238685770788,2.48164861829517,4.72170703696457,440.7723,-0.006,-0.231615134387251,0,0
129,2010,37,16.5848015038056,14.7000101426768,1.29049189436939,0.594299466759357,4.75423541308752,1.15142249188083,47.3932160367098,0.560589006145605,0.616328497140242,21.7774,0.008,0.0468699037678135,1,0
129,2011,37,16.4139428696507,14.6437254724621,1.21204460581539,0.558172791373195,6.28366796273463,2.42881862511509,47.3932160367098,0.340501473608053,0.41520379501243,22.4047,0.003,0.177420776799372,1,0
129,2012,37,20.7594875482058,16.4388709682677,2.95826943505775,1.36234714488032,7.3128536592975,-0.249439493885224,47.3932160367098,0.686782369331441,0,28.1548,1e-04,0.355375047384436,1,0
129,2013,37,19.8865884314385,18.336123089955,1.06158325900159,0.488882082481892,5.87441398135738,3.06922465030192,47.3932160367098,0.812028888204385,0.58225879319323,25.8039,0.002,-0.0592820135419627,1,0
129,2014,37,20.4794090045257,15.4481024951373,3.44486949715504,1.58643701223342,10.1104464626821,3.04990961562591,47.3932160367098,0.545768581898435,0.453053772605576,28.6037,0,0.0139783166674314,1,0
129,2015,37,24.9668502644038,18.2698531256724,4.58534599764516,2.11165114108624,11.404330364244,0.64339047489104,47.3932160367098,0.393770814796322,0.119888688604144,34.5409,-0.003,0.178308446256496,1,0
129,2016,37,21.5529551735167,19.0004186753103,1.74768822106904,0.804848277137365,8.93523340349177,4.18550274508378,47.3932160367098,0.666591600165501,1.06956740441392,30.6511,-0.006,0.0362279920307935,1,0
129,2017,37,17.7675791505189,16.8205722699508,0.648403175274117,0.29860370529393,2.94489833437249,1.88842303303613,47.3932160367098,3.54915189906546,1.83904697851363,25.5371,-0.007,0.0936247119492689,1,0
129,2018,37,20.046462756881,19.2697246764357,0.531822363756162,0.244915716689127,5.61942478981027,0.9249862266162,47.3932160367098,0.440039767353181,0.523973227452814,27.0626,-0.006,0.778669126953066,1,0
129,2019,37,21.5847985007326,19.3844958189859,1.50651835238297,0.69378432936372,5.78479682481633,1.17310006518031,47.3932160367098,4.09014146749845,4.14092383187928,27.7061,-0.006,0.0820547245573858,1,0
129,2020,37,21.0797252723161,20.1968562615779,0.604488818043614,0.278380192694557,6.81002423944066,2.52987616323031,47.3932160367098,1.060917237353,0.259212341877166,27.7809,-0.007,0.465526083051517,1,0
129,2021,37,36.9264383680376,30.0828712100939,4.68570056507999,2.15786659286367,15.9138284750875,4.09043909469709,47.3932160367098,2.00583153640193,1.66930480558018,51.1926,-0.006,-0.532921328116706,1,0
130,2010,28,15.4310142340155,13.7320732292122,0.928285208711527,0.770655796091728,6.17321222937883,1.07869450548046,53.5769636458111,0.101604395302546,0.0923535287825833,18.6327,0.008,0.122375381397495,0,0
130,2011,28,16.3783138644478,15.0552783188487,0.722894040527022,0.600141505072115,4.27719440284292,-0.129968488349051,53.5769636458111,0.105003354525203,0,21.8173,0.003,0.684152438058752,0,0
130,2012,28,15.391827781361,15.1442793422462,0.13525811303645,0.112290326078397,4.3786483373091,0.368125893744072,53.5769636458111,0.0975492929942888,0.183321642029688,20.3492,1e-04,0.0575624952866725,0,0
130,2013,28,18.8703559105262,17.3931538573791,0.80712915418361,0.670072898963438,6.86273103529602,-0.222444766196686,53.5769636458111,0.114828411256495,0,23.8001,0.002,0.223892061144249,0,0
130,2014,28,16.6600300274616,15.4696576985026,0.650408120533949,0.539964208425065,4.74950257141747,0.985629464755306,53.5769636458111,0.103202902567272,0.124714072372211,19.8047,0,0.31211398543377,0,0
130,2015,28,20.0942963245734,17.7627625645078,1.27392787445913,1.05760588560647,6.97761577390819,-0.0433596420268311,53.5769636458111,0.168159368366639,0,26.2764,-0.003,0.517139697105973,0,0
130,2016,28,17.0414300923952,14.9279819794755,1.154767950774,0.95868016214562,6.56327691010183,1.64224132630977,53.5769636458111,0.131449073888238,0.207415250657728,19.9575,-0.006,0.470596390096737,0,0
130,2017,28,23.1085063998874,20.7469452031736,1.29033458029362,1.07122661642009,8.62222716386293,1.0927942606143,53.5769636458111,0.158409139891575,0.354824689599209,28.9096,-0.007,0.30151012240825,0,0
130,2018,28,21.9259220599584,19.1287596612338,1.52834293466289,1.26881946406174,6.4851486087055,1.62603024152691,53.5769636458111,0.169786668718527,0.244686606226544,26.4507,-0.006,0.4274927331601,0,0
130,2019,28,21.2722524595782,19.4054820668528,1.01998559027551,0.846784802449802,5.2408557055424,2.41087706375059,53.5769636458111,0.127316346049952,0.282421001449489,26.4389,-0.006,0.568238527648553,0,0
130,2020,28,21.9053451718798,19.4143411068106,1.36106093260827,1.12994313246085,8.89863849540789,1.81649646510892,53.5769636458111,0.115038667673569,0.150472115190917,27.4844,-0.007,0.141301237770534,0,0
130,2021,28,22.9839437158532,20.1402038300381,1.55379243067408,1.28994745514096,5.78274279830208,0.346824051729908,53.5769636458111,0.155174229480425,0.204109113143592,28.3292,-0.006,0.411565425385136,0,0
131,2010,38,415.788963720154,249.473683351446,105.848097957232,60.4671824114764,233.624760993861,28.6599850317874,14.6925755631136,9.07622079558098,2.44585719170801,359.2524,0.008,-0.276063822947069,0,0
131,2011,38,439.120745748398,292.125235586905,93.5524091614036,53.443101000089,273.426852387989,-3.45957055274621,14.6925755631136,11.1523450351356,0,391.0235,0.003,0.24006330659731,0,0
131,2012,38,398.371535427479,251.141674629706,93.701557027134,53.528303770639,252.852829232465,-0.596508817433809,14.6925755631136,7.23811311423681,0,341.1781,1e-04,0.535534694417795,0,0
131,2013,38,457.326694904245,255.489893239688,128.455073440047,73.38172822451,295.218649634537,24.9093177212495,14.6925755631136,6.52693067997475,2.08787399132704,434.7788,0.002,0.0206505988425414,0,0
131,2014,38,538.987753568568,321.467596327042,138.436437471836,79.0837197696905,336.413138624166,57.9697758497391,14.6925755631136,9.59646445957239,4.86056437076042,485.748,0,0.290091377027703,0,0
131,2015,38,498.68542525186,330.064931622395,107.315205720848,61.3052879086173,315.030541229167,69.3013339162092,14.6925755631136,10.1675255027463,3.73638867528614,461.3019,-0.003,0.699018244813924,0,0
131,2016,38,455.470946920043,287.9411489328,106.621053873083,60.9087441141599,282.361143284768,49.6025061975735,14.6925755631136,9.4009919858699,4.64743301567655,368.7872,-0.006,-0.0945774231517602,0,0
131,2017,38,577.492900188897,376.94894525977,127.632266494154,72.9116884349726,270.843349211726,-7.15212262363187,14.6925755631136,12.2017025605327,0,516.047,-0.007,-0.492264210455118,0,0
131,2018,38,444.688551963679,320.188199604225,79.235807215299,45.264545144155,169.739220560063,34.7431744241329,14.6925755631136,12.3985617717205,4.4029444950704,397.393,-0.006,-0.0378421666188964,0,0
131,2019,38,578.42011076822,346.593304778364,147.541623446305,84.285182543552,382.360990177725,44.5673367159798,14.6925755631136,9.82616016588277,3.75944699761441,506.9171,-0.006,-0.107237560334354,0,0
131,2020,38,549.58985279248,402.95648233031,93.3219324530507,53.3114380091187,232.719761608663,-0.603009676580722,14.6925755631136,16.1686576074983,0,475.4228,-0.007,-0.238266696292767,0,0
131,2021,38,579.931351670391,412.665996525251,106.452754413208,60.8126007319318,333.54882082853,26.0526572156952,14.6925755631136,19.9417765879173,10.5439644734033,530.2149,-0.006,0.203760176970773,0,0
132,2010,37,349.107847495017,151.650040712644,127.075978606832,70.3818281755407,234.307663254894,20.4203683511708,40.0588702889302,5.36646247003728,0,400.3776,0.008,-0.0921332316401295,0,1
132,2011,37,836.609909530969,260.654890928833,370.66170649332,205.293312108815,750.213829104224,70.2799406496507,40.0588702889302,6.66391598910311,0.490338113698582,850.539,0.003,-0.132783825446157,0,1
132,2012,37,697.742282184759,196.017617727734,322.890007571747,178.834656885278,575.299208828957,74.2641756199975,40.0588702889302,11.1897046987233,1.28108700935568,740.7303,1e-04,0.0413938659994705,0,1
132,2013,37,491.636658028338,199.362174134305,188.096214922391,104.178268971643,364.265033141075,22.1855654227853,40.0588702889302,4.71338514176143,0,548.7855,0.002,0.0892769646026369,0,1
132,2014,37,420.277246814832,201.254257341084,140.95447112631,78.0685183474382,263.015957203182,8.59411254677976,40.0588702889302,2.96862692689453,1.07624479960987,465.9789,0,-0.142080784450545,0,1
132,2015,37,662.6644436832,231.912551768716,277.214758402067,153.537133512417,562.317522979712,-10.7903250733881,40.0588702889302,6.54189987040507,0,694.9835,-0.003,0.118343108796657,0,1
132,2016,37,618.15777371744,238.591809305902,244.273534480218,135.29242993132,518.915849094606,-44.8368957681695,40.0588702889302,5.93834377457907,0,730.077,-0.006,-0.00395183900929648,0,1
132,2017,37,700.558690547166,313.813051310753,248.894087191286,137.851552045126,554.976094557184,-22.9988188662497,40.0588702889302,6.51430227127144,0,766.5525,-0.007,-0.406132967633822,0,1
132,2018,37,708.135700330071,324.038207834438,247.189845439275,136.907647056358,502.71164164428,34.3809602319889,40.0588702889302,6.67391509124674,0,765.2618,-0.006,0.227887289631005,0,1
132,2019,37,685.463861484524,271.202616421125,266.602035002526,147.659210060873,507.695151252302,-37.2015548647804,40.0588702889302,5.80987913599264,0,697.0065,-0.006,-0.126484617448385,0,1
132,2020,37,608.014614773425,252.641621001859,228.703902316375,126.669091455191,451.025189516695,-33.2217705278293,40.0588702889302,6.71039083090601,0,661.4118,-0.007,0.218959533925045,0,1
132,2021,37,800.372577853224,299.220994177372,322.521195609966,178.630388065885,736.594339455551,38.5920730094844,40.0588702889302,8.12200925881945,0,828.0851,-0.006,-0.39606692803488,0,1
133,2010,28,68.6420122830882,43.2454502882596,11.5443365751723,13.8522254196563,43.9093798429055,2.22560539073979,53.6348940468243,0.383949858611643,0,39.9999,0.008,0.157993466536702,0,0
133,2011,28,63.5550617894023,37.7116797874218,11.7474444033946,14.0959375985859,35.9878711363021,1.52006314865526,53.6348940468243,0.376145235672216,0,39.7742,0.003,0.411056759924277,0,0
133,2012,28,77.5257437376348,46.1184052471598,14.2766129737654,17.1307255167096,41.6582570676509,-9.15514923584061,53.6348940468243,0.342186952787426,0,45.6414,1e-04,0.407031932348747,0,0
133,2013,28,71.3430264310056,41.812603243076,13.4234367847959,16.1069864031337,41.9531933859749,0.988741996109092,53.6348940468243,0.41301291068646,0.0379943160391608,42.4253,0.002,0.0487063001953537,0,0
133,2014,28,71.6542664643773,43.7623385179193,12.6786375262105,15.2132904202475,42.9950071761588,-3.55194832963415,53.6348940468243,0.342119314051879,0,42.2533,0,0.434352971613958,0,0
133,2015,28,70.5272085780187,44.6096465285241,11.7811639058942,14.1363981436005,36.5425816086289,NA,53.6348940468243,0.385142150093433,0.249486980600661,44.8029,-0.003,0.430603581754037,0,0
133,2016,28,86.669032210941,53.8583548149741,14.9145188705294,17.8961585254376,43.7082777846164,0.499669218230541,53.6348940468243,0.423583889908995,0,50.4512,-0.006,0.470917376204325,0,0
133,2017,28,88.4086940276673,54.4559852827334,15.4336440290668,18.519064715867,51.1278198276179,-5.05469252586575,53.6348940468243,0.470486592751821,0,51.6221,-0.007,-0.2899431751345,0,0
133,2018,28,98.6757276406637,52.6481015467148,20.9224542870381,25.1051718069109,69.0034048691471,-0.651365198332703,53.6348940468243,0.538404734198144,0,65.7074,-0.006,0.389531615519179,0,0
133,2019,28,102.834135231994,60.8678690031805,19.076310496175,22.8899557326383,69.461955228983,0.990866413522524,53.6348940468243,0.610848638325969,0,63.7862,-0.006,0.397824264485333,0,0
133,2020,28,96.4628379311547,62.5651473605588,15.4086348044939,18.4890557661019,60.4592721325991,-4.46955591046486,53.6348940468243,0.609504714052574,0,58.1734,-0.007,0.141202248925977,0,0
133,2021,28,124.209813295898,82.0305476787015,19.1731321301543,23.0061334870417,69.1940147560099,-5.77416209114003,53.6348940468243,0.60794362033419,0,69.4816,-0.006,0.130718258736188,0,0
134,2010,36,361.137787744836,221.075431431611,87.3345624511679,52.7277938620568,184.29654122438,40.2365554699493,2.13337023944242,358.640266963455,17.7765487146256,463.7342,0.008,-0.106931190218194,0,1
134,2011,36,356.397158291611,218.656854365964,85.8866685659314,51.8536353597162,216.87794417772,16.2766665908701,2.13337023944242,1024.9362737108,8.89919014091435,439.9199,0.003,0.155064242958776,0,1
134,2012,36,446.579801540597,282.434872048642,102.351024023178,61.7939054687777,249.524461934009,71.4506795060045,2.13337023944242,262.778901774203,1.11001945172448,556.4133,1e-04,0.163534845534608,0,1
134,2013,36,384.283056679939,260.70943142005,77.0531695785699,46.520455681319,189.096977076701,NA,2.13337023944242,523.067163188376,22.7819963896451,494.1698,0.002,0.063188652471236,0,1
134,2014,36,376.940785338117,264.721106781393,69.9735231017013,42.2461554550221,211.130757053535,107.017658418683,2.13337023944242,246.64409138178,15.5727354609401,469.5368,0,0.192905457405208,0,1
134,2015,36,598.394795123601,340.642189967882,160.719208104583,97.0333970511365,422.419701427265,132.690729724787,2.13337023944242,921.342502512835,48.1651697805064,764.2111,-0.003,0.124957252366197,0,1
134,2016,36,581.81573113375,308.088809717563,170.679842480493,103.047078935693,430.269526189944,67.9833582708533,2.13337023944242,530.788256637894,25.5423259776178,769.7953,-0.006,0.0567606470575281,0,1
134,2017,36,554.582308497544,338.975766703016,134.439427444194,81.1671143503347,280.724748550268,78.6877007335305,2.13337023944242,1588.92141849513,48.5944601547036,690.6193,-0.007,-0.422322983785879,0,1
134,2018,36,482.349603272556,324.883077792972,98.186768132835,59.2797573467486,237.403623311695,66.5149788452398,2.13337023944242,1401.43803667244,51.8389326281447,576.1651,-0.006,0.411517811243977,0,1
134,2019,36,559.6509727862,352.811487195941,128.972812161266,77.8666734289923,311.39290119473,57.9589739663044,2.13337023944242,310.875296833243,4.51729714679989,695.4383,-0.006,-0.00837383425920439,0,1
134,2020,36,577.585352143978,410.278379324237,104.322686343824,62.9842864759166,267.734811475692,66.489996791661,2.13337023944242,401.579830776558,25.4026534840391,740.7062,-0.007,-0.122934147192574,0,1
134,2021,36,635.539812137646,365.097627570977,168.631675770529,101.81050879614,432.91603078791,80.3885690910183,2.13337023944242,343.157905322877,11.8897648160811,778.6289,-0.006,0.0830044130700683,0,1
135,2010,51,24.8857092826207,22.9201930958736,1.52979996404521,0.435716222701908,6.39541968135768,1.43364660316898,70.095615783566,0.184783012830668,0.527999260524164,27.4575,0.008,0.550891376168044,0,0
135,2011,51,29.013418244335,25.1995281614124,2.96842577591966,0.845464307003,11.5289442542436,1.6590445254836,70.095615783566,0.23392883756014,0.953891364367089,31.2742,0.003,0.303927237505018,0,0
135,2012,51,29.3462297950134,25.8900638036548,2.69000206915875,0.766163922199918,10.2804486854636,2.64574484929073,70.095615783566,0.288984817810564,1.06350748677819,33.1867,1e-04,0.222549063060805,0,0
135,2013,51,20.1887078452051,19.5645263031922,0.485812789010589,0.138368753002349,3.4686507150221,1.52704615047789,70.095615783566,0.192405008057208,0.750213088255467,21.4734,0.002,-0.197880332606754,0,0
135,2014,51,28.5933424742129,25.8035444005239,2.17135479300525,0.618443280683706,6.95855040935383,4.26466969936111,70.095615783566,0.239896953050527,0.826042866404417,29.1976,0,0.462417444572104,0,0
135,2015,51,28.8650948730717,23.5279302583619,4.15402034882192,1.18314426588787,12.3312406203897,4.02259800478297,70.095615783566,0.185706016378018,0.654605376813728,31.3149,-0.003,0.0808571565423281,0,0
135,2016,51,30.6366497373434,28.6895999166675,1.5154272275894,0.431622593086535,7.24558067424161,3.64046510152382,70.095615783566,0.203773623497201,0.77924852407633,36.6407,-0.006,0.355472991046591,0,0
135,2017,51,34.1269208586711,30.9272041101607,2.4904025720221,0.70931417648832,7.62215557586015,4.04983539720191,70.095615783566,0.249584841262111,0.737308071737323,36.8834,-0.007,-0.457771618876086,0,0
135,2018,51,34.9469389489684,31.0207201806995,3.05585340432721,0.870365363941708,11.7278511925651,3.89434427509085,70.095615783566,0.316319414014387,0.913457042795379,40.7561,-0.006,0.199803926267636,0,0
135,2019,51,36.9128916715048,33.0726612471894,2.98892698246645,0.851303441848958,7.67502434907387,4.13985129907648,70.095615783566,0.265404057229044,0.641971530219952,38.6468,-0.006,0.210912673295478,0,0
135,2020,51,36.7265599158774,32.9420890839346,2.94552819339418,0.838942638548633,13.5335692867561,NA,70.095615783566,0.275098660349247,0.61575172724153,39.5604,-0.007,0.568723614820107,0,0
135,2021,51,32.6606522235082,30.179331409726,1.93126086536621,0.550059948415922,7.63468453907115,1.92631180125239,70.095615783566,0.262222692221276,0.645678131702552,38.1496,-0.006,-0.341949864967577,0,0
136,2010,36,42.1950085754566,32.7495320048886,5.49262234870409,3.95285422186387,14.0561097893103,1.65456918345093,44.8270950017973,0.45187318099857,0.318713633267983,53.3682,0.008,0.215311991280063,0,0
136,2011,36,40.2793530818417,30.1805076221762,5.87256173401656,4.2262837256489,17.7531290375228,2.7929265594027,44.8270950017973,0.373029342758409,0,45.1515,0.003,0.10620784534398,0,0
136,2012,36,48.0522282527879,38.6366514779783,5.47523537143757,3.94034140337205,19.3600146249334,3.51153364210012,44.8270950017973,0.596478868791155,0.589328026709542,54.9921,1e-04,0.356506104203897,0,0
136,2013,36,41.7366516960477,32.5062414545029,5.3675595086853,3.86285073285952,21.1799694630963,5.12107944240011,44.8270950017973,0.887940826858661,0.457091203328225,46.2316,0.002,-0.199622406165939,0,0
136,2014,36,58.7977958090814,40.1297935747856,10.8555969105099,7.81240532378591,30.0335685594934,4.30685447546259,44.8270950017973,0.952773532102818,0.717799925509328,69.6224,0,0.0659996977662574,0,0
136,2015,36,50.4616976588818,34.4900783459431,9.28762805432128,6.68399125861747,29.0340465274149,0.283205493517753,44.8270950017973,0.806534262140708,0.626567011973609,57.9012,-0.003,0.298648815549802,0,0
136,2016,36,54.2857849744915,39.6715111018833,8.498320511735,6.11595336087319,29.8745874705671,2.74476259918758,44.8270950017973,0.729420889719237,0.653350938923439,60.6245,-0.006,0.0578247133661355,0,0
136,2017,36,50.7776670079863,40.1756487363505,6.16516086457822,4.4368574070576,20.4112361888523,6.49776467095329,44.8270950017973,0.892786847715823,0.558483258047504,58.6936,-0.007,0.13355941821678,0,0
136,2018,36,64.9997338220966,44.5592727403499,11.8862963151331,8.55416476661357,27.3796441130856,5.45199445564946,44.8270950017973,0.640518591464709,0.497773361869396,75.4239,-0.006,0.242502459508076,0,0
136,2019,36,52.5778538153687,39.8094068064854,7.42495700193338,5.34349000694991,22.3954647524644,0.326817387348519,44.8270950017973,0.498269831462375,0.289075519506762,61.2582,-0.006,0.302231812379653,0,0
136,2020,36,45.5377857982184,38.4102886703711,4.14469822906821,2.98279889877909,14.7083900376614,5.33956003705284,44.8270950017973,0.663087851939113,0.256116544390672,51.0068,-0.007,0.657981157018987,0,0
136,2021,36,66.8462264193884,42.8255359485179,13.968229165135,10.0524613057355,34.1310798174916,1.62024006613041,44.8270950017973,0.71524505208567,0.355086672229221,77.4896,-0.006,0.245564625153167,0,0
137,2010,73,19.5905191764706,10.4501663492664,4.43116710619441,4.70918572100975,14.2700222426429,2.81627780018543,33.4341685834865,0.925418324063779,0.747344008318224,18.7003,0.008,-0.213585094037108,0,0
137,2011,73,21.7331324989444,9.39142029808375,5.98315953141385,6.35855266944684,17.6434173219148,2.00668278897103,33.4341685834865,0.481076266724594,0.257998558633211,23.1879,0.003,0.13155149046126,0,0
137,2012,73,15.7381575207444,7.99410854120071,3.75425060231603,3.98979837722762,11.9504618080544,0.943104790317286,33.4341685834865,0.428182455005556,0.392434350444568,15.7818,1e-04,0.233087618198501,0,0
137,2013,73,23.2926023519536,11.1232217987132,5.89961458049921,6.2697659727412,15.1016330111665,3.66115076828173,33.4341685834865,0.289191771715112,0.252931737630069,24.6664,0.002,0.232129701238973,0,0
137,2014,73,18.7881295023093,9.75925661343108,4.37712255834716,4.65175033053104,11.7183014939233,1.92230020971337,33.4341685834865,0.420894089492119,0.524509712257919,18.4134,0,0.369717643446924,0,0
137,2015,73,16.8331633875733,10.092019554829,3.26805051998402,3.4730933127603,10.3820010085296,2.92955998977602,33.4341685834865,0.369756287128347,0.0998313706814922,15.6694,-0.003,0.538698581438085,0,0
137,2016,73,22.8349604651021,10.2044777105288,6.12315309654631,6.50732965802698,16.7877586144897,1.66644120270779,33.4341685834865,0.674821792717984,0.558237924893883,23.6328,-0.006,0.41936953387153,0,0
137,2017,73,21.0384188466129,11.5910961188174,4.57998356348081,4.86733916431472,12.8975888168379,1.31864227574344,33.4341685834865,0.717089607447672,0.766450200125357,21.9143,-0.007,-0.331722409019167,0,0
137,2018,73,29.9804959927723,12.9184615354899,8.27153254159354,8.79050191568893,21.5084133362302,6.03451779589963,33.4341685834865,0.538261455702325,0.225014707237582,30.6854,-0.006,0.380495792740912,0,0
137,2019,73,22.3921626189289,11.4916971875041,5.28445507247594,5.61601035894885,14.7556454428358,1.81728602951322,33.4341685834865,0.362878245950206,0.321745509678669,21.2395,-0.006,0.102773041044873,0,0
137,2020,73,22.0436180472596,12.9056253609261,4.43002292951003,4.7079697568235,14.4393819859301,3.97602560733242,33.4341685834865,0.484611884929,0.434413681300602,22.0025,-0.007,0.0770775847317485,0,0
137,2021,73,32.498586097395,14.5952021750842,8.67941177172041,9.22397215059044,23.9674268734392,3.45846929509381,33.4341685834865,4.36535520201118,4.50696306351062,31.3001,-0.006,-0.00648306909371187,0,0
138,2010,28,57.6929704250398,52.6013924382182,3.70504820306579,1.3865297837558,17.9015364990053,4.35948428786067,71.1577387873081,0.327801729604672,0,46.0232,0.008,0.153485743733108,0,0
138,2011,28,62.0647587299622,61.0009261785785,0.774131495789477,0.289701055594195,7.96951440093312,2.44999963116451,71.1577387873081,0.34350554245306,0,54.0553,0.003,0.399570801993918,0,0
138,2012,28,53.1822611850628,51.8404900838012,0.976382296514378,0.365388804747227,9.68843283286366,-4.48965386590554,71.1577387873081,0.328884529906694,0,48.9182,1e-04,0.336868960097282,0,0
138,2013,28,63.8546111210598,63.8546111210598,0,0,16.4716690018611,-0.850200705462551,71.1577387873081,0.368493732485133,0,56.6012,0.002,0.234407791806027,0,0
138,2014,28,55.9134295312277,53.6591858193329,1.64037193098992,0.613871780904909,11.0709349575732,0.362950210880673,71.1577387873081,0.4411858900221,0,45.1739,0,0.245832975229703,0,0
138,2015,28,59.929376926673,59.0209723490869,0.661029401209902,0.247375176376218,18.0351683329882,0.566419115095803,71.1577387873081,0.35015059373337,0.0675952514699007,49.6777,-0.003,0.12678207895785,0,0
138,2016,28,84.8211573974785,80.2065707307379,3.35795034108307,1.25663632565753,23.0059967675951,-4.33002430340572,71.1577387873081,0.451728791854331,0,76.7008,-0.006,0.33807654408218,0,0
138,2017,28,74.8165515563029,72.6402000151665,1.58369122256352,0.592660318572909,16.950669904396,2.92760769191371,71.1577387873081,0.424127503033594,0.254036729239516,63.5597,-0.007,0.0721957434251202,0,0
138,2018,28,91.0665486711117,81.9107243514866,6.66252594594733,2.49329837367779,32.0771760771054,4.02547124545448,71.1577387873081,0.667838844384845,0,79.9439,-0.006,0.101072083605128,0,0
138,2019,28,62.5400513568595,61.3010823147094,0.90157511780317,0.337393924347019,14.4552051132861,1.09344597204574,71.1577387873081,0.453861914348817,0.143145758214225,57.3683,-0.006,0.124655750438797,0,0
138,2020,28,75.1166636033759,74.9517628706225,0.119995248065218,0.0449054846881397,21.7853364992964,-0.276637795354311,71.1577387873081,0.37973437785139,0,63.3357,-0.007,0.761273147611962,0,0
138,2021,28,83.3794030559804,80.2919694130626,2.24666900917265,0.840764633745224,21.0892955281781,NA,71.1577387873081,0.601317221231398,0,72.1778,-0.006,-0.051156704053259,0,0
139,2010,50,42.7725998989569,35.7293323739709,3.7132055900396,3.33006193494639,17.7790052801835,4.74239639062862,67.1366145205958,0.672424756071982,1.39927818199393,57.358,0.008,-0.376852699808998,0,1
139,2011,50,39.9641983683018,32.6746644666746,3.84303704726298,3.44649685436425,11.8137370877946,4.81723391540439,67.1366145205958,0.358892074054451,0.718774763121593,47.103,0.003,0.645864304126877,0,1
139,2012,50,39.9407568088949,38.8021869973388,0.600253188441632,0.538316623114414,11.0617689217575,0.862487711351049,67.1366145205958,0.523195831321234,0.964123190562171,50.7491,1e-04,0.104981481875806,0,1
139,2013,50,42.1980671844742,35.8693105786555,3.33651594566868,2.99224066015004,12.6061652689027,1.70469257305321,67.1366145205958,0.810678262876041,1.30889251894677,59.0222,0.002,0.139175109491658,0,1
139,2014,50,41.2703414337046,37.118706286564,2.1887390733746,1.96289607376598,14.6115882221549,4.81054111436191,67.1366145205958,0.432944748261149,0.575839082733953,56.4292,0,0.772545438640501,0,1
139,2015,50,39.9969041710709,34.8768484668525,2.69928969683081,2.42076600738754,13.9193317285584,3.5119551036009,67.1366145205958,0.477994779818904,0.712707519356694,47.0596,-0.003,-0.0443974025711463,0,1
139,2016,50,46.5949942655163,40.901553560503,3.00157785820528,2.69186284680798,17.8415447111207,5.93571462318437,67.1366145205958,1.15877145969346,3.02375209886695,62.2819,-0.006,0.136169794598727,0,1
139,2017,50,38.5718736878646,36.4662014762185,1.11010888047885,0.995563331167225,8.37826414964846,0.874406158309643,67.1366145205958,0.452167662147936,1.01643185967946,50.463,-0.007,0.115593769796146,0,1
139,2018,50,45.3734152480567,45.0106729244251,0.191237492978113,0.171504830653398,6.1534438894235,5.0574052629992,67.1366145205958,0.97883860139445,0.851732955490519,61.226,-0.006,0.0979294990386149,0,1
139,2019,50,57.2634229844888,48.4580720082569,4.64217472234525,4.16317625388671,21.7927499464295,1.81461953893191,67.1366145205958,0.627703870028373,1.32518845698153,77.9507,-0.006,0.0142660166474354,0,1
139,2020,50,58.1915368799021,49.4875586288316,4.58873109431157,4.11524715675894,16.4603060602988,5.77907633477027,67.1366145205958,1.21373587072157,2.55165463945582,80.0931,-0.007,0.138080643555665,0,1
139,2021,50,58.9137759271957,52.1363081516297,3.57307615269021,3.20439162287577,23.3650446039326,3.76839745520613,67.1366145205958,0.669236636343373,1.70848443714256,82.146,-0.006,-0.085592159414808,0,1
140,2010,50,286.395489905615,208.981708095199,49.4515926659667,27.9621891444497,161.242686618427,66.2423667883921,24.2026743837972,4.16707044768998,3.27920850284044,253.6503,0.008,0.120341134757097,0,1
140,2011,50,359.791743079384,221.88174701774,88.0963155437509,49.8136805178939,216.948193732781,45.9205698020201,24.2026743837972,4.08456045389238,1.86556338109706,348.2305,0.003,0.0910863706845935,0,1
140,2012,50,324.012778263525,228.893864764325,60.7615550511553,34.3573584480444,186.177193163135,47.4993522709307,24.2026743837972,4.47710808846048,4.72483325239243,270.7962,1e-04,0.304031582929983,0,1
140,2013,50,300.859003153108,212.585199238424,56.3889283300326,31.8848755846511,141.421584773602,29.6568484844218,24.2026743837972,4.22815327330027,2.40671273503026,270.4009,0.002,0.16217416450715,0,1
140,2014,50,262.030279204025,210.032610559165,33.2158882988397,18.7817803460206,78.4031987858073,37.4346579558938,24.2026743837972,4.73094353585537,2.72812124888414,229.945,0,-0.0574361088940484,0,1
140,2015,50,349.523347690417,271.103600822918,50.094198841194,28.3255480263056,164.222989679025,35.5249869962264,24.2026743837972,7.06226192925815,2.88407169501955,319.8434,-0.003,0.198999708763271,0,1
140,2016,50,253.529751256996,211.997698245672,26.5304978011162,15.0015552102081,68.6919081848515,42.7699486285196,24.2026743837972,3.57896728787882,2.04691422235066,225.6528,-0.006,-0.0264945033632266,0,1
140,2017,50,458.882148938456,305.325013836435,98.0916410286546,55.4654940733664,272.517772103754,16.2974065555409,24.2026743837972,6.41688186115704,4.13676145348661,397.7922,-0.007,0.0176024825764487,0,1
140,2018,50,449.834667969037,304.953648450599,92.5493755078602,52.3316440105782,244.329031490259,55.7943860926596,24.2026743837972,6.59333339873762,5.03037263230211,398.3783,-0.006,0.569716448397521,0,1
140,2019,50,450.687999349993,321.660852537976,82.4219894414355,46.6051573705812,252.453954510571,73.0281740145134,24.2026743837972,9.88892186345415,8.13797415117083,360.7656,-0.006,-0.0285941958934516,0,1
140,2020,50,399.158747310967,285.1567879117,72.8239639957238,41.1779954035424,216.972650145987,30.5691941412242,24.2026743837972,6.70349265298204,5.49808831122722,364.9935,-0.007,0.265571453450787,0,1
140,2021,50,470.666763866904,308.490421321889,103.597553872679,58.5787886723371,227.574023014136,68.3245439092666,24.2026743837972,4.26240106070869,2.90055617313895,412.1968,-0.006,0.107371014158536,0,1
141,2010,36,6.75408979899045,5.18721645032068,1.33001369210953,0.236859656560245,2.39944243452007,0.0574340594439271,57.5458180467479,0.0685432432903694,0.0323216910229434,4.9851,0.008,0.244217910750697,0,0
141,2011,36,6.56098714993052,5.03681986817514,1.29376337629395,0.230403905461426,2.21764969610308,0.34658940835687,57.5458180467479,0.0493055020010526,0.067240124431527,5.0389,0.003,0.242058647874082,0,0
141,2012,36,6.90115719037704,6.15009911769356,0.637522822815561,0.113535249867921,2.05856826394929,0.0288972209389296,57.5458180467479,0.0648275591411771,0,5.519,1e-04,0.43635442259931,0,0
141,2013,36,6.56687459652473,5.14930710381512,1.20327796525085,0.214289527458756,2.11516116800516,0.432425559230754,57.5458180467479,0.0519417971085369,0.00099362698586615,4.5738,0.002,0.659665895168057,0,0
141,2014,36,8.01734756693619,6.79029465233166,1.04156291812127,0.185489996483264,3.5199753245782,0.408136067151467,57.5458180467479,0.0894422318243412,0.0727812420065172,6.1324,0,-0.161308415407755,0,0
141,2015,36,8.1714306256979,6.58426982089886,1.34723435289421,0.239926451904832,3.15759818269582,0.133883657602965,57.5458180467479,0.0470504350872567,0.0642956833092621,6.3325,-0.003,-0.105352775900442,0,0
141,2016,36,5.82111378368971,5.11651787893263,0.598084204780692,0.10651169997639,1.91711085567147,0.632868023068077,57.5458180467479,0.0755368994112657,0.101719900205801,4.0199,-0.006,0.62673381779712,0,0
141,2017,36,8.61437687913358,6.84812795668754,1.49925024413829,0.266998678307752,3.95627997361543,0.928291456501286,57.5458180467479,0.0720599872844744,0.057835667265495,6.6981,-0.007,-0.222246193763488,0,0
141,2018,36,8.69455515746638,7.36670194398111,1.12712553094759,0.200727682537679,2.71529120383885,NA,57.5458180467479,0.0834059071591113,0.0691234744031545,6.5999,-0.006,0.149622449482292,0,0
141,2019,36,9.05971967747718,8.45595145287463,0.512498349827572,0.0912698747749839,3.03751449399552,0.805783037033735,57.5458180467479,0.0942818725115443,0.0603340501399363,6.2326,-0.006,0.151095606849832,0,0
141,2020,36,7.88329279862831,7.04093133642934,0.715024146259927,0.127337315939046,3.17391362194818,0.286627495106597,57.5458180467479,0.0669268271775346,0.0936625785268187,6.3632,-0.007,0.256843040377206,0,0
141,2021,36,10.6711287762789,8.41917423603742,1.91153316576104,0.3404213744804,5.36299812888789,1.37268834968306,57.5458180467479,0.127280680467508,0.243528176786354,7.7815,-0.006,-0.127904338719664,0,0
142,2010,51,1119.43054802568,871.856723567833,194.993114302489,52.5807101553542,492.10368554147,224.756469919737,31.6711736786992,47.7758985045022,32.0371000384769,1168.3034,0.008,-0.258062978549761,0,1
142,2011,51,1284.53095649779,1046.60438888926,187.394780101996,50.5317875065273,537.202652136323,236.216355533518,31.6711736786992,37.0350294094202,14.7169220253848,1394.0261,0.003,0.221713081660247,0,1
142,2012,51,1613.0865486753,1110.91791308198,395.516070302686,106.652565290634,724.972474882116,300.646249294391,31.6711736786992,27.4175280115237,15.6310295170614,1465.8957,1e-04,0.410988327762136,0,1
142,2013,51,1530.31169045127,1126.26252777956,318.23559995974,85.8135627119666,827.556274175907,386.582795284151,31.6711736786992,34.5225077914513,18.201025500362,1582.3441,0.002,-0.0803325507135486,0,1
142,2014,51,1783.69676729896,1315.21504213527,368.983719436083,99.4980057276081,791.851790956634,315.815167973374,31.6711736786992,33.6816478313826,14.9190487102737,1692.3759,0,0.456496217714015,0,1
142,2015,51,1451.65535672274,1191.0639791834,205.245947862407,55.3454296769309,429.238071422089,341.567500222513,31.6711736786992,33.6675123796701,30.8058372750849,1469.1861,-0.003,0.171033504644294,0,1
142,2016,51,1968.33638352505,1466.64203002358,395.142518121433,106.551835380039,849.593744358644,417.021614705578,31.6711736786992,46.4056329578045,12.5794868867499,1942.6356,-0.006,0.123474151224604,0,1
142,2017,51,1591.37474416227,1246.85048072537,271.352834765335,73.1714286715594,646.925520678532,342.065421273263,31.6711736786992,37.4181283308348,16.9093596355372,1568.1038,-0.007,-0.00843789068249429,0,1
142,2018,51,2176.49958422741,1482.65451588031,546.483502513654,147.361565833437,1191.10661316844,368.929160336367,31.6711736786992,70.6192227956115,34.4445325287023,2254.9316,-0.006,0.165354657666813,0,1
142,2019,51,1777.73979905351,1491.96223315343,225.082993707726,60.6945721923591,539.505474776802,383.949425402748,31.6711736786992,44.6422990240774,24.3789464617354,1775.4519,-0.006,0.182084260120018,0,1
142,2020,51,2050.15825082646,1663.2202221129,304.758596455627,82.1794322579385,934.93633629922,559.880845457555,31.6711736786992,47.8381694289071,20.7207867389253,2248.6534,-0.007,0.280086652492886,0,1
142,2021,51,1943.67212630684,1411.33497427913,419.277277636735,113.059874390968,889.997546690716,NA,31.6711736786992,31.1716833274668,23.1149363607783,2132.6666,-0.006,0.312621950455098,0,1
143,2010,28,37.4268592965186,37.4268592965186,0,0,7.24100011149417,0.373268501457637,25.6653925699152,0.612258774564358,0.720005098772679,49.5491,0.008,0.233268801994848,1,1
143,2011,28,37.9545295145878,33.6117205460269,2.16662072745115,2.1761882411098,11.1334663785953,2.2059832493337,25.6653925699152,0.683458711896245,0.623352938643112,45.5639,0.003,0.397022834953524,1,1
143,2012,28,39.7032416083487,33.7727101325091,2.95873304890345,2.97179842693617,15.8245096028429,3.55053837505449,25.6653925699152,0.527541643308507,0.336347869548119,49.6297,1e-04,0.585202327502937,1,1
143,2013,28,41.4197798922745,41.4197798922745,0,0,7.43872260598821,3.60687985280318,25.6653925699152,0.87974833142438,0.922617817591847,49.7498,0.002,0.42296262924157,1,1
143,2014,28,38.7686527155345,38.7686527155345,0,0,8.91322957024212,5.14218182319983,25.6653925699152,0.729705196173115,0.773937280554056,47.2337,0,0.173831268136185,1,1
143,2015,28,36.3558828271014,32.9625386419202,1.69293420461584,1.70040998056529,8.69899666947918,1.75889741604678,25.6653925699152,0.534647592741794,0.553772622261649,42.8952,-0.003,0.23468650845936,1,1
143,2016,28,38.4169102321834,37.9097661718271,0.25301339315779,0.254130667198506,9.7777214510329,2.92261758850025,25.6653925699152,0.768780477512779,0.845729319404367,46.5067,-0.006,0.746373906211295,1,1
143,2017,28,46.6243697149669,42.1230377110104,2.24570762644968,2.25562437750683,10.2037982864634,4.31160031831724,25.6653925699152,0.794767196311212,0.64058706977812,61.6037,-0.007,0.185294611327527,1,1
143,2018,28,52.6830096527208,47.0847072110643,2.79298449377861,2.80531794787792,20.5647182603028,5.77542043744631,25.6653925699152,0.735144457365361,0.797600978189278,66.6083,-0.006,0.380038772823531,1,1
143,2019,28,62.6333928942844,53.0789990754293,4.76667240857754,4.78772141027754,24.8428908811506,-0.307849728069186,25.6653925699152,0.982203920854268,1.28079109188693,72.4605,-0.006,0.249312949695942,1,1
143,2020,28,49.4232124956245,48.1723499461746,0.624053405629876,0.626809143819973,8.49147363731343,4.76937140855773,25.6653925699152,1.16989998128081,1.22473124393051,69.2786,-0.007,0.23555366946576,1,1
143,2021,28,46.3445377152246,46.3445377152246,0,0,9.95011727700523,-0.301682370867412,25.6653925699152,0.633536932709561,0,66.0808,-0.006,0.351182902470757,1,1
144,2010,36,60.7967576435987,54.4114152977204,5.18266615615052,1.20267618972776,19.510435091019,6.46251667057636,66.6021214339695,0.562435789421516,1.5266188894707,68.0335,0.008,0.468285605598748,1,1
144,2011,36,85.831253305289,73.1970922886343,10.254522806383,2.37963821027158,24.0805139524781,6.15143908254691,66.6021214339695,0.547825574516899,1.34504151382357,98.3787,0.003,0.410986998734124,1,1
144,2012,36,87.487877824118,72.737202773706,11.9723924299049,2.77828262050713,29.300281200552,9.05273377274805,66.6021214339695,0.801104497436942,3.18666960690527,98.3813,1e-04,0.346910197689768,1,1
144,2013,36,77.8517381687531,77.8517381687531,0,0,23.2119533409408,NA,66.6021214339695,0.587924762937135,2.89018785719226,86.2072,0.002,0.253956981518407,1,1
144,2014,36,103.114617152155,82.4939891189011,16.7367425640846,3.88388546916914,38.1991061231445,10.3729929590578,66.6021214339695,0.760257458730804,1.91930880166639,117.3061,0,0.273170507222816,1,1
144,2015,36,87.7990262660145,79.1175019987791,7.04636330621233,1.63516096102309,23.7562198613396,4.21069693259138,66.6021214339695,0.616968232517743,1.99582154970803,97.6472,-0.003,0.29336195050816,1,1
144,2016,36,95.8647402806472,84.6572125749163,9.09659520011546,2.11093250561534,33.1192821104796,13.6659058796722,66.6021214339695,0.706798508750183,2.20627822972183,114.7456,-0.006,0.253980067049999,1,1
144,2017,36,112.643724141567,103.977358831577,7.03405953134439,1.6323057786456,23.0727046307123,6.5365377900207,66.6021214339695,0.926709378032492,2.93926109003543,111.7498,-0.007,0.455099418276255,1,1
144,2018,36,82.3036946696823,81.2694798952052,0.839420914265206,0.194793860211927,21.9497572926674,-5.79970944039748,66.6021214339695,0.560905021261627,0,93.4381,-0.006,0.427945180685028,1,1
144,2019,36,124.048632755755,99.980483078795,19.5349251481348,4.53322452882558,51.9340029374025,24.2570792855512,66.6021214339695,1.04807659085916,2.24767177511296,138.5104,-0.006,0.216536383039323,1,1
144,2020,36,125.286340989904,100.824744071309,19.854266789193,4.60733012940213,48.0434945312518,8.74947230895643,66.6021214339695,0.68903518803065,2.51027906536025,143.2027,-0.007,0.315675228990043,1,1
144,2021,36,106.746171018934,106.746171018934,0,0,27.5167744243646,5.01449825034187,66.6021214339695,0.957798644958027,2.13254950209044,122.9259,-0.006,-0.42775674283868,1,1
145,2010,20,51.8221499713129,23.0393095727777,17.0389862963442,11.7438541021909,36.3006210963819,3.99907672637896,43.7402402196985,0.269730892368172,0,30.5852,0.008,-0.16032240442681,0,0
145,2011,20,49.5125999712818,26.7633956287188,13.467169177139,9.28203516542393,34.5809594904427,-2.54087791093908,43.7402402196985,0.319313296719635,0,31.6171,0.003,0.400866980715808,0,0
145,2012,20,57.6365833010679,26.3936399633799,18.4953283281735,12.7476150095145,45.9939904482524,-3.11740135970514,43.7402402196985,0.339905319125284,0,38.9684,1e-04,0.115173549678668,0,0
145,2013,20,46.8661586873198,27.4281845428347,11.5069732691646,7.93100087532052,25.6310278600583,0.000991164577362671,43.7402402196985,0.239800564542985,0,29.9687,0.002,0.360255652608318,0,0
145,2014,20,52.3254857628471,27.9936347884228,14.4040709526015,9.92778002182279,39.1836096431038,0.399258296868848,43.7402402196985,0.355986234895791,0.0359762013517402,34.4659,0,0.47655742008704,0,0
145,2015,20,62.5689627967375,32.7405667587212,17.6579386987656,12.1704573392507,39.3949645436565,-2.95356751983719,43.7402402196985,0.346908210842467,0,36.7253,-0.003,-0.0427927740473404,0,0
145,2016,20,58.5536416173505,27.5342916355016,18.3629645977931,12.6563853840558,47.7168620410274,-7.84488264489571,43.7402402196985,0.333311645262312,0,33.2082,-0.006,0.170344604516235,0,0
145,2017,20,62.3301736954195,32.8082996208956,17.4764825442249,12.0453915302989,36.3310210267763,-2.11006749469392,43.7402402196985,0.356058659643353,0,35.9563,-0.007,-0.0548610422192715,0,0
145,2018,20,68.9234659313626,34.5606197634161,20.3422614603673,14.0205847075792,48.0119217560576,-0.556575018633602,43.7402402196985,0.431847211990029,0,43.5806,-0.006,0.456509068907053,0,0
145,2019,20,67.8134581045116,34.7195639453277,19.591061940492,13.5028322186918,43.991788927328,-6.88599836282866,43.7402402196985,0.51808331780231,0,42.0281,-0.006,0.644108260565697,0,0
145,2020,20,95.7604815879712,38.5045525751557,33.8946044353382,23.3613245774773,85.308847048512,-0.335722969588639,43.7402402196985,0.443067892264481,0,55.4544,-0.007,0.217767000091611,0,0
145,2021,20,91.3851605466458,36.8924440241511,32.2588263430947,22.2338901793999,66.9993541804567,-11.9577209263156,43.7402402196985,0.376705055283294,0,54.6858,-0.006,0.111128649925489,0,0
146,2010,38,6.20620480349166,3.49920874129571,2.18156357763547,0.525432484560483,3.42270569149329,0.399240810473066,68.2553663721428,0.0704827938454578,0.0457787703595801,5.3527,0.008,0.260483563375079,1,0
146,2011,38,4.01501331124754,2.78622537393139,0.990278133804203,0.238509803511949,2.15195676421542,0.299888212990517,68.2553663721428,0.0365348514931005,0.0357690968951516,3.7253,0.003,0.512468116969351,1,0
146,2012,38,4.91169604114993,3.30614378253693,1.29391186721532,0.311640391397679,2.9909494684045,0.286000366289391,68.2553663721428,0.110695820085046,0.0579819523120074,4.5244,1e-04,0.257487853170851,1,0
146,2013,38,5.29264565960627,3.40208164845708,1.523602359645,0.366961651504185,2.64719784597328,0.263508215172358,68.2553663721428,0.142127412346176,0.0564853698617386,4.4753,0.002,-0.0714588382895198,1,0
146,2014,38,4.41795869121568,3.16128446968175,1.01275164339466,0.243922578139268,1.79687151264235,0.266757631650157,68.2553663721428,0.070217664483925,0.0176121640773683,3.9867,0,0.229977074231665,1,0
146,2015,38,5.85062049908163,3.80742797288333,1.64660542344319,0.39658710275511,3.25396355312632,0.502979327526174,68.2553663721428,0.557821044007649,0.78241867177345,5.3638,-0.003,0.064911675675746,1,0
146,2016,38,6.06808572736132,4.04084836722606,1.63374718192436,0.393490178210906,3.18941174729325,-0.0609994184206919,68.2553663721428,0.0969480409284411,0,5.8003,-0.006,0.183292033881207,1,0
146,2017,38,7.23262765109105,4.25436604531213,2.40017602336915,0.578085582409774,5.01217665519498,0.513133189818906,68.2553663721428,0.623301327270946,0.90036221449683,6.5133,-0.007,-0.289228803881256,1,0
146,2018,38,5.068366220706,3.80399472889488,1.01895486057641,0.245416631234711,1.93543968710494,0.28507879250913,68.2553663721428,0.290052230405139,0.375157230708374,4.8849,-0.006,0.281135370049541,1,0
146,2019,38,6.88522340490372,4.29218051762764,2.08972890545665,0.503313981819427,4.07420905263817,0.0124534502263107,68.2553663721428,0.62884147368366,0.66744218767721,5.9902,-0.006,0.0287357278576095,1,0
146,2020,38,6.15431258193841,4.08453862612991,1.6680273528981,0.401746602910394,3.6995988356173,0.852171623836992,68.2553663721428,0.185822019688703,0,5.6666,-0.007,0.231895725456022,1,0
146,2021,38,7.9407908174566,5.27296089319132,2.14999965289267,0.517830271372606,4.76479379786595,0.214872988221711,68.2553663721428,0.772534259715495,1.05566739809934,7.8232,-0.006,-0.183393105547574,1,0
147,2010,28,53.4890671247563,27.1972475696631,18.5818029050336,7.71001665005956,32.6677088470752,13.1722524184991,71.6114156520262,0.189770263908768,0,46.6502,0.008,0.334038604934056,0,0
147,2011,28,52.0012595068663,26.2094704355186,18.2284052302931,7.56338384105458,31.8159107361953,11.8066452552571,71.6114156520262,0.22243182164569,0.40048678849218,41.6947,0.003,0.0220497646824803,0,0
147,2012,28,67.5206427936472,38.7706938396589,20.3190914144738,8.43085753951451,36.2473084404185,6.50506549123887,71.6114156520262,0.330836986538093,0.122297754923431,57.3668,1e-04,0.117545092937981,0,0
147,2013,28,58.2278001980536,31.1542875005534,19.134266300501,7.93924639699916,35.7984095333482,14.9725369841337,71.6114156520262,0.338693915179471,0.32310772600216,48.4601,0.002,0.321986783429918,0,0
147,2014,28,57.5271585582177,31.1065481476909,18.672826133252,7.74778427727486,34.4223523004591,NA,71.6114156520262,0.300007810804932,0,46.9592,0,0.245577797097625,0,0
147,2015,28,93.0994358944216,40.2626482272568,37.3425191249715,15.4942685421933,62.7789018001295,15.2340892324783,71.6114156520262,0.3524538620462,0.0908051425539696,73.794,-0.003,-0.185551012446356,0,0
147,2016,28,77.3356420678075,41.2183851727758,25.525952956114,10.5913039389177,44.8648815386538,11.0131650430763,71.6114156520262,0.262287987179002,0.3256707544238,65.7869,-0.006,0.176867705860054,0,0
147,2017,28,94.5823337982265,41.7401627724077,37.3463238258697,15.4958471999491,68.775071936851,16.5836491465463,71.6114156520262,0.487584252882335,0.367842614219391,76.8559,-0.007,-0.199151184349644,0,0
147,2018,28,76.9162371427403,37.9963650826474,27.5067075595259,11.4131645005671,55.7351059295004,12.3178336822002,71.6114156520262,0.359063502388696,0.0268884813265426,65.991,-0.006,0.276738916779557,0,0
147,2019,28,81.4450238768938,43.1210922836496,27.085525287416,11.2384063058282,53.7763153983196,4.05431099717146,71.6114156520262,0.533999899992776,0.0595918212991161,74.4648,-0.006,0.195575603748632,0,0
147,2020,28,102.731019512462,52.0981080970251,35.7849246020483,14.8479868133882,72.401819560622,14.8072974776916,71.6114156520262,0.70211216382378,0,80.7818,-0.007,0.264560396995513,0,0
147,2021,28,92.7275964263782,47.2190471216972,32.1632700962979,13.3452792083832,60.379010234295,9.04916784034322,71.6114156520262,0.383161729237912,0.256447506548946,76.987,-0.006,-0.0196832939978179,0,0
148,2010,28,5.42316746884979,4.09597895897201,0.70461175026698,0.622576759610798,2.19458152658823,0.509235374107205,31.2280088740612,0.189763827092488,0.18157023261139,7.0921,0.008,-0.0111537437336169,0,0
148,2011,28,6.22170212471087,5.00191195428761,0.647593375427535,0.572196794995724,1.94836322051986,0.543381509673223,31.2280088740612,0.24323836026188,0.0235223724816433,7.5869,0.003,0.321277616552246,0,0
148,2012,28,7.42365505703732,5.53827279857262,1.00095991124988,0.884422347214816,3.77879746962955,0.850106845841999,31.2280088740612,0.295921675598128,0.248581640094878,8.9531,1e-04,0.341593352204092,0,0
148,2013,28,6.61183851160109,5.05866288144381,0.824589567414143,0.728586062743133,2.67268387045362,0.874015796971322,31.2280088740612,0.526036408569542,0.21471150308358,7.9172,0.002,0.0983688509743386,0,0
148,2014,28,6.74814975887756,5.46321604904783,0.682178442264809,0.602755267564928,2.93154190687845,1.25930978174105,31.2280088740612,0.188823239008268,0.145495164018493,7.641,0,0.0269707497733823,0,0
148,2015,28,6.09444726986835,5.18012341331157,0.485419613027435,0.428904243529346,1.57768165408406,0.759313127997109,31.2280088740612,0.192609592518156,0.0410662343002106,7.6652,-0.003,0.409445591057945,0,0
148,2016,28,5.51503490419462,4.88436759910786,0.334824774601363,0.295842530485403,1.52539467562666,0.710303763052408,31.2280088740612,0.418056140935508,0.270965355600952,7.0764,-0.006,0.330499634797438,0,0
148,2017,28,8.55167969641021,6.12966085273279,1.28586325448245,1.13615558919497,3.9629724323069,0.816056293266496,31.2280088740612,0.461420887805882,0.164400997069545,9.4524,-0.007,-0.156993403638036,0,0
148,2018,28,7.56515551544974,5.65832673604522,1.01234598831736,0.894482791087155,3.37913704490624,0.630643452818955,31.2280088740612,0.370413250599581,0.0943691841122868,8.7517,-0.006,0.0827535508827351,0,0
148,2019,28,7.84251523015647,5.51431992701514,1.23605181577472,1.09214348736661,4.64162395600959,1.17143660391531,31.2280088740612,0.551733448861569,0.366964410573886,9.8331,-0.006,0.160751116425551,0,0
148,2020,28,7.42919417795026,5.94414237430748,0.788422249600577,0.696629554042204,3.1046273402697,0.595773791813828,31.2280088740612,0.272179286618958,0.191813770336099,9.4697,-0.007,0.166801382308241,0,0
148,2021,28,8.12438199144398,6.50688778043631,0.858736659172687,0.758757551834979,2.50788765742417,0.863559142275825,31.2280088740612,0.467223713565159,0.41022910817197,10.6859,-0.006,-0.201152874581015,0,0
149,2010,73,39.9874163482338,15.604680129387,13.8143047985259,10.5684314203209,33.4109535933926,2.7259381876819,71.5920316469955,0.243754133544628,0.374385070432246,42.7133,0.008,-0.180357635825573,0,0
149,2011,73,41.3617887064832,17.1470134239368,13.7191447005174,10.4956305820289,32.439211571983,4.3046004837813,71.5920316469955,0.155121479947827,0.280437107293977,38.0416,0.003,0.141190131553447,0,0
149,2012,73,30.7903152934878,14.9448449212329,8.97742383929596,6.86804653295888,21.3441154058684,3.4468848726987,71.5920316469955,0.236144394259639,0.0473218550524018,30.671,1e-04,0.193054113358179,0,0
149,2013,73,29.7017347767672,15.5562096469821,8.01430134518763,6.13122378459745,17.3372312820703,3.65024220843247,71.5920316469955,0.175380180036697,0.0660930861629126,25.9815,0.002,0.2107156427628,0,0
149,2014,73,34.6179431439217,15.7019973790306,10.7170351187497,8.19891064614145,28.1920708700673,3.76061832389212,71.5920316469955,0.141352789182175,0.0964467320299813,34.2536,0,-0.0344335552843371,0,0
149,2015,73,26.57454009624,14.4432749780901,6.87310039487332,5.25816472327655,16.1346911608665,0.96550235206109,71.5920316469955,0.13966171600956,0.0661074214397479,24.4652,-0.003,0.387091576917756,0,0
149,2016,73,45.6160732386637,19.4028034463461,14.8514135340219,11.3618562582957,37.8653276758788,3.52916505593949,71.5920316469955,0.25051110904465,0.252478894995948,37.5203,-0.006,0.425311804831256,0,0
149,2017,73,36.9178681158591,18.2536267568678,10.5744292458475,8.08981211314375,24.0799470477676,2.24027268606889,71.5920316469955,0.211470173040336,0.232891662697093,34.7594,-0.007,-0.209321088039627,0,0
149,2018,73,34.5060540278485,18.3082010505008,9.177070042608,7.02078293473973,24.6026820174002,4.84942635945761,71.5920316469955,0.246842240403701,0.297808934165132,30.4206,-0.006,0.39615169238893,0,0
149,2019,73,37.4498169776627,18.2139916372772,10.8982663765971,8.33755896378844,24.6878264672886,2.00626790546685,71.5920316469955,0.338667732858437,0.520903100837042,29.8156,-0.006,0.0390500686868401,0,0
149,2020,73,42.8344651524998,20.3503164333193,12.7386393698532,9.74550934932741,29.887447290506,3.42768346900757,71.5920316469955,0.226222660354457,0.254911133928452,36.4087,-0.007,0.0109025718437343,0,0
149,2021,73,42.9824076984393,19.4549750347427,13.3297232527938,10.1977094109028,35.7310360874843,-1.40683044697678,71.5920316469955,0.194317367873674,0,42.3747,-0.006,-0.21889757958664,0,0
150,2010,50,132.247148232979,130.599638627836,1.05144822929087,0.596061375852356,33.7845968547125,7.83923595854756,17.1418492923926,10.204319536517,1.93050295445308,102.2197,0.008,0.0154116538241613,0,0
150,2011,50,130.909105064597,119.158613691059,7.49921779480602,4.25127357873174,38.0265661011258,1.93601175401657,17.1418492923926,5.4966660409381,0.0659768820868114,101.8788,0.003,0.0339605405668867,0,0
150,2012,50,160.032888633772,123.893376395692,23.0644034071422,13.0751088309378,70.2649372740424,-8.13583519666385,17.1418492923926,7.1674022914187,0,127.255,1e-04,0.27498127886118,0,0
150,2013,50,153.164286873095,134.044032510968,12.2026345278287,6.91761983429897,35.8886413811405,-1.57897063951656,17.1418492923926,8.43215162213606,0,133.3909,0.002,-0.147910616006659,0,0
150,2014,50,143.306343072076,131.137129286257,7.76644836971903,4.40276541609961,33.5495753054366,4.8047462811777,17.1418492923926,12.8295212434629,0.960297299325524,114.2059,0,0.0382081923412165,0,0
150,2015,50,150.744987376209,136.395036433052,9.15820488238169,5.19174606077545,40.1956141857144,-0.75621972676617,17.1418492923926,8.40058453599257,0,132.2995,-0.003,0.000264270775664516,0,0
150,2016,50,182.310556228951,160.223512108351,14.0960534362742,7.99099068432554,42.3525654307325,-0.370116559945332,17.1418492923926,18.7629636032074,0,144.6198,-0.006,0.00795735646282324,0,0
150,2017,50,166.881732912513,150.309933470001,10.576198843149,5.99560059936301,56.9411537693364,9.34725197884624,17.1418492923926,10.0765745192172,0,138.659,-0.007,-0.213609553137227,0,0
150,2018,50,204.542369224056,166.699877640143,24.1512526808009,13.6912389031127,82.6919681594797,10.908121014887,17.1418492923926,23.1081605860398,4.52030447660747,173.0599,-0.006,0.356059447850784,0,0
150,2019,50,210.203751526703,187.801726632411,14.2970756189218,8.10494927536961,71.2710926287998,9.27165439750634,17.1418492923926,8.55426256725142,0.203448457277765,179.9772,-0.006,-0.115372725859547,0,0
150,2020,50,243.152095004662,227.967613180651,9.6908063398925,5.4936754841185,79.0379169390029,13.8787955757503,17.1418492923926,15.3752548648847,0,209.2156,-0.007,0.29570702182106,0,0
150,2021,50,188.955539913947,170.724004019612,11.6354503023883,6.59608559194662,55.9222826940589,NA,17.1418492923926,12.1508877853995,0.104917328620323,155.9293,-0.006,-0.253314414525331,0,0
151,2010,36,5967.81520604689,5651.3160859429,251.393101696123,65.1060184078673,1772.84848872475,1113.46953825266,70.8122528026939,115.375789706568,235.459399427166,5587.9409,0.008,-0.274162097110457,0,0
151,2011,36,6497.94127494262,5972.37395969464,417.45454927926,108.11276596872,2229.1230678583,1094.88231612153,70.8122528026939,110.85012788034,95.4939376412985,5912.5783,0.003,0.0680952463509732,0,0
151,2012,36,9630.82176673327,8155.03343780562,1172.20864732313,303.579681604516,2508.84220642983,686.234935984097,70.8122528026939,179.118847315135,354.096723959431,8962.6172,1e-04,0.238896070848191,0,0
151,2013,36,7012.92766785922,5961.03672859361,835.509829478027,216.381109787586,2903.21277377123,618.920765079783,70.8122528026939,98.1248042293307,198.089511878118,6695.3082,0.002,0.498699739373023,0,0
151,2014,36,8382.01392818796,7047.85941830397,1059.70986671751,274.444643166486,3347.0824462432,990.956773945612,70.8122528026939,91.7598177674353,128.128741761756,7614.0015,0,0.32593634987051,0,0
151,2015,36,8113.88615807555,7363.05339060543,596.381368161083,154.451399309034,1703.8443953211,823.497177889275,70.8122528026939,96.5148320022475,205.862625806758,7264.5414,-0.003,0.122434016986263,0,0
151,2016,36,7911.69284940992,6500.46393193115,1120.92954524387,290.299372234903,2512.28742487419,867.948829786337,70.8122528026939,345.862624288723,899.526700461912,7390.5306,-0.006,0.0383958355659647,0,0
151,2017,36,9093.07444360495,8227.44356632991,687.56472716451,178.066150110527,3453.7336795837,1667.42749952791,70.8122528026939,83.9250313931909,157.770333544429,7932.9687,-0.007,-0.105812662183317,0,0
151,2018,36,10973.3862851305,9373.24369775903,1270.98239029288,329.160197078548,3784.34360876532,NA,70.8122528026939,123.573554323289,250.031203836044,11044.836,-0.006,0.44474384098153,0,0
151,2019,36,8731.77302803517,8235.32883700444,394.322249493878,102.121941536855,2668.87177936722,699.352400287402,70.8122528026939,106.611852364404,82.6640582080196,7554.3255,-0.006,0.126780610783903,0,0
151,2020,36,9230.59826228007,7392.8959548759,1459.67446260408,378.027844800089,3796.96520646293,774.478252961547,70.8122528026939,133.138071246724,313.622834768075,7317.3454,-0.007,-0.0745058417602249,0,0
151,2021,36,9883.46262046182,8687.06807570751,950.288061967718,246.1064827866,4113.44228905904,990.761079069373,70.8122528026939,120.335121844215,200.614251065378,8672.9834,-0.006,0.465422136582575,0,0
152,2010,36,2.34557822521645,2.34557822521645,0,0,0.308652930400168,0.337395337835634,41.4237071304475,0.0536571899443909,0.113321486972137,2.3095,0.008,-0.381823199809495,0,0
152,2011,36,3.0850863738046,2.61247813131651,0.344508257896185,0.128099984591914,1.06381341456487,0.26586268058823,41.4237071304475,0.121874046047076,0.205140668561591,2.9905,0.003,0.324980122275838,0,0
152,2012,36,2.37134513956477,2.17076488580241,0.146213179499902,0.0543670742624587,0.740986957113644,0.210442184340464,41.4237071304475,0.110415605633833,0.184833426524136,2.2396,1e-04,0.134980156377028,0,0
152,2013,36,2.27653373371279,2.26773866786315,0.00641117217505184,0.00238389367458277,0.239613695745875,0.214379473010392,41.4237071304475,0.133309492952633,0.252104001126418,2.0608,0.002,-0.049112406568149,0,0
152,2014,36,2.93853514355229,2.63371941952538,0.222195731312324,0.0826199927145864,0.765565482728197,0.46911271154627,41.4237071304475,0.158473069182225,0.253103591266097,2.7303,0,0.370602132961193,0,0
152,2015,36,2.89328029178394,2.70700089574728,0.135788554750311,0.0504908412863496,0.812833185068817,0.281946141875864,41.4237071304475,0.0585809974953571,0.119237489592024,2.8239,-0.003,0.0834781490495335,0,0
152,2016,36,3.15472395897824,2.87420671471062,0.204483329837205,0.076033914430413,1.20361203504039,0.260190379621487,41.4237071304475,0.108164498455334,0.15060902071866,2.8939,-0.006,0.562945754913031,0,0
152,2017,36,3.23747371556919,2.94266887497422,0.214898287677014,0.0799065529179554,1.08356087952774,0.382491788426879,41.4237071304475,0.146610689699555,0.266103129803435,2.9497,-0.007,0.0183596608452843,0,0
152,2018,36,3.86589116087549,3.5203978898552,0.251847670466842,0.093645600553452,1.45182571884603,0.401813129843822,41.4237071304475,0.849850999276599,1.97289032169717,3.4076,-0.006,0.405768759352858,0,0
152,2019,36,3.48462794049689,3.32503508799434,0.116335371763473,0.043257480739072,1.09050231807844,0.43545438026536,41.4237071304475,0.0850704356605263,0.184510691298373,3.5429,-0.006,-0.0695175709071771,0,0
152,2020,36,3.88740553295167,3.60627758213642,0.204928504994758,0.076199445820492,1.25443182745838,0.106777302261777,41.4237071304475,0.0844583288767489,0.17763480197593,3.3046,-0.007,0.340338308580326,0,0
152,2021,36,3.00348276589299,3.00348276589299,0,0,0.323244003637808,0.329327957915018,41.4237071304475,0.270007211023267,0.601424520377092,3.1269,-0.006,-0.0124744971874987,0,0
153,2010,50,32.0815675004676,27.7586069723174,3.08916547921536,1.23379504893477,8.54960333602145,0.365546720722441,53.6260627545942,1.00205299206414,0,15.4275,0.008,-0.322259946761105,1,0
153,2011,50,32.2636957427434,29.392436091978,2.05178745844439,0.819472192321056,10.7278150788408,-2.74360496352319,53.6260627545942,0.765069522282984,0,15.2073,0.003,0.508518060601428,1,0
153,2012,50,41.3999584565276,35.3515898747981,4.32213324793993,1.7262353337896,11.8476803773232,NA,53.6260627545942,0.740569399527568,0,19.9579,1e-04,0.433603051542492,1,0
153,2013,50,33.6078198352554,30.7194031490554,2.06404778819875,0.824368898001285,7.46015795277682,-2.21141281742448,53.6260627545942,0.659700809736608,0,16.3263,0.002,0.389372391970856,1,0
153,2014,50,37.69859952157,32.4506908397276,3.750128698251,1.49777998359139,12.9378178696319,-1.18705432653416,53.6260627545942,0.532235306340669,0,19.4764,0,0.113848660346957,1,0
153,2015,50,44.3228428359117,39.9119462039184,3.15200416918261,1.25889246281071,14.1775917994409,0.58360165415828,53.6260627545942,3.56327435142161,0,24.0348,-0.003,-0.0519018880703903,1,0
153,2016,50,46.3061625255832,40.6476885608235,4.04351654916782,1.6149574155918,19.1768739458396,-1.18251648583768,53.6260627545942,2.79260043791675,0,22.7851,-0.006,0.391780405177234,1,0
153,2017,50,42.8837409120623,38.8869043386327,2.8561189694664,1.14071760396318,8.40505848668262,-3.71781294863856,53.6260627545942,0.933683569918548,0,20.0349,-0.007,0.0590937770573785,1,0
153,2018,50,46.3215578099038,40.1182895499222,4.43282376562611,1.77044449435549,11.8721870003699,3.30565204556834,53.6260627545942,7.48111785374086,5.23951973076692,23.7698,-0.006,0.26788812990875,1,0
153,2019,50,48.7993541007394,38.7310689645743,7.19474505376702,2.87354008239804,19.9994821712836,0.399254438952202,53.6260627545942,2.56590074138055,0,25.1059,-0.006,-0.103540916403639,1,0
153,2020,50,48.0222963631583,41.7272054463668,4.49843976646158,1.79665115032986,16.0053789760599,-1.77423236222088,53.6260627545942,1.43387545758077,0,24.4607,-0.007,-0.257099528815005,1,0
153,2021,50,54.0058023768229,50.6880291104302,2.37086380402126,0.946909462371391,18.3984715146867,1.64829963252596,53.6260627545942,1.29105909655791,0,26.9954,-0.006,-0.00677009571334056,1,0
154,2010,37,83.2425895028178,62.9191503251222,9.836399874086,10.4870393036095,32.5391193397224,4.05313177657596,61.6296896274954,0.521896735508052,1.31961411902679,101.964,0.008,0.103980564906218,0,0
154,2011,37,98.6061691108869,65.1405185642925,16.1971366137674,17.268513932827,45.0660720730562,5.75084922538963,61.6296896274954,0.562179982355458,1.04573400686601,117.6188,0.003,-0.0555609025521432,0,0
154,2012,37,130.097716698143,82.063482086179,23.2482275838174,24.7860070281462,77.5406057782749,-3.69242762914061,61.6296896274954,0.742323518593356,0,167.6149,1e-04,0.360815750000955,0,0
154,2013,37,132.616492584228,80.5574596493922,25.196201318488,26.8628316163483,84.9814613610629,13.6463322204525,61.6296896274954,0.634319272532483,1.37173556417805,161.791,0.002,0.0754366655451016,0,0
154,2014,37,108.247233727878,81.0280958957609,13.1738689305302,14.0452689015866,51.5291961746705,0.179044624039616,61.6296896274954,0.65100245939173,1.60787262770468,130.2298,0,0.0591879606064446,0,0
154,2015,37,105.681096891026,77.2181518055573,13.7758627861611,14.687082299308,54.9398715998277,9.34046682115571,61.6296896274954,0.582890436383834,1.86551708171335,119.7952,-0.003,-0.0162704662151956,0,0
154,2016,37,145.490339041887,99.9438968712714,22.0441537534549,23.5022884171607,64.8074814241815,25.7453056286793,61.6296896274954,0.818921448225404,1.94406136166149,179.399,-0.006,0.400271400855302,0,0
154,2017,37,137.288322750388,91.564589646272,22.1299613030883,23.5937718010279,80.7252962288134,17.6127222350348,61.6296896274954,0.776458194611167,1.43338610609072,159.3598,-0.007,-0.117517024360847,0,0
154,2018,37,145.574351119373,95.9811854034236,24.002739139705,25.590426576244,89.8749937301556,17.2488703588112,61.6296896274954,0.676793071595739,1.42442770004906,171.1573,-0.006,0.197552097180967,0,0
154,2019,37,212.926144176148,135.698424067,37.3776667283389,39.8500533808088,141.027667327054,18.9154189403263,61.6296896274954,1.15136324011125,3.1359556435595,242.4862,-0.006,0.152787576112448,0,0
154,2020,37,153.774722609318,96.6943095131394,27.6265135680491,29.4538995281293,80.954992703172,7.19485540330105,61.6296896274954,1.02644891459577,2.06952965736684,191.6369,-0.007,-0.118393290471248,0,0
154,2021,37,164.632005524896,107.229961397704,27.7821806972835,29.6198634299082,101.208523498723,9.42255199499927,61.6296896274954,1.03272832775348,2.35133289508008,193.4937,-0.006,0.0641398451587936,0,0
155,2010,50,858.524033289819,485.593097845988,266.080905326712,106.85003011712,614.857453409171,130.878403500663,26.111997028699,16.9364703126424,7.90637949884362,1210.1677,0.008,-0.497623492172355,0,0
155,2011,50,1117.79548846732,591.871701804393,375.239123355593,150.684663307336,836.997399897897,244.627697519823,26.111997028699,15.4563123222971,11.1496296194728,1578.4595,0.003,0.393375913595232,0,0
155,2012,50,1171.66060995353,613.729042022503,398.076218935175,159.855348995848,889.972739554322,15.1230114440127,26.111997028699,24.5799895029063,28.5111421169715,1549.4769,1e-04,0.300433389688735,0,0
155,2013,50,1044.59735559595,529.209461847689,367.721913977871,147.665979770387,806.597791496038,200.295764501058,26.111997028699,14.8871864053901,13.5139658027633,1312.8682,0.002,0.165423951627058,0,0
155,2014,50,956.724033876211,595.136654575841,257.987439750615,103.599939549756,525.919901972809,38.670072781111,26.111997028699,18.4253524433941,9.43639703666564,1341.5646,0,0.0363210977686238,0,0
155,2015,50,1363.10179316793,670.478860560677,494.176587251599,198.44634535565,1009.60140050102,130.770856463404,26.111997028699,21.2054432341781,13.957013500848,1826.7643,-0.003,0.46982406349313,0,0
155,2016,50,1231.9478203452,727.091991313697,360.207435964782,144.648393066722,635.924177237607,242.165185563369,26.111997028699,19.7227446002861,15.4355180117955,1760.9997,-0.006,0.115957171209869,0,0
155,2017,50,1327.18610119451,699.504174215255,447.842105641059,179.839821338197,775.936983057952,69.1970967068501,26.111997028699,17.6421454180748,10.0213365781263,1931.4256,-0.007,-0.412974161437842,0,0
155,2018,50,1518.81573246656,800.13627975724,512.767542840125,205.911909869199,1019.82232036578,61.5636975573862,26.111997028699,17.0782397547444,18.8200613213645,2108.5582,-0.006,0.434158107054636,0,0
155,2019,50,1468.12091009822,671.837120985607,568.137130409714,228.1466587029,1023.69703888865,122.132839429512,26.111997028699,18.6907330719955,7.12863841949119,2047.16,-0.006,0.310588870346466,0,0
155,2020,50,1770.28992750904,884.532622984609,631.975207975487,253.782096548943,1183.05459625006,212.924915330809,26.111997028699,29.4237275239411,9.46255864346942,2378.1878,-0.007,-0.0444685399494945,0,0
155,2021,50,1938.21717973728,1015.25168952381,658.522717963957,264.442772249515,1235.54638551654,147.277016735354,26.111997028699,25.7139411848503,27.0346471234059,2778.0357,-0.006,0.108185766691013,0,0
156,2010,51,101.533564439209,35.7300902247659,42.3106274011293,23.4928468133137,77.8804479692444,-0.875493211212892,76.997640711005,0.552255909121457,0,66.0485,0.008,-0.0136932752506283,0,0
156,2011,51,131.319888793389,39.4013249727337,59.1022305659516,32.8163332547035,119.020150310755,26.9324038552372,76.997640711005,0.271286241608245,0.41187615502713,86.3127,0.003,0.568549723073061,0,0
156,2012,51,162.330482870543,51.4843919178289,71.2723409996273,39.5737499530866,157.64319443467,NA,76.997640711005,0.343143748877329,0.191281120902139,104.037,1e-04,0.149905698953624,0,0
156,2013,51,204.158322835374,47.8112332277125,100.528787159217,55.818302448445,214.233205947982,21.6309315222871,76.997640711005,0.359592078355591,0.647464089532484,142.0664,0.002,0.428304761774579,0,0
156,2014,51,171.349688308098,46.9531939660302,79.9850431143145,44.4114512277531,142.912629640599,8.42893313192731,76.997640711005,0.363862584940673,0.797676663982638,109.6916,0,0.0845126429461397,0,0
156,2015,51,163.604796650934,48.6733201955823,73.8991813884613,41.0322950668907,147.98316973853,12.4071747035153,76.997640711005,0.312425665237498,0.624690589596949,99.6874,-0.003,0.0048276807986577,0,0
156,2016,51,190.066659353887,44.5603282052712,93.5583452884488,51.9479858601666,199.50459935265,4.18686904414232,76.997640711005,0.323740907239684,0.620565287107756,117.6394,-0.006,0.102038888015301,0,0
156,2017,51,152.487556640567,49.2922671322582,66.3529926962334,36.8422968120754,128.952871556008,15.0695540874355,76.997640711005,0.308911581071684,0.424525657170459,101.6859,-0.007,0.362600990985284,0,0
156,2018,51,252.309580952216,68.2115339835901,118.372228268389,65.7258187002363,254.697576564715,10.3383798462192,76.997640711005,0.427263725412037,0.678585224384233,169.9893,-0.006,0.267205275433857,0,0
156,2019,51,283.8885017547,62.253620316628,142.507838675203,79.1270427628688,275.789398516436,25.3595215441899,76.997640711005,0.443500113697688,0.696791751759368,190.2239,-0.006,0.0544733314157458,0,0
156,2020,51,193.671330083358,60.2195448643553,85.8074566399938,47.6443285790092,161.735433309246,13.2834661482823,76.997640711005,0.502077005062853,1.50839694119608,116.1223,-0.007,0.399489108120484,0,0
156,2021,51,262.843789181571,71.8222895667834,122.823902419917,68.1975971948713,224.962822863849,-3.15257006124199,76.997640711005,0.609559036787454,0,183.7934,-0.006,-0.172229732679949,0,0
157,2010,51,42.7011185233389,27.9209279216215,9.18069176347052,5.5994988382469,21.1975049286388,-1.4597982914986,5.96790293291016,4.35907228338004,0,60.0216,0.008,-0.0254992219703367,1,0
157,2011,51,44.7088167489386,29.039169587722,9.73317628344754,5.93647087776903,28.8848419815319,1.06010753259616,5.96790293291016,3.66884237177673,0.37603291506785,60.6976,0.003,0.166018300311782,1,0
157,2012,51,45.3329170110924,32.7564417958406,7.81185747420181,4.76461774105002,23.6480402224077,-0.128288136922547,5.96790293291016,3.55877295981969,0,66.3,1e-04,0.351743608598201,1,0
157,2013,51,42.1303492057897,30.2673068923951,7.36870976776367,4.49433254563092,16.952615695547,0.219473470879592,5.96790293291016,2.5779830471652,0,59.6528,0.002,0.159813540836302,1,0
157,2014,51,52.393659846955,35.3748373178343,10.5712144063223,6.44760812279839,27.2870420535432,-0.805454028302476,5.96790293291016,4.54898393738862,0,68.6567,0,0.297485617622043,1,0
157,2015,51,48.8614256370803,30.9995263908312,11.0948901613572,6.76700908489184,23.3368996951165,4.63598785143858,5.96790293291016,3.18214785508245,0,67.312,-0.003,0.160688089974645,1,0
157,2016,51,67.1953793655386,44.25260974738,14.250864670186,8.69190494797257,33.391176287269,4.35343939343916,5.96790293291016,6.0714205888338,0.411269745733843,96.3205,-0.006,0.364614357912595,1,0
157,2017,51,52.6578774704211,34.0112624688616,11.5823150982594,7.0642999033001,32.1905262793923,2.90547812568319,5.96790293291016,3.68779980419641,0.0402803642598825,77.3922,-0.007,-0.113555531184157,1,0
157,2018,51,74.5795940579408,45.9206030651093,17.8014864386587,10.8575045541728,44.6692527822831,5.23159043018394,5.96790293291016,6.42654577961231,0,108.0504,-0.006,0.649915297414524,1,0
157,2019,51,64.9138045939465,44.7599349323332,12.5185439207348,7.63532574087846,33.1091206222077,-6.88610508754952,5.96790293291016,4.56687798876934,0,92.7396,-0.006,0.497984634475589,1,0
157,2020,51,81.535693861052,56.2024576401643,15.7356991788815,9.5975370420062,42.6189862956193,6.73856684689585,5.96790293291016,9.76474910067786,0,114.7379,-0.007,0.144844907143615,1,0
157,2021,51,58.6109426389642,41.9750021827755,10.3333878188262,6.30255263736238,30.805017326855,6.16649411588139,5.96790293291016,4.24254828294315,0.166015049177082,79.2115,-0.006,0.0555822592168151,1,0
158,2010,51,81.1004576752388,81.1004576752388,0,0,18.7768466344783,3.42624067211427,8.09879501097935,4.83447708076138,1.07139306882446,115.6255,0.008,-0.208024045822418,1,0
158,2011,51,91.0763106382602,85.2107925806365,4.32763106233398,1.53788699528977,26.9750147805678,8.49085284754723,8.09879501097935,4.25017905728831,1.13937677662551,124.8437,0.003,0.83251724013541,1,0
158,2012,51,84.2416219868204,80.6330158858528,2.66246147413651,0.946144626831082,14.1927405056822,1.23080107920138,8.09879501097935,4.24238924120012,0.736615376811871,103.0284,1e-04,1.03162265583251,1,0
158,2013,51,110.468904279531,110.468904279531,0,0,30.7052771647843,1.14308964491032,8.09879501097935,5.44999542645771,1.08886896597486,156.7358,0.002,0.146171834979971,1,0
158,2014,51,129.11168244485,113.202550821596,11.7378979164622,4.17123370679166,39.4742574626085,7.80067875743124,8.09879501097935,5.76767382863223,1.25456201486874,169.5209,0,0.0658622896268982,1,0
158,2015,51,116.222012363135,101.039919814698,11.2014820614946,3.98061048694237,35.4938056627094,7.56083213286285,8.09879501097935,5.4657290078729,0.798133748648429,172.1253,-0.003,0.282939262318393,1,0
158,2016,51,107.243796029634,107.243796029634,0,0,13.9612984651258,12.607063544087,8.09879501097935,5.88167660561796,0.555771779759544,140.2217,-0.006,0.257512748982503,1,0
158,2017,51,125.974779980858,110.7511199849,11.2321508916489,3.99150910430964,52.4872218295334,-6.05059863046987,8.09879501097935,6.00884471137368,0,177.4035,-0.007,0.0489570539388999,1,0
158,2018,51,127.101183068399,111.988175475435,11.1505105707741,3.96249702218982,39.4208155282546,11.5898003568793,8.09879501097935,6.07510728775254,0.642704204397577,171.9122,-0.006,0.544119200555796,1,0
158,2019,51,124.692514048866,112.62408864713,8.90419092208406,3.16423447965203,34.4842515196555,17.5750712268565,8.09879501097935,6.11893970144941,0.584571294676575,170.759,-0.006,0.302739040444086,1,0
158,2020,51,134.672663350711,130.267564149154,3.25012112315352,1.15497807840364,27.6949414004321,8.65207630756926,8.09879501097935,7.07088126786038,1.68776495123079,172.2952,-0.007,0.543198122539253,1,0
158,2021,51,132.375000263847,119.196604121177,9.72313714466125,3.45525899800917,29.3368155957226,-2.04250070971703,8.09879501097935,5.57449796329631,0,176.7892,-0.006,-0.28055559409494,1,0
159,2010,36,747.778162292374,648.405970944201,53.0894414472553,46.282749900917,200.325966876666,84.2434935637555,45.4485925273707,5.2281837870424,5.88138620640022,564.5788,0.008,0.0837205356298001,0,0
159,2011,36,567.508249831873,534.527630756302,17.6198453667185,15.3607737088525,95.1111616093147,62.6115202916546,45.4485925273707,4.77770467444065,3.92403625981971,494.9294,0.003,0.53561640306343,0,0
159,2012,36,721.517591551184,671.634903113949,26.6497501070653,23.2329383301698,157.716341173215,79.524079751276,45.4485925273707,6.66514789081697,6.04855242535634,654.5545,1e-04,-0.209727849277007,0,0
159,2013,36,690.277029080047,616.393505514227,39.472159615776,34.4113639500437,244.367869106958,96.177043657786,45.4485925273707,7.35168232876924,12.5348955840563,540.2457,0.002,0.0681155350393145,0,0
159,2014,36,642.332337599019,601.269649208208,21.9376785538796,19.1250098369308,119.610953510609,68.1447898138871,45.4485925273707,6.63654815847756,5.37021198047149,561.2221,0,-0.069053529774352,0,0
159,2015,36,801.034849601586,783.192459577766,9.53226961786361,8.31012040595692,113.715308849153,8.93467428729386,45.4485925273707,8.50692555018947,7.74729258002288,722.3487,-0.003,-0.00131056009340343,0,0
159,2016,36,886.486724360068,773.251245575269,60.495881585569,52.7395971992306,368.570442881801,104.034699677031,45.4485925273707,8.01774692881877,6.82229999655112,779.6363,-0.006,0.0298571348879362,0,0
159,2017,36,754.618356714856,692.344122352793,33.2699145906298,29.0043197714335,258.947756508411,204.244365856972,45.4485925273707,6.99986171303944,10.0292748998223,650.771,-0.007,0.0673041135005159,0,0
159,2018,36,1028.87271976197,871.021507394938,84.331769106066,73.5194432609673,270.698511773629,115.525296333424,45.4485925273707,7.45538229291462,3.72466651480023,887.8311,-0.006,0.739534862762784,0,0
159,2019,36,829.094125285551,774.151070105185,29.3532433104087,25.5898118699579,199.151187364548,65.2889165237537,45.4485925273707,7.61314670583294,0.0902986440448402,754.9237,-0.006,-0.150852755063958,0,0
159,2020,36,986.754658975721,856.888066927733,69.3810284441623,60.4855636038263,413.104358598276,162.597561715335,45.4485925273707,9.57977255985237,1.58554766799516,789.8007,-0.007,0.102153370938407,0,0
159,2021,36,952.819493840117,891.454732069402,32.7840302478251,28.5807315228899,246.64838176743,119.707275876076,45.4485925273707,13.0453277374947,16.3484999558055,876.3402,-0.006,-0.379683698095386,0,0
160,2010,28,363.047569917601,203.301398515056,134.370396860303,25.3757745422417,236.978496727904,37.8999759294179,50.5057562331384,5.66122775617203,0,153.7152,0.008,-0.118157000270794,0,0
160,2011,28,344.586627561697,210.518070575194,112.771686799108,21.2968701873939,170.646719724604,-3.44221542163259,50.5057562331384,4.54398134246477,0,133.7531,0.003,0.0625543573762026,0,0
160,2012,28,314.923445831351,185.335358730343,109.00294222546,20.5851448755484,222.366085679541,-10.6902788106711,50.5057562331384,5.92901105782152,0,128.3166,1e-04,0.428485181001104,0,0
160,2013,28,430.884865565449,245.738064991118,155.736120948385,29.4106796259453,252.833108253898,-4.27902182435788,50.5057562331384,19.5495975134121,0,156.3531,0.002,0.000728159188596082,0,0
160,2014,28,475.946844404565,244.68642222776,194.52456627379,36.7358559030151,342.712981613122,-14.0390765267704,50.5057562331384,14.6050666445912,0,188.9129,0,-0.162895245613297,0,0
160,2015,28,444.393430468958,245.207913393199,167.544778965939,31.6407381098197,293.93173131171,-20.8228146819463,50.5057562331384,33.6445457316749,0,199.1926,-0.003,0.0951748150425968,0,0
160,2016,28,399.979873061571,228.143099073783,144.54040001841,27.2963739693782,261.729986742667,-29.5502459875291,50.5057562331384,11.8150142369648,0,179.0571,-0.006,0.0158247530095333,0,0
160,2017,28,486.720340434455,298.57830796293,158.255558473436,29.8864739980897,302.264092227096,NA,50.5057562331384,22.8986790656053,6.9310222802439,199.1801,-0.007,-0.1693446304404,0,0
160,2018,28,475.143596395786,299.572133578069,147.681831301685,27.8896315160326,288.989262228431,-16.8361360235054,50.5057562331384,12.576505355785,0,186.347,-0.006,0.15056922928854,0,0
160,2019,28,419.437534768555,235.088988334782,155.064669953846,29.2838764799272,247.375072450821,-10.4541689961454,50.5057562331384,11.148669866824,0,175.519,-0.006,-0.148505479932979,0,0
160,2020,28,428.590782064656,244.674008855694,154.701484163149,29.2152890458122,237.500931776085,-57.173291517732,50.5057562331384,48.4447768144012,0,192.4926,-0.007,0.0443759437326067,0,0
160,2021,28,619.648625777839,331.513782335258,242.364451822125,45.7703916204565,351.489624650898,-17.141807219353,50.5057562331384,6.95746491599431,0,261.2728,-0.006,0.0340834310174411,0,0
161,2010,35,665.364791400789,493.793714266065,96.8112721026737,74.7598050320511,258.349799729527,71.0289463676823,21.1553920499045,13.995855801079,11.7063791777094,709.2293,0.008,0.123333617567725,0,0
161,2011,35,612.840420395976,463.932980042713,84.023012310125,64.8844280431379,277.912290640169,96.4098659344056,21.1553920499045,14.5189644793114,8.90106810814443,706.4917,0.003,0.519469453427997,0,0
161,2012,35,709.127730319068,601.151519486453,60.9270192978018,47.0491915348139,280.13046476944,81.4362073989456,21.1553920499045,26.6128097025353,15.3697682618408,792.1457,1e-04,0.0875311551340486,0,0
161,2013,35,681.481348272413,544.213556590652,77.4551850659596,59.8126066158019,305.99412147979,25.8689811780683,21.1553920499045,14.1993038273418,4.69123315503859,726.2471,0.002,-0.00403035608038367,0,0
161,2014,35,877.965018815064,718.757306502554,89.8350783531395,69.3726339593699,408.567375459588,110.052212085193,21.1553920499045,26.2317582516414,10.3732767101708,945.9318,0,0.100990853069464,0,0
161,2015,35,853.52981464355,618.368003929609,132.693192963449,102.468617750492,434.719249071656,117.179867653104,21.1553920499045,19.8156791389331,9.14706605166181,905.3417,-0.003,-0.0734832980115528,0,0
161,2016,35,804.87882699768,645.509301294287,89.9263837204329,69.4431419829604,321.942346739871,46.7987538506655,21.1553920499045,16.5158036430716,9.27934481645616,882.141,-0.006,0.310149944025738,0,0
161,2017,35,803.217223140297,641.200090711663,91.4203311816176,70.5968012470163,400.69003808037,72.6198875786069,21.1553920499045,23.4790002308998,12.1628655078618,924.9386,-0.007,-0.209682115047472,0,0
161,2018,35,661.273353090104,509.77865405207,85.4829075833519,66.0117914546826,290.514118327332,126.703921144479,21.1553920499045,12.348046306933,8.39384407431033,741.6443,-0.006,0.739824367654663,0,0
161,2019,35,883.698024805867,693.074037455107,107.562131198954,83.0618561518067,355.984723366393,153.315745640002,21.1553920499045,20.3999471499144,11.1413195476326,900.9902,-0.006,0.422874393317899,0,0
161,2020,35,811.145910731824,640.983798125082,96.0162450469513,74.1458675597909,354.04818367178,118.565679869644,21.1553920499045,23.3949322885134,10.2008730731872,887.5325,-0.007,0.0980349199726054,0,0
161,2021,35,916.778714014065,706.988798587361,118.376762132368,91.4131532943355,408.612854729825,146.969914532304,21.1553920499045,20.0040516917349,4.23917422728315,967.1453,-0.006,0.058014152736833,0,0
162,2010,35,227.159924304295,188.291138928813,26.7336775811955,12.1351077942864,73.6030221787488,14.0634229774007,53.1827161351274,2.27179980786013,1.7547226296129,191.6604,0.008,-0.106218328169415,1,0
162,2011,35,261.233106224051,202.558286303844,40.3561290307515,18.3186908894561,87.3429820581461,NA,53.1827161351274,2.17483052138451,0.891592232190227,205.5683,0.003,-0.105846170364979,1,0
162,2012,35,266.799689361607,217.218901639548,34.1013175580041,15.4794701640546,99.573982293075,9.00032710293559,53.1827161351274,2.11202807554867,1.42526480254603,212.5701,1e-04,0.100203024058971,1,0
162,2013,35,240.636952230246,184.301085243982,38.7474136307306,17.5884533555332,121.684859509203,-17.3610253073116,53.1827161351274,1.76209070623738,0,191.1657,0.002,-0.23279076908042,1,0
162,2014,35,299.039961940687,238.47498048237,41.656168860863,18.9088125974536,94.7211981133521,-17.8822398685383,53.1827161351274,2.4975523489266,0,242.9441,0,0.00603611606032145,1,0
162,2015,35,241.147639609722,209.725485911588,21.6119366159191,9.81021708221472,59.9797177839251,-1.44248953370443,53.1827161351274,2.10580206273602,0,192.766,-0.003,-0.208232128132689,1,0
162,2016,35,306.257948848817,246.172487628636,41.3263582090475,18.7591030111338,146.179198857334,14.7879657836544,53.1827161351274,2.80429349778282,0.585466126810479,242.5571,-0.006,-0.268257921105151,1,0
162,2017,35,271.061217523226,247.648266208677,16.1032634701832,7.30968784436613,56.8585926061381,16.1823032642296,53.1827161351274,2.46782922364567,0,225.479,-0.007,-0.472444894431046,1,0
162,2018,35,268.575667708963,230.132136364353,26.4411908455897,12.0023404990202,100.398018608682,11.5178689926243,53.1827161351274,2.09701203826827,1.81432825759876,217.8515,-0.006,0.519489325097382,1,0
162,2019,35,392.611036316568,301.397928621588,62.7357348252675,28.477372869713,165.755635705671,-5.94319970659136,53.1827161351274,3.17799737569336,0,313.6506,-0.006,0.379609668860992,1,0
162,2020,35,284.279626175617,236.302749041553,32.9981591208598,14.9787180132043,129.284757743959,5.84438246334985,53.1827161351274,1.89575620291033,0,240.171,-0.007,0.0277491026488424,1,0
162,2021,35,349.387829464019,288.594957247044,41.8129105240473,18.9799616929276,138.67975464038,14.2459002777371,53.1827161351274,3.06533969427549,0.604808013275407,276.9875,-0.006,0.0915301940349261,1,0
163,2010,50,16.0061298017784,14.7094682642495,1.10016675010307,0.196494787425891,5.68967137679544,0.722889065021031,70.3522439066299,0.212659766281333,0.689644661524269,14.8163,0.008,-0.229679931286324,0,1
163,2011,50,18.1702493520569,17.6506219072916,0.440883623540837,0.0787438212244617,3.07520747682063,1.05148342208723,70.3522439066299,0.237873165414096,0.535234030437479,17.2186,0.003,0.465138080622518,0,1
163,2012,50,18.7513375988904,18.010249619296,0.628784251289284,0.11230372830506,3.61329965183954,0.244697424048291,70.3522439066299,0.254469497056435,0.570113513912158,16.9436,1e-04,0.389317192447931,0,1
163,2013,50,18.4674165844418,17.7488042886104,0.609714510075993,0.108897785755331,4.98507255135957,1.44518676478556,70.3522439066299,0.277943112545099,0.538269924985632,17.0357,0.002,-0.0114257648386728,0,1
163,2014,50,17.5614552977224,17.5614552977224,0,0,3.28994983158545,1.99554972702708,70.3522439066299,0.277054936747536,0.565903407620881,15.4411,0,0.147432681234597,0,1
163,2015,50,18.3152924422437,17.1365943632441,1.00007935563278,0.178618723366867,5.99329743508943,-0.503842256780283,70.3522439066299,0.226023290450638,0,16.6137,-0.003,0.0742799096710379,0,1
163,2016,50,23.974923897265,21.1905010216661,2.36247422885554,0.421948646743435,6.8519937731929,NA,70.3522439066299,0.264981195703655,0.540945883146077,21.1973,-0.006,0.593263823684723,0,1
163,2017,50,22.1604592763567,20.313016316051,1.56748330910901,0.279959651196648,6.60773645398693,1.41920157975906,70.3522439066299,0.206978831976207,0.218858582838663,20.4205,-0.007,-0.126117733205831,0,1
163,2018,50,24.3088123149027,23.0820325344017,1.04087480436725,0.185904976133797,4.47260768687525,1.75152593252219,70.3522439066299,0.221559329524054,0.323915857808324,20.1069,-0.006,0.365476167681385,0,1
163,2019,50,22.906617786229,22.906617786229,0,0,5.92704460191906,2.3014131765248,70.3522439066299,0.216683827047497,0.476391869303156,20.7757,-0.006,0.346083863079465,0,1
163,2020,50,25.3432528645066,25.2826995436198,0.0513771314408627,0.0091761894458986,2.86011735951847,0.151032403233069,70.3522439066299,0.258391720762271,0.470968582003307,22.9759,-0.007,0.429332483737925,0,1
163,2021,50,24.0489756142111,22.3327727421182,1.45613121208654,0.260071660006398,8.12745463839791,-1.07282450610064,70.3522439066299,0.77256158365992,0,21.3003,-0.006,-0.189868444015216,0,1
164,2010,50,57.7098839761929,40.2442228972704,11.2140565379471,6.25160454097539,33.4966391114165,9.01015987687194,71.0574231262749,0.209350979382819,0.182110139858643,40.8127,0.008,0.188582683527087,0,0
164,2011,50,50.8695505422703,39.7475415092975,7.14103162472508,3.98097740824775,19.592497680934,7.07739100794689,71.0574231262749,0.308102594131253,0.244082819382026,35.8507,0.003,0.583430241650254,0,0
164,2012,50,45.452908825371,36.600277943772,5.68394764831611,3.1686832332829,16.340697755588,1.13080795617469,71.0574231262749,0.235555444602111,0.37264407201066,27.5642,1e-04,0.381921428903858,0,0
164,2013,50,59.3443222904447,43.619613848688,10.0962550865823,5.62845335517444,28.1487182728897,5.02186367469165,71.0574231262749,0.264185351085831,0.340833936693973,41.6507,0.002,0.027376341332107,0,0
164,2014,50,58.565898038236,48.5800162003402,6.4115662731233,3.57431556477244,21.2256698700771,4.45820310926619,71.0574231262749,0.287593937697369,0.248133763162594,35.3201,0,0.208345761091762,0,0
164,2015,50,70.5310911386669,52.5298238885803,11.5579494978738,6.44331775221279,27.8582220839629,9.06186742591394,71.0574231262749,0.332172828653906,0.527128527177133,44.2165,-0.003,0.299484903047485,0,0
164,2016,50,57.5645300806444,42.842856585873,9.45224335669683,5.26943013807457,27.4346329416034,1.51576570995105,71.0574231262749,0.286829090729089,0.390660563295922,36.7407,-0.006,0.411723115750424,0,0
164,2017,50,70.4058080259666,54.631153162032,10.12832384136,5.64633102257455,33.0032190901446,6.24958164529295,71.0574231262749,0.435283939148801,0.514503936807103,49.0756,-0.007,0.0828332709173024,0,0
164,2018,50,98.8599587582238,72.7995615579188,16.7324194764237,9.32797772388129,46.994524415663,14.3921388163858,71.0574231262749,0.496190878086584,0.358256171895163,66.1153,-0.006,0.283590484220665,0,0
164,2019,50,77.6295157835463,58.063444790265,12.5626522438897,7.00341874939157,38.9219566265175,8.90844067028878,71.0574231262749,0.282787012894819,0.256720255042317,52.3646,-0.006,0.397040470743883,0,0
164,2020,50,88.8592903005622,67.0703178889386,13.9898952248987,7.79907718672493,36.0270474783871,8.16431112802527,71.0574231262749,0.358284044827246,0.357235246682435,66.3521,-0.007,0.369214194077131,0,0
164,2021,50,67.2382313503394,53.5103646174853,8.81415670394576,4.91371002890838,24.8031295622399,12.5709581493733,71.0574231262749,0.330410855298217,0.549906406843746,47.4383,-0.006,0.127883793684088,0,0
165,2010,37,27.0089819204636,10.8089227683584,12.8005241406417,3.39953501146348,20.8446996834609,3.50726497945665,77.2664937177753,0.27232529699019,0.563623555008293,20.7687,0.008,0.189123719373305,0,0
165,2011,37,34.6049438273948,15.5390757759147,15.0649514278808,4.0009166235993,29.0681067146157,5.9815767849207,77.2664937177753,0.353049677949332,1.26353072584545,27.3692,0.003,0.278755346350724,0,0
165,2012,37,39.1061662400908,14.550660477004,19.4026047284656,5.15290103462116,32.6781001352603,9.34204051791309,77.2664937177753,0.878856899803801,2.13024459329527,31.5315,1e-04,-0.0708871145575725,0,0
165,2013,37,54.4487420325019,15.0337655671323,31.1438589828991,8.27111748247048,51.5890787445408,6.92449261107955,77.2664937177753,0.668205838381252,1.26215447195956,44.5594,0.002,-0.127728158775658,0,0
165,2014,37,39.7640073902116,16.5786927690527,18.3199441884723,4.86537043268656,34.478785841615,10.9056384438202,77.2664937177753,0.410827179423928,0.512286822378387,31.1289,0,0.462803852836785,0,0
165,2015,37,38.2583062598559,15.5503111104029,17.9427888112603,4.76520633819272,33.8575296598019,4.99479510956203,77.2664937177753,0.253894813832205,0.707299167662739,30.4071,-0.003,-0.104210299412909,0,0
165,2016,37,48.6485956966402,20.2348157366534,22.4512313745119,5.96254858547491,42.4869721000577,7.51947016861568,77.2664937177753,0.270373064999622,0.840410050452812,41.053,-0.006,0.136608435926841,0,0
165,2017,37,41.0382992440237,17.5776010788371,18.537539301562,4.92315886362457,27.9209784799823,5.47581368846307,77.2664937177753,0.337093436335617,1.09891314688207,31.7805,-0.007,-3.58738457902075e-06,0,0
165,2018,37,59.9489156665962,19.5683743970882,31.9068028381455,8.47373843136243,57.7957246099411,9.38158726863636,77.2664937177753,0.377246259489373,1.58689871565245,49.1083,-0.006,0.371893799261302,0,0
165,2019,37,77.7821114944181,21.727813868359,44.2914672849107,11.7628303411485,66.2780713685953,17.8672466501459,77.2664937177753,0.326553157018025,0.988914566637388,62.4386,-0.006,0.274913399616668,0,0
165,2020,37,53.1101275720103,21.1994577506384,25.2143091304353,6.69636069093662,44.9860281844449,9.80666292580613,77.2664937177753,0.561677649246873,1.22983540464208,40.4047,-0.007,-0.129305366136097,0,0
165,2021,37,65.98025533628,23.5604768020257,33.5181121297224,8.90166640453193,55.4123171028077,11.0194321397407,77.2664937177753,1.90620587963621,5.99309355781229,54.5597,-0.006,-0.221302713874895,0,0
166,2010,37,1146.51942862339,489.055997127135,394.646420945776,262.817010550483,830.260746768297,NA,29.6550640262106,20.3494026858017,9.11647862168353,1278.7022,0.008,-0.377494151190774,0,0
166,2011,37,859.704136156344,529.919334453095,197.955331718309,131.82946998494,504.04985828512,184.008483870921,29.6550640262106,-14.3362325383077,6.21322250971833,958.2354,0.003,0.302813870294974,0,0
166,2012,37,1450.86409238207,638.229297110366,487.788975213606,324.845820058097,1242.52910631506,288.939775340135,29.6550640262106,22.8308336059862,24.1895985433145,1589.7632,1e-04,0.137338115466848,0,0
166,2013,37,1316.2680113367,571.061539144894,447.314714442485,297.891757749324,1025.67081671242,358.66399987259,29.6550640262106,29.3013349051404,0,1428.9201,0.002,0.0155866944279892,0,0
166,2014,37,1025.7040635127,566.235923128801,275.798544001833,183.669596382066,629.466237763198,260.37423306667,29.6550640262106,13.0822550783333,3.14123528697256,1195.3193,0,0.156418632576576,0,0
166,2015,37,1506.47953748662,668.931648036066,502.743211421078,334.80467802948,1113.7481583776,433.314140000603,29.6550640262106,46.3367374721645,12.1971834505015,1609.394,-0.003,-0.151702941529846,0,0
166,2016,37,1633.16938632186,739.912092286697,536.183120135543,357.074173899618,1327.5279299876,374.070570140035,29.6550640262106,30.7176373453535,6.26747278410018,1786.6962,-0.006,-0.0778395813272293,0,0
166,2017,37,1620.70098648046,750.95165569152,522.072322311045,347.677008477899,1081.33191012125,402.306304042002,29.6550640262106,41.8630523336559,14.9875515947753,1797.71,-0.007,-0.0183545917695846,0,0
166,2018,37,1910.86958830929,800.197831871949,666.687472679686,443.984283757653,1314.63333447976,607.063705699889,29.6550640262106,124.958407957417,25.5487938240827,1886.0458,-0.006,0.144799677986874,0,0
166,2019,37,1614.69227100289,810.055178034474,482.988305794474,321.648787173942,1270.5979153483,390.861027441363,29.6550640262106,31.8782659171294,21.1831866874024,1857.5292,-0.006,0.180778134235727,0,0
166,2020,37,1775.98381825461,903.028900315209,523.996495482287,348.958422457115,1382.37280726692,389.208498295735,29.6550640262106,33.184678003513,11.4417881228362,1957.7064,-0.007,0.253955176030329,0,0
166,2021,37,1663.72462976496,803.186541962464,516.543217720712,343.994870081788,1189.32310780661,362.364169344652,29.6550640262106,22.4280153456952,12.3207421186811,1886.4347,-0.006,-0.0550594382495404,0,0
167,2010,73,187.938102314627,167.171413991118,14.0045518270343,6.76213649647431,62.1017037278504,6.63597728934222,24.2412280488061,50.4189644682338,8.0528167423821,155.1787,0.008,-0.110454890617298,1,0
167,2011,73,267.287609527766,254.587534479196,8.56462313365485,4.13545191491502,44.7611762037776,18.4843285359361,24.2412280488061,19.1396809097794,0.633086096742287,194.782,0.003,0.222613036354245,1,0
167,2012,73,240.320992859363,212.222507778867,18.9489380512105,9.14954702928584,55.0456859729898,9.83212129278792,24.2412280488061,29.0576973235887,1.61098308461716,204.7248,1e-04,0.0988106226615944,1,0
167,2013,73,252.212024757866,232.159388523281,13.5230123860433,6.52962384854143,54.3864990731933,9.02956073682243,24.2412280488061,95.7704733670517,0,196.7936,0.002,-0.349860985873182,1,0
167,2014,73,297.784279649571,247.921463516448,33.6262759810235,16.2365401520992,123.799787893982,-16.8156707096939,24.2412280488061,36.1645409797041,0,240.6032,0,0.316680542508566,1,0
167,2015,73,253.678586435379,251.017059787444,1.79486913365256,0.866657514283156,47.4780228455153,19.3496295315946,24.2412280488061,34.2332754795928,9.89476980477778,202.7671,-0.003,-0.194163059001507,1,0
167,2016,73,333.126885379704,273.329531912303,40.3258874360672,19.4714660313333,154.079524586617,NA,24.2412280488061,29.5439163714945,0,274.3017,-0.006,0.356198690883629,1,0
167,2017,73,291.524238462179,254.542874265348,24.9393366655705,12.0420275312607,72.6930591841451,-22.6514146838651,24.2412280488061,84.5907741840922,0,226.9194,-0.007,0.0652994457092756,1,0
167,2018,73,308.925948894887,288.888750473006,13.5126014989179,6.52459692296317,88.470734722255,13.2497399050515,24.2412280488061,79.5739258195802,0,240.4465,-0.006,0.350813358533823,1,0
167,2019,73,326.061745544826,293.106066739316,22.2245119027669,10.7311669027436,110.573258253909,10.7582011137116,24.2412280488061,23.306317425344,0,235.1419,-0.006,0.140960218459085,1,0
167,2020,73,327.572377790364,280.627196904526,31.6586934085666,15.2864874772715,135.55507481802,14.4030209868855,24.2412280488061,77.9783127438234,26.151768940526,253.6814,-0.007,0.0275695968017834,1,0
167,2021,73,355.403906349901,319.195976374593,24.4177513520442,11.790178623264,121.350922478427,47.869421314327,24.2412280488061,92.4569776831663,2.9127771747772,295.3872,-0.006,-0.268052774514629,1,0
168,2010,51,170.984149167042,144.389663729,17.6418699735945,8.95261546444692,43.7078713806453,9.15357274236294,74.410840799032,10.9545201995531,17.7523154218905,145.7644,0.008,-0.171899797992009,0,0
168,2011,51,119.047973609857,103.132188465269,10.5579862675905,5.35779887699683,31.8602448574,14.9210342631581,74.410840799032,7.9225835657216,6.9849752442592,95.7834,0.003,0.33055742699511,0,0
168,2012,51,154.248216338062,120.935300500539,22.0986463910383,11.2142694464857,51.3195280294656,28.2318287042727,74.410840799032,5.9212465108293,16.3130751874914,139.6431,1e-04,0.11121459548594,0,0
168,2013,51,133.777099829679,110.18474881825,15.6503569089432,7.94199410248634,42.76842819261,8.52338319653262,74.410840799032,14.807620453562,11.8499864339683,112.1057,0.002,-0.26561217782485,0,0
168,2014,51,163.461088413892,139.707193078029,15.7575198759897,7.99637545987266,45.5747146206945,3.38984076221254,74.410840799032,4.58482162468713,3.88771410379572,141.3697,0,-0.0946222821542718,0,0
168,2015,51,160.381949394655,154.936438399802,3.612365320427,1.83314567442633,37.4672123701179,15.1409932882862,74.410840799032,4.61949008560115,8.17558085166584,130.6209,-0.003,-0.433617823922137,0,0
168,2016,51,154.101338076206,135.169947240614,12.5584357072414,6.37295512835049,60.6265125220603,4.36217115944942,74.410840799032,2.01728703120189,1.61797011297845,136.3838,-0.006,0.252700279887873,0,0
168,2017,51,171.363510610161,146.389458171395,16.5669302707477,8.40712216801871,70.8172506875277,18.2107152139937,74.410840799032,4.92913617287398,7.60089103874688,146.4788,-0.007,0.0248494658357895,0,0
168,2018,51,156.212763355798,137.441530517943,12.4521923818013,6.31904045605371,65.3303721269508,18.4262468074105,74.410840799032,18.4706326446631,22.767608571106,134.7355,-0.006,0.413410388994974,0,0
168,2019,51,173.818819714965,153.422923916392,13.5299380960646,6.86595770250755,44.323285608801,18.0103297658499,74.410840799032,20.6183564476519,46.6936797876684,163.313,-0.006,-0.128794644693957,0,0
168,2020,51,172.391863063355,151.527158716921,13.8409296158346,7.02377473059876,58.2961720531707,11.4266624109886,74.410840799032,4.69507910786235,2.79089554950747,155.4705,-0.007,0.102726726768374,0,0
168,2021,51,208.526787221073,182.70911852708,17.1265563750767,8.69111231891669,52.2801380983393,30.5248586469204,74.410840799032,24.5540994517907,41.7695202184369,168.1709,-0.006,0.20647287538444,0,0
169,2010,20,223.448407843799,95.2783012157028,106.931908255741,21.2381983723555,176.992194912997,22.0665101111602,63.385778611859,15.0314949665818,39.2629174651586,101.6075,0.008,-0.243868888701455,1,1
169,2011,20,201.246456625557,90.4925226551981,92.401651351085,18.3522826192734,165.197399325289,7.67336297057772,63.385778611859,14.2764709430054,22.2271634146705,100.4428,0.003,0.468457751807183,1,1
169,2012,20,208.219103979207,83.1247025904342,104.36585725426,20.7285441345137,174.224620906543,34.1258606098435,63.385778611859,10.9973063763582,34.1082654899798,86.8931,1e-04,0.00903684598944587,1,1
169,2013,20,245.863381667842,91.1220473038714,129.100198204499,25.6411361594714,207.683994643572,9.5459635228096,63.385778611859,3.64286260016443,9.71393240352982,105.9607,0.002,0.0503691301232146,1,1
169,2014,20,255.237808347407,101.161916712577,128.545021473092,25.5308701617382,194.304701315605,44.0381588010238,63.385778611859,6.0812488055377,16.9574645725998,118.9166,0,0.206109936678864,1,1
169,2015,20,219.344477424887,107.496347409351,93.3145355968342,18.5335944187023,137.142907449124,19.8078253677209,63.385778611859,9.56571719931134,24.4299349591903,99.4044,-0.003,0.0540928316124658,1,1
169,2016,20,311.18619477457,111.577954101404,166.532514018163,33.0757266550036,291.03889735868,54.1834576046633,63.385778611859,17.6029949532762,47.2089129693492,146.0096,-0.006,0.317471840573703,1,1
169,2017,20,322.464200679667,128.93190215552,161.463375000191,32.0689235239563,237.306877613329,18.7490156980572,63.385778611859,9.18679848959614,30.2161996206551,142.5912,-0.007,-0.297960683974285,1,1
169,2018,20,329.922837796318,124.839840640565,171.10008576574,33.9829113900128,298.709600963819,-3.43965748878587,63.385778611859,19.6952444814188,44.6514574093418,136.785,-0.006,-0.128641073131671,1,1
169,2019,20,345.756371899418,131.497932576704,178.755127692562,35.5033116301518,282.491866070787,26.4210028338086,63.385778611859,3.08545489825264,8.29053157185234,169.3691,-0.006,0.00910150713601141,1,1
169,2020,20,369.529976286177,139.64013212607,191.796358537681,38.0934856224264,311.131742329228,32.3133467310636,63.385778611859,7.23750304326312,16.3494923896732,162.3461,-0.007,-0.0162512433264217,1,1
169,2021,20,528.761203958233,190.18863801577,282.470004213399,56.1025617290634,457.245022209419,17.0369207814969,63.385778611859,3.90131490628206,9.46043003750918,250.7895,-0.006,0.219358011755946,1,1
170,2010,28,497.923890701689,332.88078224695,108.064163035902,56.9789454188375,286.449816242001,12.6351107808179,44.5569939294172,3.33565090041849,1.20535641688065,482.6879,0.008,-0.0354717625480187,1,0
170,2011,28,735.862002211605,533.349947228642,132.597452455373,69.9146025275889,297.760711524287,-32.1365165998123,44.5569939294172,5.92916808072952,0,811.0486,0.003,0.470154317535503,1,0
170,2012,28,613.360714852161,501.492200592508,73.2473926159387,38.6211216437143,228.566493053824,13.2688826922444,44.5569939294172,6.55791681713186,0,670.0522,1e-04,0.125872416182079,1,0
170,2013,28,634.531093944924,476.19924356041,103.66987785146,54.6619725330538,297.17994534606,12.3312559409695,44.5569939294172,5.97289759876737,0,715.4817,0.002,-0.347458518764753,1,0
170,2014,28,636.798184218121,482.32258252984,101.144947900017,53.3306537882643,252.675297515821,-29.2817285457976,44.5569939294172,5.8689989791736,0,688.6734,0,-0.0560224421751539,1,0
170,2015,28,717.050025046983,535.208084053187,119.06342132248,62.778519671316,394.358840167947,-65.5265342582699,44.5569939294172,4.99590651700775,0,820.3682,-0.003,-0.0138710256344262,1,0
170,2016,28,794.006689870371,599.231849753838,127.531408458759,67.2434316577732,278.221070184943,19.2717957593658,44.5569939294172,8.1567131360646,0,882.6881,-0.006,0.382657122488786,1,0
170,2017,28,903.332255742754,625.133075047971,182.154601307087,96.0445793876962,489.822428069827,NA,44.5569939294172,7.90821029066821,0.942388117509044,924.9103,-0.007,-0.513199549717197,1,0
170,2018,28,836.612539894641,598.029725987452,156.215260007061,82.3675539001282,356.358292123285,-62.1750835531752,44.5569939294172,6.44923017594029,0,944.911,-0.006,0.12654522095729,1,0
170,2019,28,855.465098577968,647.512411277424,136.159778585136,71.7929087154082,430.628640448537,-6.1096893468676,44.5569939294172,6.93009020919875,0.10579049219694,989.3668,-0.006,0.158208378418672,1,0
170,2020,28,838.008782728065,605.520118412745,152.225034779078,80.2636295362425,386.967650076878,-19.5623723310718,44.5569939294172,6.45155051893484,0,893.0822,-0.007,0.356251171858812,1,0
170,2021,28,1083.61772091059,692.182100193699,256.297661448917,135.137959267976,558.629851428428,9.05235068385147,44.5569939294172,7.84128103139216,0,1364.0919,-0.006,0.243796521629124,1,0
171,2010,73,502.264461712456,368.164525047858,113.259534692557,20.8404019720405,204.582303439658,72.6470178397702,43.8727174003461,7.41950904843416,9.85234262305881,386.9946,0.008,0.356353333971549,1,0
171,2011,73,604.166430900077,417.962903414452,157.265733345438,28.9377941401876,310.779263530067,70.1881470633085,43.8727174003461,12.7360302508743,10.4970316041622,475.474,0.003,0.306704760862304,1,0
171,2012,73,536.984645997978,418.793435258894,99.8231756554775,18.3680350836058,216.035051777041,123.854563817343,43.8727174003461,9.55773433592274,11.0782939077806,414.9655,1e-04,0.0856278833113311,1,0
171,2013,73,652.84092081379,447.49165917256,173.43603883361,31.9132228076193,364.432893898895,117.6222716843,43.8727174003461,101.997707388198,81.4406849362927,535.1549,0.002,0.0678115346387536,1,0
171,2014,73,773.437940923964,563.799235906264,177.058862027959,32.5798429897418,406.816767448158,NA,43.8727174003461,24.4914439924116,42.6414604676019,617.0552,0,0.102017188845246,1,0
171,2015,73,673.402858702385,516.454210093731,132.557340101523,24.3913085071307,346.555815180188,145.99606306286,43.8727174003461,9.62173991037788,17.3112369109608,548.4412,-0.003,0.429667514241498,1,0
171,2016,73,888.536836156681,559.762849925452,277.679390652514,51.0945955787152,571.771367474623,133.061514846305,43.8727174003461,12.823702819396,22.8513664750386,744.3201,-0.006,0.150255075696948,1,0
171,2017,73,700.038921256984,555.29993250089,122.245177187427,22.4938115686671,336.882446877581,73.4185383258232,43.8727174003461,10.0764493772781,10.3361947910923,552.3731,-0.007,-0.238527966120143,1,0
171,2018,73,826.713942993078,570.265448741482,216.593966067179,39.8545281844174,482.403443656192,168.179595880932,43.8727174003461,26.1511244025048,42.1129608591223,617.7821,-0.006,0.162956381886972,1,0
171,2019,73,776.240070797689,518.790162323179,217.43975102236,40.0101574521495,468.746703855637,144.246140893274,43.8727174003461,9.11065847408103,10.17098225469,634.1888,-0.006,0.155169462836289,1,0
171,2020,73,717.130910606127,547.286347665231,143.449107040668,26.3954559002284,328.288497971037,175.585659083176,43.8727174003461,12.4180615292131,8.04735053541308,561.5847,-0.007,0.245109431635235,1,0
171,2021,73,1078.73143118018,787.269873971942,246.165666973713,45.2958902345266,565.480227383806,297.344754264806,43.8727174003461,12.9398429317599,19.1819858140359,899.6788,-0.006,0.180235569979369,1,0
172,2010,48,413.952304696896,226.879178809302,111.559438521365,75.5136873662293,267.128554102025,32.4518891616029,19.2356846598125,22.2893270327978,19.0998391330021,360.589,0.008,0.0492746782223792,0,0
172,2011,48,462.094985744605,278.207997396996,109.659412992171,74.2275753554383,261.271259016049,45.7323702310536,19.2356846598125,31.2276299948087,21.5121744863507,406.7321,0.003,0.395297708578093,0,0
172,2012,48,602.364029378712,286.240729277898,188.5173923055,127.605907795314,492.342602145171,105.207230802349,19.2356846598125,148.807143774776,104.773735494016,515.104,1e-04,0.167628631613422,0,0
172,2013,48,447.67693018757,239.592648737907,124.089259178758,83.9950222709051,275.982456386338,76.1511595508883,19.2356846598125,12.8326613167894,10.6849297835696,434.0439,0.002,0.306705084522092,0,0
172,2014,48,499.620299223611,289.128921519466,125.524710184042,84.9666675201035,358.425331228522,64.8226245883801,19.2356846598125,33.219023473488,26.7948797461452,467.6325,0,0.521443555447879,0,0
172,2015,48,539.109699950883,282.31203130277,153.139065764009,103.658602884104,396.404385338097,85.4237526330442,19.2356846598125,54.4745117357313,44.2132774491307,534.8446,-0.003,-0.238105405170989,0,0
172,2016,48,556.523515013567,298.026982135829,154.152168734742,104.344364142996,323.644996842039,82.0274673610252,19.2356846598125,43.4785200839396,37.4187156145826,535.2935,-0.006,0.212019189063615,0,0
172,2017,48,565.76076073168,337.849210136892,135.913079424169,91.9984711706185,300.331213317315,95.9804045556406,19.2356846598125,175.636696125889,113.173426920548,509.1201,-0.007,-0.41170173947561,0,0
172,2018,48,621.698096434405,320.717537576803,179.48714970517,121.493409152432,412.574714516411,56.6635684000856,19.2356846598125,59.9644817236421,54.7712068311367,575.9786,-0.006,0.180723237556164,0,0
172,2019,48,549.561677744385,345.086990456386,121.93670896047,82.5379783275295,332.427050568816,74.9337979452901,19.2356846598125,179.399380141299,182.123251108551,452.9586,-0.006,-0.160673045771913,0,0
172,2020,48,456.838410208758,285.64177441688,102.091631147299,69.1050046445788,233.457741618858,23.7365144306079,19.2356846598125,51.8250878822668,41.4266794846678,358.4792,-0.007,0.0766078610170965,0,0
172,2021,48,656.259758832978,320.103085919621,200.464120688065,135.692552225292,513.508184223241,44.6461997689353,19.2356846598125,20.727424231279,19.0080277503525,584.231,-0.006,0.150652178448252,0,0
173,2010,35,16.5280831142355,11.1582561149963,2.73198153906841,2.6378454601708,9.6438690257781,0.0343387747559562,51.8876549976788,0.129243686959037,0.0222630111174329,11.7704,0.008,-0.0584671424780112,0,0
173,2011,35,16.2952298506795,12.0374695936229,2.16620059113742,2.09155966591913,7.24172997022644,0.545095041986659,51.8876549976788,0.184302234378547,0.19514883644083,12.5823,0.003,0.40815584446143,0,0
173,2012,35,17.677055401997,12.5862040437511,2.59004841884843,2.50080293939746,9.43222793867483,1.41644015431301,51.8876549976788,0.13195894706649,0.0667351388264769,13.6649,1e-04,0.507452903695385,0,0
173,2013,35,16.2637262207477,11.4616709899652,2.44311897607566,2.35893625470686,7.46197767160063,-0.725252207755211,51.8876549976788,0.238520299800838,0,12.793,0.002,-0.0364507210673199,0,0
173,2014,35,19.4141141191884,13.9543056779477,2.77776097264081,2.68204746859993,8.42647937580921,0.847091010452613,51.8876549976788,0.53019325403217,0.268377394145669,16.0842,0,0.225649251384908,0,0
173,2015,35,19.7801257054193,14.4139367297065,2.73013063900884,2.63605833670399,8.74221449792066,2.33699438124418,51.8876549976788,0.245992430551217,0.0862340118222797,15.7726,-0.003,-0.120645763584591,0,0
173,2016,35,21.2653581840533,14.8275174946537,3.27534982363401,3.16249086576563,9.08441740864147,0.323887542351095,51.8876549976788,0.205340319913316,0.0516852534856879,16.3747,-0.006,0.171606428952755,0,0
173,2017,35,24.0166494083932,17.9798615107757,3.07130808756022,2.96547981005728,11.6530276176946,NA,51.8876549976788,0.253470689838207,0,17.1039,-0.007,0.162941903592737,0,0
173,2018,35,25.4265593755226,18.53459832054,3.50639049877368,3.38557055620886,9.45284397816273,0.49099351116178,51.8876549976788,0.21238403938802,0.163964482031882,20.5132,-0.006,0.17608309601788,0,0
173,2019,35,22.8467668333866,16.3797695213488,3.29018370092661,3.17681361111126,12.9085476669067,2.46570233500069,51.8876549976788,0.181205201420438,0.110021114984147,17.7308,-0.006,0.644485677118797,0,0
173,2020,35,26.4412328597961,18.023156905221,4.28282477361619,4.13525118095888,15.5843523494858,1.13060386489435,51.8876549976788,0.227118932075196,0.195727778613605,21.7596,-0.007,0.046297619914725,0,0
173,2021,35,26.5253436257009,18.9182972828573,3.87020106577572,3.73684527706796,15.2982857133263,1.49028247429304,51.8876549976788,0.26663868086265,0.227727491038147,19.4263,-0.006,-0.263570518590138,0,0
174,2010,20,226.495372269654,180.694601803458,34.7251823844881,11.0755880817074,75.2727738034561,NA,23.4410854396425,4.98108238066284,0,134.0252,0.008,0.1286786273274,0,0
174,2011,20,234.560787057776,176.36803328645,44.1205239037711,14.0722298675552,90.2006820421088,7.37459186571463,23.4410854396425,4.82674309564863,0.264914140964973,129.7694,0.003,0.52018573239921,0,0
174,2012,20,318.215278695802,232.031553066812,65.3426909761318,20.8410346528582,160.87165299294,21.0093804661281,23.4410854396425,8.57309679641427,0,180.8112,1e-04,0.278480041267039,0,0
174,2013,20,203.313857793401,176.654801469523,20.2123366839056,6.44671963997299,82.5149491411468,-10.1654172180997,23.4410854396425,5.27794124392757,0,128.5283,0.002,0.322395486085368,0,0
174,2014,20,289.623417175112,221.606786674348,51.5687809457402,16.4478495550238,139.610799616138,6.93916356542233,23.4410854396425,6.10231226717306,1.58675308818514,158.3564,0,0.312644938281282,0,0
174,2015,20,248.193853796889,195.445633944498,39.9925926176998,12.7556272346907,88.9630423296333,15.6103266689257,23.4410854396425,5.65830349310382,0,146.3894,-0.003,0.318124828653527,0,0
174,2016,20,333.685034448418,240.096781411472,70.9566481671361,22.6316048698106,132.151799113542,28.4450197835289,23.4410854396425,5.45870577190114,0.75065857168578,198.1806,-0.006,-0.361689609326496,0,0
174,2017,20,327.519212269154,233.989578310702,70.9122044127798,22.6174295456725,147.884070481805,7.37544887973543,23.4410854396425,5.26622409014055,0.73787751986427,184.867,-0.007,-0.0061581765723506,0,0
174,2018,20,376.346720003696,283.153592076254,70.6570726064504,22.5360553209914,191.171477505819,34.915639085267,23.4410854396425,6.19240635142221,0.0974012363114803,208.0521,-0.006,0.50270606125592,0,0
174,2019,20,339.308278896646,265.742128446449,55.7763104355038,17.789840014693,129.614898328035,4.09372183551527,23.4410854396425,6.83286582143877,0,196.5862,-0.006,-0.0169569593242068,0,0
174,2020,20,346.235898172031,286.083359948293,45.6063913215366,14.5461469022013,142.200124471285,-3.09154938626404,23.4410854396425,8.34636527884508,0,190.4365,-0.007,0.532741460531528,0,0
174,2021,20,363.668651559845,270.569163722885,70.5860766562208,22.5134111807388,143.991435139472,NA,23.4410854396425,9.26499608343231,2.10673732201564,212.6821,-0.006,0.299268892479391,0,0
175,2010,48,1116.08905903329,649.247457411833,223.825693755353,243.0159078661,741.372556151758,-1.79129487740606,25.6262782289968,84.0351047496678,0,1420.6831,0.008,0.0585306835676025,1,0
175,2011,48,1136.64044855397,628.83818253479,243.464151625556,264.338114393623,641.644514273912,200.180371274033,25.6262782289968,87.9011945952998,86.503412691539,1389.7011,0.003,0.160009431314853,1,0
175,2012,48,995.576597623162,594.058137679249,192.506725065604,209.011734878309,621.891138246653,66.8864436699975,25.6262782289968,37.8954198873423,42.6727079970581,1215.9517,1e-04,0.322944936039715,1,0
175,2013,48,850.485080397727,549.973428001866,144.07933835685,156.432314039011,407.260660645673,28.1854698956188,25.6262782289968,168.352550970206,219.23493681938,1021.9487,0.002,0.0665206238778564,1,0
175,2014,48,923.834584914459,625.06631332156,143.243480077837,155.524791515061,452.892002122755,76.1143417260616,25.6262782289968,243.916150342223,330.717822041097,1130.3165,0,-0.0062230530675081,1,0
175,2015,48,1015.6693086887,614.962316638085,192.117669412579,208.589322638034,682.770214901472,23.0484536483767,25.6262782289968,213.872248625621,271.189518548752,1343.6344,-0.003,0.173976632811376,1,0
175,2016,48,1065.78865330851,627.461787379832,210.154396089254,228.172469839427,729.117122708861,159.390262013353,25.6262782289968,244.850922858491,304.474030659453,1404.1573,-0.006,0.646927369328831,1,0
175,2017,48,909.439261635712,577.982136410858,158.916045069533,172.541080155321,566.222770135891,57.1313944959003,25.6262782289968,49.7502595315632,67.7525095516258,1171.9407,-0.007,-0.144200220885697,1,0
175,2018,48,1414.65521535917,823.099664914986,283.619392558681,307.936157885499,996.127031389407,17.6715848436637,25.6262782289968,56.0529757948197,47.8279593079254,1872.3591,-0.006,0.502982313132485,1,0
175,2019,48,1667.14724552418,980.275682346242,329.318346126717,357.553217051217,1088.92698071134,159.987096822284,25.6262782289968,146.004456779657,137.745125543166,2237.9681,-0.006,0.258519237272422,1,0
175,2020,48,1859.6133313649,978.267701303043,422.558307575172,458.787322486686,1362.48107110303,71.3811653185486,25.6262782289968,300.724008852954,202.166319748584,2395.4572,-0.007,0.0771386626757829,1,0
175,2021,48,1317.55577959636,797.728029804408,249.229730868786,270.598018923167,701.719067691567,42.2480720197995,25.6262782289968,140.734163876509,145.82770172583,1888.5627,-0.006,0.254916063653303,1,0
176,2010,38,56.5301540187377,29.8730620408251,20.337502228449,6.3195897494635,42.8413419680688,5.4204040735389,68.2702427746677,0.170190604942436,0.547727027799342,74.2507,0.008,-0.278162903554028,0,0
176,2011,38,44.7250639050422,33.0631562071346,8.89722232232527,2.76468537558226,22.9026754096621,1.57399495121644,68.2702427746677,0.219787934445292,0.765322838284798,59.697,0.003,0.143398918923855,0,0
176,2012,38,46.154583456096,30.4313173046041,11.9957556007767,3.72751055071519,28.4274802048943,1.10915730622246,68.2702427746677,0.200579839348184,1.00548839336016,64.837,1e-04,0.412915720161459,0,0
176,2013,38,62.9729255785896,34.983546537677,21.3539443495606,6.63543469135191,36.8256395971982,5.66379256559145,68.2702427746677,0.180438514262329,0.533623237390922,84.0964,0.002,-0.0700185872602876,0,0
176,2014,38,68.5075696257588,41.3014396548478,20.7563799295637,6.44975004134732,42.5174655930356,6.99482598480992,68.2702427746677,0.248172742237273,0.8363421408895,98.1964,0,0.257523299024814,0,0
176,2015,38,45.0405836158403,30.0340394825561,11.4489466819886,3.55759745129561,27.6987189638915,1.26981234807888,68.2702427746677,0.196973121155406,0.70815760621955,60.3203,-0.003,0.319877994090749,0,0
176,2016,38,57.4876189222566,36.3270896426415,16.1440081962397,5.01652108337551,32.7521704896477,7.43785737191395,68.2702427746677,0.237140390667042,0.82208728335191,83.8487,-0.006,0.469563316965943,0,0
176,2017,38,53.5515357368234,37.0036142942584,12.6249100799599,3.92301136260513,23.8477819148393,4.8539125642471,68.2702427746677,0.284085882279285,0.97497812346487,69.9862,-0.007,0.0313982167368,0,0
176,2018,38,71.3654925766542,42.0863990202324,22.3379065857628,6.94118697065905,36.9290014958466,6.35793119831157,68.2702427746677,0.230116668059934,0.765141823154139,95.9094,-0.006,0.607699617628461,0,0
176,2019,38,62.7672582534644,42.1706248006666,15.7137950040425,4.88283844875531,36.5863068814716,7.84556603522202,68.2702427746677,0.243787291355778,0.616834837598787,90.9894,-0.006,0.157627624662071,0,0
176,2020,38,70.4192575362755,42.1601260912936,21.5597466224956,6.69938482248633,48.9018927936427,4.23418109374866,68.2702427746677,0.236512426330978,0.796664827958515,89.1436,-0.007,0.456338380119573,0,0
176,2021,38,73.339051372472,49.1975246843364,18.4183013370301,5.72322535110555,40.8134829570849,7.44975551372957,68.2702427746677,0.282977420905399,0.898746695773308,103.0507,-0.006,-0.30861864191047,0,0
177,2010,28,1301.17791543242,762.484900085125,318.334668664854,220.358346682445,858.884213538227,40.2949532816339,2.2515187437765,198.058792373881,22.5334458079455,1302.9067,0.008,0.356841003501032,0,0
177,2011,28,943.277969202743,587.509537778527,210.23741261213,145.531018812086,589.455069544716,51.0035137251082,2.2515187437765,132.087761279356,12.3460955226644,881.9521,0.003,0.085285997335091,0,0
177,2012,28,1215.0731244901,685.10299180889,313.179977803451,216.790154877757,870.549181427051,97.5595256148173,2.2515187437765,125.3534491111,7.54630736354539,1151.0477,1e-04,0.317640366850049,0,0
177,2013,28,1076.58562047573,710.12710448399,216.554599640457,149.903916351283,559.05365993013,NA,2.2515187437765,132.210306118574,11.4163760076741,999.8939,0.002,0.117636981172937,0,0
177,2014,28,1690.20070270921,876.471351697932,480.864343804492,332.865007206786,1116.29949988347,-7.18387843380531,2.2515187437765,171.463407131898,0,1576.1185,0,-0.038940170073175,0,0
177,2015,28,1094.28208296915,775.74706812018,188.234737635732,130.300277213234,566.701861790166,162.63902094755,2.2515187437765,186.277008873084,18.279294761239,1039.5885,-0.003,-0.018907829043081,0,0
177,2016,28,1218.5730935099,760.866668408456,270.476540495904,187.229884605544,785.357118498776,71.628786437001,2.2515187437765,144.666534612401,9.49107072439552,1168.1813,-0.006,0.191522415454659,0,0
177,2017,28,1296.88261883641,804.437110905393,291.005216582679,201.440291348341,716.100055761035,50.1529010601999,2.2515187437765,158.779761169895,13.5656630836098,1221.9947,-0.007,0.124839159195987,0,0
177,2018,28,1223.64272684345,806.40296794137,246.563212478754,170.676546423324,670.239175548756,188.669003886924,2.2515187437765,167.278121125748,11.5944921806735,1162.1896,-0.006,0.493244316518879,0,0
177,2019,28,1569.95300287634,991.024060841348,342.111643724188,236.817298310804,851.743678051627,NA,2.2515187437765,196.280019828117,17.2862014673363,1480.8986,-0.006,0.278582291582325,0,0
177,2020,28,1596.88963551551,1002.86997635386,351.029335804035,242.99032335762,847.609142905172,57.6721485460097,2.2515187437765,191.596277606195,18.4973810611195,1570.2279,-0.007,-0.203267598078883,0,0
177,2021,28,1432.26467319477,903.724584274998,312.334909287613,216.205179632163,893.430710364669,123.492269981799,2.2515187437765,173.694519379864,16.3405456619898,1391.2574,-0.006,0.0056616081097298,0,0
178,2010,37,939.478634944939,778.855545526565,92.738672844066,67.8844165743082,427.296737385966,99.2038881748998,61.1891818071449,6.11403979660509,8.16607019585667,1040.82,0.008,-0.105950119656511,0,0
178,2011,37,972.666940322023,770.83782260518,116.529725496661,85.299392220182,335.045252055897,112.352404878996,61.1891818071449,10.3737774424642,9.60256030507612,1206.7611,0.003,0.150710213828869,0,0
178,2012,37,985.374039829036,875.5650174369,63.4002436376128,46.4087787545229,220.44540132041,100.031534159463,61.1891818071449,8.43374910537891,13.4139658597925,1104.6786,1e-04,-0.138714959283596,0,0
178,2013,37,1132.58185705187,814.67180049022,183.551174591818,134.35888196983,436.355503790137,107.628010844026,61.1891818071449,8.62006126222556,13.2142658816809,1351.363,0.002,0.195087638566805,0,0
178,2014,37,928.981137178974,801.325698002343,73.7041981537985,53.9512410228325,239.950222037816,37.7559453138521,61.1891818071449,8.67702597507225,20.9653190852461,1007.1537,0,0.363794838094916,0,0
178,2015,37,1123.24807702387,871.085391510955,145.590729701085,106.571955811834,571.600178646444,149.751116261987,61.1891818071449,11.3080648377995,11.3683871547609,1280.1667,-0.003,-0.104069341322506,0,0
178,2016,37,1037.92383799111,899.494736066747,79.9245690140058,58.5045329103605,442.702061503816,201.930326567737,61.1891818071449,9.80135618304205,16.0479979160616,1251.5724,-0.006,0.0473197407608058,0,0
178,2017,37,996.56550602869,840.396430782336,90.1670664539913,66.0020087923625,350.635420395892,156.606177221656,61.1891818071449,7.90153086237653,10.7177307327487,1088.0721,-0.007,0.10135190109836,0,0
178,2018,37,1377.64043622909,1070.7038154261,177.215461136904,129.721159666083,658.751626468263,71.3354991911326,61.1891818071449,11.0579337813792,9.44066254382138,1444.3706,-0.006,0.35172675300231,0,0
178,2019,37,1362.46717553424,1202.36172615481,92.4398039180823,67.6656454613476,465.527285954381,124.118688894022,61.1891818071449,13.0283681136209,9.46806444326396,1482.1015,-0.006,0.133273428988515,0,0
178,2020,37,1420.60777746029,1155.69192503183,152.954003428349,111.961849000113,484.209355516469,230.394658790937,61.1891818071449,9.43091858796661,12.4555107156595,1782.7603,-0.007,0.166072527053737,0,0
178,2021,37,1417.29767730949,1117.54025313579,173.070420907021,126.687003266673,461.479719429129,117.872811405149,61.1891818071449,10.111431460313,10.9314946090971,1602.2411,-0.006,0.0512087531808772,0,0
179,2010,20,17.2641410608108,13.6257967272481,2.90490456598662,0.733439767576055,6.86356236787457,2.6784003332252,29.8556219758976,0.262800415716996,0.190935682213526,18.6501,0.008,0.0764267028651951,0,0
179,2011,20,19.5255409226528,15.7071251534428,3.04867609711694,0.769739672093043,9.39883727247151,2.19814569610776,29.8556219758976,0.226121414313868,0.0333562890986224,18.8544,0.003,0.510991110372816,0,0
179,2012,20,18.9707038461333,13.2281704821725,4.5849182649971,1.15761509896369,8.22458857109716,2.04592981616373,29.8556219758976,0.180056985191933,0.0971929456472279,19.3452,1e-04,0.499049014070502,0,0
179,2013,20,20.6436531040432,16.2910127242519,3.47520843387916,0.877431945912134,9.81580869188184,1.87607968119208,29.8556219758976,0.262708319392699,0.227964296979116,21.4825,0.002,0.454145107971335,0,0
179,2014,20,23.9142646040635,16.5085358470043,5.9128365290742,1.49289222798494,13.7164959046661,2.64094453116418,29.8556219758976,0.297217913075001,0.169161966445675,25.9396,0,0.185855341763317,0,0
179,2015,20,26.940028657267,18.724168182737,6.55965692576473,1.6562035487653,13.9190318951368,NA,29.8556219758976,0.262814832808441,0.25040934461583,27.5302,-0.003,0.1805819552409,0,0
179,2016,20,27.811521822416,18.593716279308,7.35962376170455,1.85818178140337,16.2163536409813,2.48270581576596,29.8556219758976,0.337247659949094,0.165424746072273,29.2128,-0.006,-0.00941983281631198,0,0
179,2017,20,26.7037476991402,18.9724252999313,6.17279500771846,1.55852739149039,10.5959813586923,3.78632801202491,29.8556219758976,0.292589419418905,0.271450662256579,29.8255,-0.007,0.0142889740620646,0,0
179,2018,20,24.356205722278,18.5480331935892,4.63732548428274,1.17084704440597,10.5310897729845,3.12301790059662,29.8556219758976,0.273919926554015,0.251426259744182,27.7985,-0.006,0.277104152507777,0,0
179,2019,20,25.6088601588745,19.4020464677567,4.95560611601079,1.25120757510702,10.3782905401956,1.84640993524392,29.8556219758976,0.351227629732222,0.318783120780935,27.2373,-0.006,0.388114232677653,0,0
179,2020,20,27.9672079638501,21.9281367993747,4.82167815678535,1.21739300769011,10.1283103506643,2.77095574532295,29.8556219758976,0.553999886675524,0.586976782358041,29.6598,-0.007,0.102894123732622,0,0
179,2021,20,28.4883086061887,23.0545210430181,4.33841133651005,1.09537622666049,12.6746905626351,4.08143885934391,29.8556219758976,0.441455214456625,0.560383879064384,28.3158,-0.006,-0.152551039139544,0,0
180,2010,73,89.3508607542654,80.5001807907618,4.17614554685655,4.67453441664702,21.866220506229,17.0672938048752,79.0350487794111,0.579546556349182,0.921269516143797,45.0078,0.008,0.365513294832219,0,0
180,2011,73,126.847116829327,119.72325715612,3.36135471775865,3.76250495544842,44.5835529207367,10.7470222457786,79.0350487794111,0.820438014922404,1.90412886297598,66.282,0.003,0.049200530398782,0,0
180,2012,73,90.778212225293,90.778212225293,0,0,12.8573596194927,9.13448973711973,79.0350487794111,0.580069538433752,1.78402654172194,47.116,1e-04,0.270016912822856,0,0
180,2013,73,152.695129361471,144.920066253039,3.66862154215263,4.10644156627959,31.6791460254527,26.0232568876653,79.0350487794111,1.21508555796299,2.38071313739763,77.562,0.002,0.136913966940548,0,0
180,2014,73,153.889619244475,130.596768052347,10.9906060529492,12.302245139179,67.1781153592355,22.1713081073752,79.0350487794111,0.98883750779641,2.6225267234329,84.7286,0,0.164073733163516,0,0
180,2015,73,101.878012023798,101.075718821201,0.378557715239237,0.423735487357491,19.3685459742821,15.3085074454441,79.0350487794111,0.655920334446359,1.30531480152051,45.3884,-0.003,0.221250869485976,0,0
180,2016,73,123.305430777853,112.214027573397,5.23341870813064,5.85798449632469,37.2262357963708,7.72856351764751,79.0350487794111,1.00408685395774,3.39373251693028,66.0505,-0.006,-0.162048011628644,0,0
180,2017,73,128.391234238894,120.754449110237,3.60337582410097,4.0334093045566,22.2216455684964,24.2361851674105,79.0350487794111,0.895524310000838,2.01386356800617,66.9545,-0.007,0.00912448727323389,0,0
180,2018,73,142.357473206727,126.320087925931,7.56715364240836,8.47023163838709,47.7128969282306,15.2476070333466,79.0350487794111,0.973408685601369,2.98546693959924,70.7627,-0.006,0.315764146679154,0,0
180,2019,73,132.225632625795,124.489703538736,3.65015636549243,4.08577272156641,43.443973867924,4.17022673318965,79.0350487794111,1.08363841003316,4.3404191373992,71.0652,-0.006,0.298882210968133,0,0
180,2020,73,149.359620595383,129.024367113392,9.59507954453241,10.7401739374586,49.8720506650651,8.58836802512417,79.0350487794111,0.773986619279881,2.13567979668496,78.6683,-0.007,-0.197827995531822,0,0
180,2021,73,124.467985958814,119.004975393044,2.57769203504643,2.88531853072297,25.5424585820606,6.20402566446755,79.0350487794111,0.89903789727589,2.56652398835355,66.6713,-0.006,0.410014359495414,0,0
181,2010,35,94.2598394692846,81.8477008183454,10.1535845120134,2.25855413892577,24.2935143238798,0.767105357394137,23.8176536481316,3.4692584057073,2.66172087434103,49.2171,0.008,-0.614999232945656,0,0
181,2011,35,103.934323270977,100.187889971573,3.06471980324145,0.681713496161781,28.312561834469,7.50529348316426,23.8176536481316,2.94994110056726,2.77422375035016,60.9481,0.003,0.111721796949901,0,0
181,2012,35,85.2864422600175,78.9813947912352,5.15776000630583,1.14728746247643,23.961440218784,8.69242535963044,23.8176536481316,4.93646364674363,1.6510569653467,46.9467,1e-04,0.230608505409604,0,0
181,2013,35,93.1759848040722,84.3342816385133,7.23283737366612,1.60886579189277,23.9556591055958,7.5314773909137,23.8176536481316,1.97924362497456,1.75418559575426,53.3176,0.002,0.108452211659543,0,0
181,2014,35,118.983528948653,105.136567970707,11.3273217837834,2.51963919416227,46.9589163210706,10.2195620541294,23.8176536481316,3.39248342763387,2.83558058614513,63.8751,0,0.0636847669434502,0,0
181,2015,35,115.677350638165,104.645725347202,9.02427396653177,2.00735132443083,33.6904103364416,5.57036912318756,23.8176536481316,3.64840091079266,2.14683194797742,56.3493,-0.003,0.206668107514155,0,0
181,2016,35,107.937826008196,104.461054294519,2.8441267388786,0.632644974799147,23.6246100043254,3.56068259981165,23.8176536481316,3.45523112065736,1.53080701085006,54.4881,-0.006,0.0800937183862672,0,0
181,2017,35,137.968496623157,117.464230256878,16.7732416839456,3.73102468233315,53.7747393725705,NA,23.8176536481316,2.91270156872191,1.76705590246784,78.0802,-0.007,0.0491189386087691,0,0
181,2018,35,135.0270592074,117.368342999105,14.4454773215914,3.21323888670418,48.1618350598216,12.0774972499224,23.8176536481316,4.92948897278973,3.94091829618366,74.4463,-0.006,0.254754258531203,0,0
181,2019,35,121.830653368267,107.86139451332,11.4273659312664,2.54189292368074,37.5763282217375,9.34304020059019,23.8176536481316,3.06420305492345,2.31916852442011,61.9452,-0.006,0.161949422003101,0,0
181,2020,35,152.379446012105,134.1235142486,14.9340215428774,3.32191022062849,60.9723515599028,15.6086445619404,23.8176536481316,4.8212304018206,4.71267957220629,76.1586,-0.007,0.457468804508893,0,0
181,2021,35,156.581224977197,131.821058658931,20.2547238887798,4.50544242948653,52.2490119966483,18.5855963341756,23.8176536481316,3.79986453334916,4.09127380605491,82.5267,-0.006,-0.051416613430402,0,0
182,2010,38,119.361404178443,103.896643786349,10.8277456348396,4.63701475725494,42.6326870710849,17.8866158401654,30.3645129584828,4.22941296941646,1.19441443824018,117.8573,0.008,0.0927782634108676,1,0
182,2011,38,137.30089208193,114.556462969359,15.9246497712597,6.81977934131086,49.2713063061534,11.3577576082607,30.3645129584828,17.4763309132073,9.48075337283726,118.4107,0.003,0.455513840296218,1,0
182,2012,38,125.947202345627,111.176978421,10.3414617214006,4.4287622032259,28.0342974390531,11.9338062800423,30.3645129584828,36.6141154883703,15.7639279098155,113.1485,1e-04,0.499581520276935,1,0
182,2013,38,157.11330751658,117.663342093288,27.6211321790013,11.8288332442911,74.3980874967178,10.0295734209043,30.3645129584828,17.1991173315849,11.4310167296905,153.8025,0.002,0.0283258477035028,1,0
182,2014,38,125.865768197478,106.207229255292,13.7640450819651,5.89449386022082,52.2691890502702,18.1530809542876,30.3645129584828,11.6495201450024,8.79760560369788,119.2279,0,0.465347279150849,1,0
182,2015,38,124.984267274522,108.64613128447,11.4392448484446,4.89889114160708,34.5596074825936,19.152710453164,30.3645129584828,5.08413331679706,3.1332358215729,113.4741,-0.003,-0.0291330341190654,1,0
182,2016,38,159.657341180326,131.015374043702,20.0538467311356,8.58812040548848,75.6174690452031,21.119704366307,30.3645129584828,25.6146764642449,23.2827581689217,151.9137,-0.006,-0.0960685600799133,1,0
182,2017,38,177.343417706537,147.150020261941,21.1400900558941,9.05330738870205,63.4162484311195,21.4698339858826,30.3645129584828,4.60971710083814,4.36394636546832,154.3424,-0.007,-0.215307168539681,1,0
182,2018,38,166.968422980377,132.346189479132,24.2409664396185,10.3812670616267,81.3797842894896,23.7699463648675,30.3645129584828,6.96490706776894,3.97387569736522,137.731,-0.006,0.0572182493337616,1,0
182,2019,38,171.638174757113,139.294470493047,22.6456403966534,9.69806386741245,69.4403459265239,13.3934956275732,30.3645129584828,4.12126337248956,3.98003008587445,141.754,-0.006,-0.0619337667383474,1,0
182,2020,38,180.213055507455,151.383406157829,20.1852535690725,8.64439578055431,55.5493326544058,38.7801161879516,30.3645129584828,7.96828804817592,1.66046290935611,153.687,-0.007,-0.22028786721823,1,0
182,2021,38,173.60103718132,135.702779375798,26.534694694108,11.3635631114137,69.651762264913,33.127124821514,30.3645129584828,3.69437732326319,1.85269947095445,142.3129,-0.006,-0.221766309589651,1,0
183,2010,20,8.76078657885527,7.22306118645054,0.95934819160137,0.578377200803352,2.58841675031535,-0.332770355962955,63.935004688729,0.0552562607589618,0,9.0837,0.008,0.105695054091679,0,0
183,2011,20,8.47286884033523,6.9812592596668,0.930577696679476,0.561031883988948,3.08433747870627,0.234110543489307,63.935004688729,0.0412046526400851,0.00888931652715182,9.4737,0.003,0.44914890607389,0,0
183,2012,20,11.5598858075142,8.81920401774033,1.70984242814816,1.03083936162571,5.58568328321842,-0.835265094335445,63.935004688729,0.0712309561216562,0,11.6527,1e-04,-0.205297356468848,0,0
183,2013,20,11.1054913354255,8.2587903152629,1.77598515912649,1.07071586103609,5.88431489842009,-0.349906418639567,63.935004688729,0.067276562238795,0,13.0829,0.002,0.236776572216549,0,0
183,2014,20,11.1717295926365,8.89618826098988,1.41965299670021,0.855888334946421,4.3740527839121,0.462992510182927,63.935004688729,0.0603508935239165,0.0229028714868403,11.2568,0,0.244880505451807,0,0
183,2015,20,11.6376328101135,8.65692938837239,1.85958588670734,1.12111753503375,6.20310601591433,-0.0319717625127921,63.935004688729,0.0594202578605146,0,12.3277,-0.003,0.0974155578018115,0,0
183,2016,20,12.5686869263122,9.98529429875881,1.61171367636973,0.971678951183704,4.94268603678632,-0.615676430426036,63.935004688729,0.1043888608096,0,13.6987,-0.006,0.283322427330148,0,0
183,2017,20,12.2257770016412,10.0398139638725,1.36376735244736,0.822195685321365,5.29474430861479,-1.07595910473481,63.935004688729,0.0736730941435989,0,12.1641,-0.007,-0.217496901968973,0,0
183,2018,20,16.5833724761434,12.3261264888983,2.65598868252985,1.60125730471519,7.40291383963588,0.323678494723512,63.935004688729,0.0894066854872757,0.0513849490304136,18.0238,-0.006,0.425963791942133,0,0
183,2019,20,13.1177682582732,10.5830761642487,1.58133063853877,0.953361455485677,6.24531167825146,-0.473985845387804,63.935004688729,0.0751493886701904,0,14.8899,-0.006,0.302117356502805,0,0
183,2020,20,11.994608843153,9.47027030272475,1.57487131688862,0.949467223539644,6.11577503331515,-1.01513779144622,63.935004688729,0.0729142983859556,0,13.1085,-0.007,0.481670424129763,0,0
183,2021,20,14.7093778655937,11.8679796181629,1.77267689260774,1.06872135482304,6.80799452554207,-0.0690488629254587,63.935004688729,0.0768871007748692,0,16.3963,-0.006,0.29101019017724,0,0
184,2010,73,70.4529162602923,33.802377429731,26.8565434884238,9.79399534213743,57.3851444829808,9.45747198881074,10.8108143444858,2.51574036977267,0.726578788906658,75.5938,0.008,-0.123685904547469,0,0
184,2011,73,65.6877782081183,37.7659572142671,20.4603703990309,7.46145059482024,43.458262777767,5.6059126703933,10.8108143444858,3.50483023726594,0.992792749991938,80.393,0.003,0.0438825658407976,0,0
184,2012,73,58.1270695906093,34.0495382934561,17.6433767963236,6.43415450082963,30.3663289616886,2.94764755144171,10.8108143444858,1.81020329846232,0.535582344485786,58.724,1e-04,0.191597542507441,0,0
184,2013,73,63.831041521058,39.3406286361004,17.9459254810701,6.54448740388749,43.4934749373875,7.3202086826202,10.8108143444858,2.72356987557952,1.01462726169393,70.317,0.002,0.0104478551601021,0,0
184,2014,73,62.4630805572123,40.5635229733802,16.0474153830721,5.85214220076005,38.2884287428789,5.54432123184755,10.8108143444858,2.34631392414676,0.325226415785739,71.2936,0,0.109153551185094,0,0
184,2015,73,61.5434374797412,37.1996824477866,17.8384584933321,6.50529653862244,32.0516854204645,-2.35966393450994,10.8108143444858,1.85061036259185,0,70.0599,-0.003,-0.0376792581696681,0,0
184,2016,73,73.5628547077793,40.2009517619267,24.4467182723858,8.91518467346686,47.920952816937,9.81507822526729,10.8108143444858,2.31368022307307,0.266240910099254,78.1526,-0.006,0.503225341017547,0,0
184,2017,73,69.2856290802196,41.3172705428993,20.4944718774785,7.47388665984179,47.6308717090548,4.38514928833029,10.8108143444858,3.41922135834521,1.04631290870226,77.4276,-0.007,-0.14016056750371,0,0
184,2018,73,53.3226891264537,35.5631194063262,13.013742000611,4.7458277195165,30.5008785615052,2.83352090105123,10.8108143444858,3.56009005547138,1.14519797689106,57.385,-0.006,0.543007561968916,0,0
184,2019,73,84.3246282773253,43.2719450147458,30.0823182560853,10.9703650064942,59.8490102908605,7.30371382292264,10.8108143444858,2.58917884527839,0.419903682833727,91.4394,-0.006,-0.127622006839868,0,0
184,2020,73,75.0821282047143,44.2093583123723,22.6227475414469,8.25002235089508,51.7083046725329,3.89968142326193,10.8108143444858,2.40385436468256,0.294148107391564,79.0695,-0.007,0.0692881204741844,0,0
184,2021,73,84.2588519155059,47.5407699737135,26.9060372902069,9.8120446515855,61.9003784806928,14.4053065047069,10.8108143444858,2.40248740474164,0.687193262519363,98.6434,-0.006,0.0423361712977232,0,0
185,2010,20,69.2629930049417,62.4257472404709,3.33887790823341,3.4983678562374,18.8633627055581,-3.63730851746049,29.8728260582129,1.31532601709569,0,83.1205,0.008,0.0307804909876081,0,0
185,2011,20,84.6058568333302,76.7306408958749,3.84575681815823,4.02945911929705,21.2904736234834,-10.1618424625024,29.8728260582129,1.18503631968033,0,96.854,0.003,0.314713922590253,0,0
185,2012,20,71.6247439073292,62.6654174814488,4.37516773661555,4.5841586892649,22.1855034485255,3.5994046176083,29.8728260582129,1.0067868659422,0.103641766212875,83.1459,1e-04,0.300558396870602,0,0
185,2013,20,84.5126116777172,76.4301328239682,3.94697090292977,4.1355079508192,19.728117116102,-11.659856075634,29.8728260582129,0.953294663859097,0,102.3828,0.002,0.311108882878375,0,0
185,2014,20,85.1775579335651,73.7407002000331,5.58503715407307,5.85182057945887,20.3762850057272,-7.7865524157734,29.8728260582129,1.11521184208519,0,101.5411,0,0.393276915613157,0,0
185,2015,20,100.015895366945,85.9008743453405,6.89288252708165,7.22213849452239,34.0918899988859,-1.85374105499129,29.8728260582129,1.53856050207969,0,126.5666,-0.003,0.139194306270822,0,0
185,2016,20,115.894200254681,93.894935655661,10.7430478729815,11.2562167260387,44.3060549356606,-9.19657237443204,29.8728260582129,1.21391129262682,0,145.8895,-0.006,0.594934176931546,0,0
185,2017,20,115.676260964878,99.5001944327448,7.89936665241912,8.27669987971446,28.3655616521071,-4.50180516708217,29.8728260582129,1.37535502305848,0,147.1331,-0.007,0.442821006835095,0,0
185,2018,20,127.584776466858,115.998254572568,5.65812365369947,5.9283982405909,26.8759699360366,NA,29.8728260582129,1.53628996798582,0,151.805,-0.006,0.116782806227071,0,0
185,2019,20,119.544811326284,108.035164014179,5.62058297533198,5.889064336773,40.3549580240666,-13.2306584041024,29.8728260582129,1.75785113119326,0,145.1664,-0.006,0.283711400640034,0,0
185,2020,20,135.639396361646,106.848146941732,14.0598232022198,14.7314262176933,44.1265268060767,-12.3438031266567,29.8728260582129,1.48952949753426,0,163.7647,-0.007,-0.132997345420638,0,0
185,2021,20,118.802414630215,106.740555072125,5.89024847110151,6.17161108698813,30.0733003389603,-14.4142875992402,29.8728260582129,2.25751682636591,0,150.1062,-0.006,-0.267563935691187,0,0
186,2010,50,272.570892498761,154.045679998221,55.3468228094693,63.1783896910699,186.27498110994,29.1624710605745,64.8691631043986,1.70400556614202,1.31959978130839,228.6539,0.008,0.0712034885478043,0,0
186,2011,50,295.37092434658,157.616970056292,64.3259230551783,73.4280312351104,188.24710501741,15.6246015154327,64.8691631043986,1.83575252391875,0,248.3115,0.003,0.0413609427906864,0,0
186,2012,50,317.743248210059,147.752113418267,79.3794756238816,90.6116591679107,255.027682998864,10.1793936864047,64.8691631043986,1.74621052138526,0,286.6572,1e-04,0.0364266886371862,0,0
186,2013,50,395.392776085604,169.565913766286,105.45266336771,120.374198951607,279.378035197604,13.9856192468319,64.8691631043986,1.81750501312157,1.38608505001402,317.2495,0.002,0.0895598414134545,0,0
186,2014,50,416.336130093209,171.285458259449,114.429460426091,130.621211407669,366.860137676372,30.8936701042837,64.8691631043986,1.69608023451175,0,391.8161,0,0.352781277079179,0,0
186,2015,50,389.723709944778,212.234792614792,82.8806584764619,94.6082588535238,256.7991336361,1.24979713311005,64.8691631043986,1.83813682423833,2.30647879006583,334.7823,-0.003,0.239488043086569,0,0
186,2016,50,421.056990740946,222.343986821551,92.7915098048363,105.921494114558,287.678181806973,NA,64.8691631043986,2.78832531102317,0,371.9422,-0.006,0.0471085041571213,0,0
186,2017,50,490.359046716763,204.864814123642,133.315084369792,152.179148223329,400.854898552253,54.205951133664,64.8691631043986,4.02069272499607,4.06854626493798,376.2741,-0.007,0.19948751962093,0,0
186,2018,50,413.235130393416,238.841063127171,81.435479729375,92.9585875368699,239.761464127651,-10.9684890272295,64.8691631043986,3.90754000308196,0,350.2284,-0.006,0.267931699194097,0,0
186,2019,50,550.855143167324,247.760110748608,141.533996858539,161.561035560176,459.892936192849,47.3174953243639,64.8691631043986,2.18607879722835,1.12685980322168,485.5205,-0.006,-0.134626505831362,0,0
186,2020,50,495.128157611495,244.340777636834,117.108287675464,133.679092299197,351.894913854006,21.6912978840882,64.8691631043986,2.0276287760595,0.527703462168594,458.9304,-0.007,-0.0137893832499965,0,0
186,2021,50,431.041260986703,214.1857670964,101.263371247294,115.592122643008,340.269076674871,-0.59345412182287,64.8691631043986,2.71019018774017,0,335.7806,-0.006,0.112003128822935,0,0
187,2010,51,82.0485049555668,67.4422317797446,10.2398233718413,4.3664498039809,36.4553204737427,15.4491721235222,71.501509286504,0.340987760341141,0.995430111662884,82.1094,0.008,0.0505832291457105,1,0
187,2011,51,85.2914505184448,62.7179263216269,15.8253168260622,6.74820737075564,36.6334408397295,4.39343171112655,71.501509286504,0.300015865749882,0.733042977749336,82.1706,0.003,0.711694093740192,1,0
187,2012,51,106.767606875606,69.3475030887543,26.2336085817977,11.186495205054,61.4232928537732,15.2271175913546,71.501509286504,0.33152624667636,0.750277449547328,108.8231,1e-04,0.266266333473029,1,0
187,2013,51,116.657899149955,88.4484962136073,19.7763864892963,8.43301644705137,43.4543057805513,20.7121059104994,71.501509286504,0.458737325198889,1.5456723756594,107.5229,0.002,0.289485446098829,1,0
187,2014,51,110.982281904497,84.2955494715878,18.7089083707488,7.97782406216087,51.2809410069851,13.2229048825795,71.501509286504,0.448421142837516,1.13835236744711,100.0806,0,-0.291989312968147,1,0
187,2015,51,93.2512531365705,76.8791910036871,11.4777412729103,4.89432085997308,36.3051234674456,10.808323857686,71.501509286504,0.552711894452676,1.73757857781411,88.4237,-0.003,0.3917616366381,1,0
187,2016,51,132.541985429392,87.3314354483386,31.6951518554447,13.5153981256091,78.246812809252,28.0209779559842,71.501509286504,0.513273584640056,1.2790924298739,125.3107,-0.006,0.32717022046024,1,0
187,2017,51,146.212823561714,99.3192735785849,32.8750300179721,14.0185199651572,75.6240698343763,13.1133963143781,71.501509286504,0.69542516151848,1.43129822701113,137.2344,-0.007,-0.0703713244554607,1,0
187,2018,51,163.167232914182,127.342808296122,25.1149472607431,10.7094773573173,57.3760523493889,19.3223774015842,71.501509286504,0.712316295537155,3.15776599156406,162.15,-0.006,0.36730304762448,1,0
187,2019,51,170.173535458225,122.917227907182,33.1293435843087,14.1269639667338,64.9297315308633,32.2446388514507,71.501509286504,0.692247537335043,1.78964703810617,166.6796,-0.006,-0.153561489516383,1,0
187,2020,51,162.50216730085,128.411520738257,23.8994708116684,10.1911757509243,57.693934331342,21.1957863670988,71.501509286504,0.840348256991807,3.23173269908177,154.0009,-0.007,0.185716663864242,1,0
187,2021,51,158.993770965939,112.187979176058,32.8135065624347,13.9922852274458,79.5208335724106,10.1028208141758,71.501509286504,0.665224789599311,1.43244817081521,139.1775,-0.006,0.0843606101452702,1,0
188,2010,73,150.208983424968,91.3201565089838,41.8896277181142,16.9991991978698,84.277522166464,-1.37823167411624,71.781682509696,1.05264370061441,0,175.4667,0.008,-0.203193695036425,1,1
188,2011,73,172.657882522756,100.917324361164,51.0315017476281,20.7090564139639,92.9250129855399,-1.57232044337297,71.781682509696,11.879963067467,0,200.6091,0.003,-0.278876346535885,1,1
188,2012,73,167.203977934083,97.0585358437188,49.8968413733225,20.2486007170418,112.006405030336,-13.0006492988763,71.781682509696,4.82952653941805,0,174.3202,1e-04,0.232053329115077,1,1
188,2013,73,166.802683177192,103.1427777813,45.2834582935203,18.376447102372,112.363886375575,-6.8580755545586,71.781682509696,2.12577654684747,0,189.79,0.002,-0.178435405726484,1,1
188,2014,73,158.039356985288,101.80815774768,39.9991666596973,16.2320325779109,95.2579871726815,4.72241008203173,71.781682509696,14.1830275062065,0,181.6712,0,-0.24447776792221,1,1
188,2015,73,203.454198323291,125.841431337642,55.2086038297213,22.4041631559279,117.487482180811,1.11814199637593,71.781682509696,12.5164810129576,0,209.1374,-0.003,-0.307325556725595,1,1
188,2016,73,217.284685790877,114.676005639535,72.9890479618313,29.61963218951,138.988021325398,-11.7495105268316,71.781682509696,5.05455767561444,0,238.484,-0.006,0.364421263130353,1,1
188,2017,73,205.712102940619,113.307169418428,65.7307755524515,26.6741579697404,149.671823321762,1.47896264510027,71.781682509696,2.52530591469734,0,213.5856,-0.007,0.0404332852852876,1,1
188,2018,73,267.10490013885,145.520355291418,86.4872266381123,35.0973182093195,200.492413136337,-2.72729529420589,71.781682509696,3.69796849058729,2.80974327132354,300.6359,-0.006,0.29622169152352,1,1
188,2019,73,245.21105741818,133.097695688207,79.7500515979906,32.3633101319829,181.259800892786,-36.5202607680594,71.781682509696,3.61607673001692,0,280.4314,-0.006,-0.0645879173478581,1,1
188,2020,73,182.302775759915,117.888800237384,45.8198540502786,18.5941214722515,112.542719918794,0.338203502736265,71.781682509696,5.64518163840983,0,189.6599,-0.007,0.17832767813657,1,1
188,2021,73,306.698667616243,155.623613213234,107.464830220929,43.6102241820799,182.952758542771,19.6574845312951,71.781682509696,5.73245526311028,3.31721103000599,340.5162,-0.006,-0.225866656219585,1,1
189,2010,36,100.010626824901,93.5261753926783,3.24681315031374,3.23763828190886,25.0870066700279,6.24755791391752,7.48711775362469,8.96534690370085,0,56.7311,0.008,-0.166389978218371,1,0
189,2011,36,98.7109075590218,92.7804230271543,2.96943779548053,2.96104673638698,19.0445484367574,15.2733072217446,7.48711775362469,6.88649600720868,0.164802379536596,54.8482,0.003,0.0854505715404659,1,0
189,2012,36,126.272784386131,104.768057975689,10.7675767538887,10.7371496565527,50.3957935922045,17.3065595276449,7.48711775362469,8.1351972356398,1.39821417081222,67.1112,1e-04,0.189801466026594,1,0
189,2013,36,112.828265653819,97.5743488877854,7.63774978769075,7.61616697834286,28.0835619549411,20.4983146593936,7.48711775362469,6.33395239918022,0.782519086001817,65.2571,0.002,0.0563541388797758,1,0
189,2014,36,120.446404930252,107.645711827473,6.40940241956394,6.3912906832148,39.5895916671183,0.632143675616726,7.48711775362469,9.9093442483065,0,68.0104,0,0.300756382746719,1,0
189,2015,36,111.631158022305,98.0234152329693,6.81349821126774,6.79424457806769,32.067088905903,10.1658008734381,7.48711775362469,9.60029088119494,1.56848721807059,61.6585,-0.003,0.0721794889960311,1,0
189,2016,36,123.320952972357,106.25587809195,8.54461015120915,8.52046472919719,36.4961232894869,16.7995383170419,7.48711775362469,10.4879949255881,1.60971003585556,63.5628,-0.006,0.716246267326778,1,0
189,2017,36,141.720232815603,127.204988560956,7.26789095709963,7.24735329754693,34.1448056456836,7.10366524991561,7.48711775362469,8.37782318537911,0.608966768873549,78.9587,-0.007,-0.271584666462867,1,0
189,2018,36,155.747197766277,148.074068731249,3.8419928833429,3.83113615168474,40.5412530331372,12.3469961219595,7.48711775362469,15.2182508332612,2.65585925608171,91.5756,-0.006,0.47220955470039,1,0
189,2019,36,150.337488371968,142.205432536605,4.07178095191493,4.06027488344786,40.0288178044497,14.8620367999954,7.48711775362469,8.53018366325668,0.240841088013187,89.4029,-0.006,0.32760381098102,1,0
189,2020,36,135.125723791633,127.939002975153,3.59844466389694,3.58827615258292,29.6018781570005,7.63265266598324,7.48711775362469,10.3178040001062,1.28935482049875,75.6816,-0.007,0.456275457974521,1,0
189,2021,36,134.119997712239,123.473229030559,5.33091641218119,5.31585226949887,40.7587464748524,15.3599868917044,7.48711775362469,14.4439499855016,0.777093044735603,77.6806,-0.006,-0.115764788294332,1,0
190,2010,38,312.436000717333,100.653764454794,158.42128411367,53.3609521488692,296.093222912074,18.3913962915895,60.1285024889512,1.02075292710289,0.195703546252581,313.7582,0.008,-0.00926368049645741,0,0
190,2011,38,202.575798026567,89.5213014716543,84.5691255089546,28.4853710459581,148.752124997902,-11.631819517873,60.1285024889512,0.965985760891121,0,215.454,0.003,0.0730503331784098,0,0
190,2012,38,220.951493061603,96.9814496907134,92.7343756919127,31.2356676789771,154.719122147936,7.59100953173748,60.1285024889512,1.31447160634326,0,242.0027,1e-04,0.423822318923208,0,0
190,2013,38,260.848923590331,90.0466823066213,127.766666700574,43.035574583135,248.150178291494,17.2460008478146,60.1285024889512,1.37080802528882,1.20278923521698,270.0703,0.002,-0.0653010144714342,0,0
190,2014,38,203.031773111949,102.704222189344,75.0488791205106,25.2786718020945,159.814261837437,-6.16412208276945,60.1285024889512,1.85096915374111,0,227.4702,0,-0.043116030191208,0,0
190,2015,38,246.686697076681,97.45142976842,111.633738028497,37.6015292797642,187.862535275325,12.4269539579566,60.1285024889512,1.63817362776361,0,245.4561,-0.003,0.0947074521806132,0,0
190,2016,38,292.725594783433,116.609583683397,131.741571549267,44.374439550769,225.664316818524,23.795231139681,60.1285024889512,1.42462139716365,0.00355385319488837,347.1586,-0.006,0.227213062718412,0,0
190,2017,38,238.396161979748,109.280118378075,96.58378241741,32.5322611842627,193.405058204134,-9.08949466630525,60.1285024889512,1.5452788982773,0,253.2394,-0.007,-0.677118625952796,0,0
190,2018,38,301.662726795917,131.653626112071,127.173366929402,42.8357337544446,221.354418508116,9.56301615901545,60.1285024889512,1.95030834063636,0,347.3707,-0.006,-0.23122243238795,0,0
190,2019,38,403.345602459441,157.432119357533,183.952773666885,61.9607094350234,330.3880607704,9.6817758730147,60.1285024889512,2.50822882382263,1.0503316947428,438.4268,-0.006,0.0645923874978793,0,0
190,2020,38,276.811137086182,113.590935431315,122.095008513374,41.1251931414925,235.647551738318,14.7433898245595,60.1285024889512,1.25546069675009,0,301.919,-0.007,0.361712983498733,0,0
190,2021,38,395.868489460082,172.816856211453,166.851227876799,56.200405371829,281.95864879729,16.7559906714088,60.1285024889512,2.64668899231089,0.802106797993082,460.7608,-0.006,-0.209562078572412,0,0
191,2010,36,180.13502190898,172.394129470666,6.27539731313196,1.46549512518259,52.8047085174109,36.7892744823448,39.6723170627356,1.57718997337469,1.34383381286913,226.2089,0.008,-0.222774647632394,0,0
191,2011,36,174.815326494957,165.783870995478,7.32163274799876,1.70982275147998,26.6786750833361,28.6692582722504,39.6723170627356,1.43815010025125,0,232.2319,0.003,0.313733123782591,0,0
191,2012,36,178.535029835476,167.197905422759,9.19079558915848,2.14632882355925,59.3264297877202,29.2473018104226,39.6723170627356,1.35514519982194,0.442199854688541,234.7508,1e-04,0.387802057701892,0,0
191,2013,36,209.710046522358,191.256656953583,14.9598191992551,3.49357036951969,44.1715113773588,20.2981224516705,39.6723170627356,1.82577599035236,1.19865352078869,283.0816,0.002,0.166264405497379,0,0
191,2014,36,249.917071431453,229.711706465409,16.3801130204532,3.82525194559091,89.8407328851216,15.3836408859629,39.6723170627356,3.15890461072338,0,304.0859,0,0.0723470182385589,0,0
191,2015,36,226.288990658129,218.513143132716,6.3037347511483,1.47211277426533,39.8238671694095,40.2787076169608,39.6723170627356,2.22013682512854,0,278.2305,-0.003,0.117687861464793,0,0
191,2016,36,212.619516609684,189.276157260696,18.9240266164981,4.41933273248994,76.1455902522375,28.5555789688146,39.6723170627356,2.10645995211279,0.195833343083906,263.9617,-0.006,0.0946569330970041,0,0
191,2017,36,192.083129881663,190.229915289813,1.50236655050145,0.350848041348703,43.7029423091491,24.4813172127384,39.6723170627356,1.90342981171718,0,224.6934,-0.007,-0.0969929721582142,0,0
191,2018,36,231.44452734268,223.468858644837,6.46572605364503,1.5099426441979,34.1753169384169,26.9385996082194,39.6723170627356,2.54105503002374,0.651261057144256,295.1943,-0.006,0.294093523155226,0,0
191,2019,36,236.330823998581,214.862177607246,17.4042317412817,4.06441465005294,55.9186256816008,NA,39.6723170627356,2.15457773641715,1.87123044694173,308.4858,-0.006,0.421881564176225,0,0
191,2020,36,260.266337508621,244.098815349442,13.106709068264,3.06081309091502,79.9246466988337,56.5127632317126,39.6723170627356,2.3339499216308,1.48626818174469,315.7077,-0.007,0.446508253984988,0,0
191,2021,36,290.042678589096,278.522494415311,9.33919872767224,2.18098544611263,84.7978951739069,41.9492270842294,39.6723170627356,3.68150009770961,0.512700826424448,377.4611,-0.006,0.0511035050878532,0,0
192,2010,73,460.74417353892,311.415765595023,112.214744439839,37.1136635040574,235.198378302683,21.7359150014467,45.6264516797136,3.23741717723747,1.02404567086939,403.5113,0.008,0.00665089271561946,0,1
192,2011,73,423.885509176295,326.691508318635,73.0376766048798,24.1563242527807,214.903318227538,104.474056783806,45.6264516797136,3.39821173526806,2.00447458424252,364.8894,0.003,0.59898976962334,0,1
192,2012,73,554.018487389858,413.450985022157,105.63124975299,34.9362526147114,276.018525431455,100.802781205066,45.6264516797136,4.86341014855296,0,464.6085,1e-04,0.108300266865181,0,1
192,2013,73,638.16781831619,433.258136548196,153.982004425327,50.9276773426663,393.973234043233,133.662217562487,45.6264516797136,4.51072301538548,0,546.4668,0.002,-0.0245592827506555,0,1
192,2014,73,647.09332342773,458.803349325351,141.492912269048,46.7970618333306,266.301931457088,84.5044210710621,45.6264516797136,4.91420499289177,1.41798385635726,562.6289,0,0.384863086496345,0,1
192,2015,73,622.868366132196,430.31162041773,144.699232436965,47.8575132775005,269.992720392189,63.2644245072375,45.6264516797136,3.69186242876233,0.687538627568747,557.0276,-0.003,0.348558152899885,0,1
192,2016,73,783.912761243175,476.568477652517,230.957797736172,76.3864858544852,498.122564801403,4.54774096127427,45.6264516797136,5.08596555392141,1.57738322313981,658.415,-0.006,0.44825424860566,0,1
192,2017,73,697.568748008452,484.654306072415,159.997283962069,52.9171579739675,412.908150847957,38.7465294520215,45.6264516797136,5.22541807910764,1.77613051607507,595.3772,-0.007,-0.245710627715986,0,1
192,2018,73,654.770587835621,501.011017723757,115.544597996148,38.2149721157158,334.382638425758,25.6198985265121,45.6264516797136,4.67597692210125,0.910885905611611,589.7975,-0.006,0.389089555324454,0,1
192,2019,73,854.229514890077,535.908370360239,239.206500457924,79.114644071913,476.410371820847,14.0025064235839,45.6264516797136,6.01083420636469,0,763.4644,-0.006,0.0551832436081677,0,1
192,2020,73,564.939725777324,413.640347264971,113.695855513634,37.6035229987196,229.860697816183,15.9617053156621,45.6264516797136,3.97136656341244,1.13006654634628,477.6319,-0.007,0.603524920857849,0,1
192,2021,73,637.743971226716,422.856998910779,161.479567176148,53.4074051397892,287.731057725533,31.5244033250187,45.6264516797136,4.93831429823239,0,494.1064,-0.006,0.0432454026764583,0,1
193,2010,28,2.27417722567217,1.48857581037063,0.428123223904396,0.357478191397141,1.36767054747384,0.269077511878275,73.9082592634078,0.0208602369230591,0.0524211566063842,1.6536,0.008,-0.158167147545771,0,0
193,2011,28,2.70020375103552,1.37843773515516,0.72031276541014,0.601453250470222,1.92216868059148,0.123554087245846,73.9082592634078,0.019002669250831,0.0439605638918126,1.7537,0.003,0.420158822542512,0,0
193,2012,28,4.11645249621086,1.82670441368337,1.24782658473739,1.0419214977901,3.43845884667422,-0.0431386413643197,73.9082592634078,0.0397345809570394,0,2.9173,1e-04,0.224955102301526,0,0
193,2013,28,3.02349318261071,1.73008144262942,0.704860751484319,0.588550988496974,1.62549077386149,0.283823931529952,73.9082592634078,0.0293774922979786,0.0876666074910708,2.2702,0.002,0.520688008991974,0,0
193,2014,28,3.23987004949762,1.84678659837382,0.759178085281406,0.633905365842394,1.99234651217793,0.134646959762783,73.9082592634078,0.0350113141102022,0.0577204244024327,2.3199,0,0.287501989503264,0,0
193,2015,28,3.40064605332959,1.7722764691084,0.887400178418784,0.740969405802397,2.2410555958911,0.170314490034002,73.9082592634078,0.0219039040565389,0.0310184531095382,2.3776,-0.003,0.0325093613175385,0,0
193,2016,28,3.15899349068809,1.87493471357839,0.699763738495735,0.584295038613971,1.69273062765063,0.339698465974102,73.9082592634078,0.0338626521568289,0.0871791839702944,2.2425,-0.006,0.283593868910813,0,0
193,2017,28,4.4810547296527,2.04884260533695,1.32546412926426,1.1067479950515,3.09117210753993,0.443208050534833,73.9082592634078,0.0328913180908772,0.0887147060355295,3.3546,-0.007,0.316206702422714,0,0
193,2018,28,3.94809735853428,2.3183973042845,0.88812523454376,0.741574819706026,2.78840640541679,0.370723710693406,73.9082592634078,0.0272126627276067,0.061975767513845,3.0193,-0.006,0.511035508255552,0,0
193,2019,28,5.12742814104115,2.43729209953758,1.46602296329604,1.22411307820754,3.40843513701524,0.0296658871064799,73.9082592634078,0.0392148753557624,0.112384183347897,3.7574,-0.006,0.0858929959014055,0,0
193,2020,28,3.32789602288449,1.97957067723514,0.734786601205197,0.613538744444153,2.26093213489661,0.212085344338185,73.9082592634078,0.0333914511569652,0.0870345621612803,2.3529,-0.007,-0.0151010681331026,0,0
193,2021,28,4.1822694451924,2.73347746567447,0.789537137989978,0.65925484152796,2.21139781969335,0.495297719610016,73.9082592634078,0.0298236786830295,0.0398410817433096,3.0318,-0.006,-0.104057905636021,0,0
194,2010,73,570.071386545328,489.882588184729,41.2671163968754,38.9216819637235,140.560062386266,31.9210150857436,17.2551454953165,49.0222849793164,8.89759766973162,538.9967,0.008,-0.0364776791602694,1,0
194,2011,73,493.276449354449,441.581709822608,26.6033769925502,25.09136253929,125.078808389424,31.4082382670984,17.2551454953165,48.2400594873729,23.3854585455985,516.4273,0.003,0.387395240225836,1,0
194,2012,73,472.908395663472,413.200575042144,30.7271044554621,28.9807161658662,136.498729127929,57.6678161989292,17.2551454953165,44.4085612886309,12.1161635980034,459.191,1e-04,0.388994335179861,1,0
194,2013,73,590.330904184823,480.58543156692,56.4777036835907,53.2677689343123,236.84876419463,64.3580040976523,17.2551454953165,97.2490328787185,25.2300720384518,647.3697,0.002,0.119784327010459,1,0
194,2014,73,552.291463542547,475.912710099492,39.3063741198489,37.0723793232068,196.520097742022,59.834081510117,17.2551454953165,42.0607384735554,13.2580243868354,528.4804,0,0.140519571796915,1,0
194,2015,73,655.32520188537,521.947705257921,68.6393210844432,64.7381755430064,225.96493061525,-6.86406823555906,17.2551454953165,45.3581066782249,0,683.7298,-0.003,-0.0201493221655197,1,0
194,2016,73,907.062369360664,763.414328457386,73.9247943020856,69.7232466011924,404.102217224705,-0.579027260951046,17.2551454953165,83.8372114586466,0,896.3896,-0.006,0.164245109462981,1,0
194,2017,73,749.33127481237,602.109816220823,75.7637624209661,71.4576961705816,288.134479385197,7.54440136213527,17.2551454953165,60.6974231573725,10.6066579483649,773.8205,-0.007,0.196643538117242,1,0
194,2018,73,791.030562967266,577.923455693675,109.670128255492,103.436979018099,439.109993367272,12.4316551603869,17.2551454953165,53.9822621366198,17.6542705213441,814.5482,-0.006,0.142911368982862,1,0
194,2019,73,665.093127010165,607.41643569284,29.6818356508529,27.9948556664715,237.540782412184,77.1986621452887,17.2551454953165,50.0467918305385,27.132502782607,689.6897,-0.006,-0.00127679245577129,1,0
194,2020,73,767.554615638197,653.738216860396,58.5727018269494,55.2436969508522,247.713176833466,84.4535190870143,17.2551454953165,38.4018631835327,16.0767600762368,762.5529,-0.007,0.289811904445875,1,0
194,2021,73,684.95369391427,565.008105417433,61.7269327260905,58.2186557707473,219.965455893143,35.4798885871083,17.2551454953165,94.6163143740579,13.5880109518467,685.8327,-0.006,0.112706219518476,1,0
195,2010,28,55.110408135745,34.1730113635217,12.5071686693112,8.43022810291211,35.227431917344,-2.75254653924522,37.433013387333,0.466945703046853,0,26.5853,0.008,0.0164310316353514,0,0
195,2011,28,53.6034148276617,36.8746818552326,9.99308018977857,6.73565278265056,26.8025106104897,NA,37.433013387333,0.576571618500583,0.408934328886012,25.7834,0.003,0.458470063370988,0,0
195,2012,28,58.9932131992333,40.3013591593948,11.1657706906789,7.5260833491596,27.7532060021927,5.35651674167767,37.433013387333,0.740565410779065,0.468051667622389,27.688,1e-04,0.58212484535578,0,0
195,2013,28,63.6655427416672,48.7971303728047,8.88179860014606,5.98661376871642,32.7222656180477,8.5549558671022,37.433013387333,0.703291496266025,0.220028321902881,30.963,0.002,0.581425611841307,0,0
195,2014,28,59.0807823493274,39.5838936876732,11.646666377436,7.85022228421821,30.7186672027659,6.54305044406016,37.433013387333,0.597194819653441,0.482538033222474,27.054,0,-0.0714721032621635,0,0
195,2015,28,71.7844125422006,45.3905671126521,15.7666342291911,10.6272112003574,39.3871980246741,6.75001637666622,37.433013387333,0.631138352287657,0.247284849501858,34.7303,-0.003,0.340089588052521,0,0
195,2016,28,101.004417864468,58.0563983077427,25.6554399027038,17.2925796540216,61.597002072577,6.81615257905901,37.433013387333,1.00072783842016,0.467663323381443,49.9629,-0.006,-0.0435078646075194,0,0
195,2017,28,72.023749927167,51.3675822183705,12.3391736043441,8.31699410445244,30.951958164742,3.996658399442,37.433013387333,0.73556118332672,0.306189562411006,36.008,-0.007,0.0420505826411334,0,0
195,2018,28,79.0150088824496,51.5567938251116,16.402446341178,11.05576871616,35.7598074486222,2.15669189999546,37.433013387333,0.571640466938641,0.368372113470405,37.5589,-0.006,0.479529273253,0,0
195,2019,28,85.4715972927562,54.6597282711318,18.4057859275721,12.4060830940523,44.7302172462483,11.6149906483484,37.433013387333,0.795649043013783,0.749068291374666,39.9297,-0.006,0.402353719564455,0,0
195,2020,28,81.8545077607895,56.0505949477609,15.4142319311112,10.3896808819174,48.0587455492532,5.21076061962227,37.433013387333,0.801489970882174,0.682226581662044,40.7138,-0.007,0.451325902823132,0,0
195,2021,28,100.661489373708,60.6860625693182,23.8797311389495,16.0956956654399,65.2437173276296,15.1794769643213,37.433013387333,0.893070317571697,0.595736918773834,43.7223,-0.006,0.29600221869892,0,0
196,2010,73,328.433783475595,232.927744367506,45.0855614541161,50.420477653972,181.248773289693,23.237565142499,34.3615405555803,27.3150145931407,13.1829156458122,177.8171,0.008,-0.241979246126638,0,0
196,2011,73,350.241737858391,206.032222293987,68.0770246255208,76.1324909388836,182.316233192753,40.964758874609,34.3615405555803,59.9601237205086,33.5115465067732,186.5157,0.003,0.390787959891432,0,0
196,2012,73,365.21575811538,245.405385895225,56.5589144939721,63.2514577261826,193.091857814273,28.6201451683683,34.3615405555803,57.6163936169234,49.1716096490636,193.2064,1e-04,0.155126137125868,0,0
196,2013,73,442.312556574184,288.042383064732,72.8263621154461,81.4438113940066,246.041761524318,6.02570227037689,34.3615405555803,51.259636586013,47.2148650398204,246.4862,0.002,0.0458423303624985,0,0
196,2014,73,434.68499725783,306.12573512164,60.6890052992067,67.870256836983,223.437641884325,10.24018502192,34.3615405555803,76.8995561049121,132.333958006756,255.0396,0,0.192342951535876,0,0
196,2015,73,447.093684891604,324.571156884145,57.8392426026819,64.6832854047767,251.77620881807,55.5533699722659,34.3615405555803,27.3354489680068,16.7828937555323,249.8758,-0.003,-0.220686350776907,0,0
196,2016,73,368.484974332257,246.746455303705,57.469135274086,64.269383754466,180.305646325098,29.5830059058228,34.3615405555803,16.9971670112905,15.5290825085056,206.7547,-0.006,0.418131826161593,0,0
196,2017,73,561.880067338552,373.11419708477,89.1107549139883,99.6551153397943,322.444723233378,41.1711955545544,34.3615405555803,15.6715411150365,12.2047694336913,315.4707,-0.007,-0.161973653280058,0,0
196,2018,73,500.915341937924,324.651195494868,83.2090628072408,93.0550836358148,262.668263151801,18.9875455970867,34.3615405555803,94.4350065397393,52.577442498711,274.3924,-0.006,0.724864172077455,0,0
196,2019,73,522.725207548652,375.005776429284,69.733951401355,77.9854797180128,230.949215072153,47.4761983353242,34.3615405555803,58.03275483512,25.5125492589006,291.3061,-0.006,-0.0266645470792837,0,0
196,2020,73,473.23001852761,342.43858790191,61.7427456757276,69.0486849499728,256.020313727058,31.0347728174938,34.3615405555803,18.9583116562059,15.2033356775742,253.2702,-0.007,0.0398353606210017,0,0
196,2021,73,561.582466620133,398.015737271197,77.214989719804,86.3517396291319,294.769620551685,100.190180092398,34.3615405555803,24.0180641689,18.0617600533885,306.0089,-0.006,-0.132393700595996,0,0
197,2010,50,320.809948107102,304.468445731405,9.81353899342367,6.52796338227344,87.1913695705223,34.3125664391156,58.1362536163264,4.00357283434263,5.6842237667321,394.5064,0.008,-0.381300861588428,0,1
197,2011,50,274.151937861749,266.478976537132,4.6078324638102,3.06512886080762,88.9174930627631,29.1218329812563,58.1362536163264,2.49125579500952,2.67888475808701,323.6493,0.003,0.0255355945564793,0,1
197,2012,50,298.133452465577,292.119281099596,3.61168170810045,2.40248965788042,40.5788638661009,21.6106677203983,58.1362536163264,3.38244293004602,3.77554709418202,376.1307,1e-04,0.336499175155316,0,1
197,2013,50,281.040828334097,273.427328354075,4.57212422778802,3.04137575223439,84.1306111169676,39.4563146208617,58.1362536163264,2.68622541933816,2.7899638768112,306.32,0.002,-0.516733692662468,0,1
197,2014,50,302.837789248123,267.623246464183,21.1473388921528,14.0672038917877,89.1913428736078,-2.87703668664091,58.1362536163264,4.08454175774969,0,338.7311,0,-0.0730583569273844,0,1
197,2015,50,333.20092584439,325.860058402108,4.40840060076263,2.93246684151921,67.6912975543165,-3.9031284776553,58.1362536163264,5.37301718171924,0,412.6872,-0.003,0.0280164666891233,0,1
197,2016,50,319.814275799168,316.536894341224,1.96816118826932,1.30922026967476,44.8312454904473,41.6085557228185,58.1362536163264,3.07683145345948,3.8200893765598,367.9338,-0.006,-0.022236141652249,0,1
197,2017,50,355.820720821176,335.069523830226,12.4616865786929,8.28951041225699,120.695723290308,-4.83428042792963,58.1362536163264,4.39050468281247,0,394.4496,-0.007,-0.0403255135528958,0,1
197,2018,50,410.443122867208,371.557253519484,23.3520753700459,15.5337939776776,99.3138552649185,38.9779389897197,58.1362536163264,4.45122955243679,1.30799269280735,482.9434,-0.006,0.170674716660554,0,1
197,2019,50,334.928194593641,324.165868028391,6.46308454264925,4.29924202260011,45.6960583116205,24.2473121350287,58.1362536163264,6.33190759700082,7.79467858495181,416.2959,-0.006,0.11307752855136,0,1
197,2020,50,465.549268535399,450.500469118114,9.0372339391128,6.01156547817267,109.314978680593,43.7425468146617,58.1362536163264,4.29543956258688,4.09355365975804,493.3006,-0.007,0.544342002872401,0,1
197,2021,50,415.711774453982,400.923338201828,8.88087842083047,5.90755783132403,107.679030961125,40.5280905708108,58.1362536163264,3.37225146099782,5.05795645629152,504.5865,-0.006,0.0410370874021571,0,1
198,2010,20,1395.00972174709,1000.26547812962,212.789394512258,181.954849105208,711.503594707708,117.719282819546,32.5990946789022,23.3464522124161,1.51211288516804,690.5112,0.008,0.12696505666538,0,0
198,2011,20,1433.85685564628,934.820287442838,269.008835225451,230.027732977994,867.760750118948,-119.939320384303,32.5990946789022,22.2743166569955,0,665.9845,0.003,0.0653694924492103,0,0
198,2012,20,1191.35889466748,955.845710562635,126.954879407664,108.558304697186,482.550717363906,22.967919751746,32.5990946789022,26.5015209014737,0,601.4996,1e-04,0.251520170922034,0,0
198,2013,20,1360.80829575624,958.359997602786,216.94231409629,185.505984057167,578.048857882844,88.8921596080822,32.5990946789022,25.2047928826295,7.83849455395201,643.9684,0.002,0.53383347406002,0,0
198,2014,20,1894.66601140589,1416.68042057694,257.661172018609,220.324418810339,944.799673387242,-105.761532427411,32.5990946789022,30.4438846406261,0,911.3626,0,0.0269312492352978,0,0
198,2015,20,1499.3643992646,1144.73002041474,191.16791686979,163.466461980068,718.690937559432,29.5804785525402,32.5990946789022,24.6524992117869,9.35889490355829,646.7655,-0.003,0.129704815926145,0,0
198,2016,20,1754.70631725434,1258.72432470159,267.362246798358,228.619745754397,693.198025204455,3.1525711411806,32.5990946789022,29.3307713827125,9.17743695627745,841.2546,-0.006,0.200380842709083,0,0
198,2017,20,2066.21142358482,1340.05190323619,391.440906745781,334.718613602857,1173.01372202198,207.135150140771,32.5990946789022,28.470059672069,0,1055.0258,-0.007,-0.0549965976865751,0,0
198,2018,20,1788.19524015743,1341.58147031958,240.749992434921,205.863777402931,870.487393999975,49.5582475699863,32.5990946789022,29.6417051524988,0,845.0089,-0.006,0.299927875813412,0,0
198,2019,20,2421.48093441322,1676.43863492633,401.619788906838,343.422510580054,1222.79409736728,-70.8239775840661,32.5990946789022,49.8344603201031,0,1059.1379,-0.006,-0.0160690734735839,0,0
198,2020,20,2055.51660404256,1526.02628507863,285.425123213761,244.065195750174,895.107038832187,-49.2847252325045,32.5990946789022,42.3947895492783,0,880.8813,-0.007,0.0424568992677144,0,0
198,2021,20,2479.01917660573,1711.67013768676,413.644378635613,353.704660283361,1224.65544124548,51.003962246584,32.5990946789022,40.2574048593047,0,1249.4965,-0.006,0.331925533750472,0,0
199,2010,51,213.130044936298,187.102890428822,21.4069950910418,4.62015941643427,63.7841068608064,15.2105605290936,6.288153215066,18.9229465490194,0.840127025090026,224.3664,0.008,-0.12324332647246,1,0
199,2011,51,252.322635612306,216.474336797362,29.4847581795111,6.36354063543284,92.9360030746402,-15.6971539524769,6.288153215066,23.378785019583,0,248.2228,0.003,0.192961826124114,1,0
199,2012,51,238.34022501459,192.70902805465,37.5310642982208,8.1001326617199,84.7369344461366,10.788360280931,6.288153215066,85.7598168758328,3.65270511976558,255.5053,1e-04,0.450451437320138,1,0
199,2013,51,318.03607869027,247.68567844413,57.862286570334,12.4881136758058,121.50633383527,-37.673336264787,6.288153215066,29.9143897662829,0,333.9627,0.002,0.0669536820503362,1,0
199,2014,51,285.902812306822,211.991186580657,60.7913480759656,13.1202776501986,141.459731251982,-15.2360943478888,6.288153215066,18.224751536745,0,320.1905,0,-0.167385803989022,1,0
199,2015,51,334.288557231354,263.131387299922,58.5258441131954,12.6313258182368,125.636514714107,14.6067907336384,6.288153215066,25.0261049214768,0.0456017595991954,410.9763,-0.003,0.370248002365798,1,0
199,2016,51,268.41859666663,220.684090303609,39.2610088472396,8.47349751578124,87.8631602513907,-10.8730169740442,6.288153215066,18.0089843339424,0,289.4187,-0.006,0.357572315570185,1,0
199,2017,51,311.01886909826,264.990623749101,37.8576314193583,8.17061392980095,87.4803958719788,-12.3703197437275,6.288153215066,28.9997974364586,0,352.8011,-0.007,-0.165050711154505,1,0
199,2018,51,338.896283287258,271.113831396994,55.7501825432694,12.0322693469951,120.741387250463,-24.4227157401857,6.288153215066,26.3780629533472,0,339.5459,-0.006,-0.101488856574004,1,0
199,2019,51,272.055808862119,237.465850673382,28.4497894279207,6.14016876081713,107.974926603078,2.20237545434807,6.288153215066,20.6536383345749,0.248944543875763,297.0432,-0.006,0.104465340814676,1,0
199,2020,51,377.81721967521,295.956174449243,67.3296419244161,14.5314033015505,165.950121169138,22.2908039073309,6.288153215066,34.7924343245726,0,385.7947,-0.007,0.00360139698413997,1,0
199,2021,51,380.185308695457,297.284797674757,68.1845889820663,14.7159220386341,164.932136657212,-6.21787972512151,6.288153215066,25.3688593943204,0,402.3672,-0.006,-0.102286244639453,1,0
200,2010,50,192.300418574932,131.726888904963,35.9125214866217,24.6610081833478,118.090611785183,6.55394581613113,53.8649927003117,5.28825286583528,2.63503928172051,236.8698,0.008,0.291371320767633,0,0
200,2011,50,172.81916989227,128.215419157011,26.4444414151097,18.1593093201496,75.4901490092186,-4.99136560520879,53.8649927003117,3.43206301260603,0,203.6467,0.003,0.29710353110991,0,0
200,2012,50,213.944973555381,136.868633589375,45.6966224392177,31.3797175267882,133.88034490931,-8.92276358032746,53.8649927003117,4.34162847838403,0,302.7172,1e-04,0.248776508944072,0,0
200,2013,50,223.6005160581,162.569847435753,36.1835476681744,24.8471209541724,90.3387554537084,-16.3321901827715,53.8649927003117,8.82017491109841,0,294.5828,0.002,0.0320803991109489,0,0
200,2014,50,284.849259893209,187.463968154952,57.7372888964228,39.6480028418339,182.618210336757,-24.5972786832689,53.8649927003117,4.21756049411827,0,326.4192,0,0.20336897206493,0,0
200,2015,50,257.242099632258,191.033661387232,39.2533169855705,26.9551212594558,100.949307235499,-4.80691449242187,53.8649927003117,35.4652719346096,0,324.0193,-0.003,0.100736609492747,0,0
200,2016,50,246.730063703489,171.949710343642,44.3353897559658,30.4449636038808,125.909911505558,9.03672688806642,53.8649927003117,2.87536579622185,0,322.2507,-0.006,0.171036309540164,0,0
200,2017,50,282.234779058116,195.720788150951,51.2919681959245,35.2220227112407,170.359542768761,-14.0702179791867,53.8649927003117,6.51161301964677,0,348.7981,-0.007,-0.4634894217721,0,0
200,2018,50,280.661231199203,183.535599478738,57.5833430058837,39.5422887145819,156.964828695378,9.36975770587721,53.8649927003117,2.90207789933715,1.14246261343067,324.6516,-0.006,0.0958284112246308,0,0
200,2019,50,260.001262749242,185.059424343267,44.4311301762526,30.5107082297225,125.432958337591,2.32377189663722,53.8649927003117,2.90638688165883,0,359.9217,-0.006,-0.0603163907667715,0,0
200,2020,50,308.258193666811,197.988777785419,65.3759618885306,44.8934539928611,154.488207881257,-13.2283161557827,53.8649927003117,4.4224863143437,0,383.6607,-0.007,0.364738563140043,0,0
200,2021,50,259.116395375906,208.783535205243,29.8410862337154,20.4917739369481,96.1477890694076,-23.4345028206957,53.8649927003117,6.46990350544303,0,337.6881,-0.006,-0.389944440016751,0,0
201,2010,28,109.381650877982,36.9107334051022,48.3965451254163,24.0743723474638,100.983100686152,NA,32.8199476625054,0.455550646781058,0.653077750337199,144.9326,0.008,0.317512099455383,0,0
201,2011,28,153.009556006806,39.354293614982,75.8997157328021,37.7555466590223,139.063514984201,20.3924902920553,32.8199476625054,0.539493352225937,0.629054440595699,201.4755,0.003,0.298450943267754,0,0
201,2012,28,82.6054759754701,29.4758323212307,35.4803179850995,17.64932566914,71.1099699745903,8.40020763693284,32.8199476625054,0.381055376385371,0.556479052934587,115.1071,1e-04,0.443597224082817,0,0
201,2013,28,87.6777657053275,35.927142419628,34.5593993073431,17.1912239783563,70.7157958337967,6.07100618109137,32.8199476625054,0.474313034213197,0.607549355752871,112.0839,0.002,0.603784387525376,0,0
201,2014,28,80.3811328929642,38.6126870729679,27.8932369484961,13.8752088715001,65.2551528420757,10.2176237777535,32.8199476625054,0.467498938303059,0.549641538421848,105.0186,0,0.0984267308810157,0,0
201,2015,28,199.208859959333,46.0909512040963,102.253124963614,50.8647837916225,185.004310064355,26.4953258363044,32.8199476625054,0.625006351028694,0.890490894648585,283.969,-0.003,0.293760999556193,0,0
201,2016,28,99.9929656832975,42.0966687088888,38.6635197514233,19.2327772229853,83.1681109736843,3.43352492789495,32.8199476625054,0.647912458245957,0.900182974902355,139.8357,-0.006,0.272592128935504,0,0
201,2017,28,114.82058883298,40.7151101783121,49.4881156029704,24.6173630516977,106.024851706098,14.8394062897289,32.8199476625054,0.536693087106195,0.727971653830623,148.3659,-0.007,0.01587029582719,0,0
201,2018,28,98.4950251048439,37.0001568546963,41.0666688104717,20.4281994396758,80.8674778930925,6.31466441183738,32.8199476625054,0.471951859894962,0.587770804233449,135.5005,-0.006,0.412031157441065,0,0
201,2019,28,123.42681212331,48.1199855922172,50.2903834469568,25.0164430841354,94.2251818138205,9.24779708262388,32.8199476625054,0.710927532969798,0.663226030030994,161.8395,-0.006,0.140247712741375,0,0
201,2020,28,100.457324707938,49.1872107063302,34.2385121147746,17.0316018868329,70.3044852957065,15.9751384239932,32.8199476625054,0.711341479914332,0.432909581971679,138.3424,-0.007,0.203078906028049,0,0
201,2021,28,122.471587177783,47.0899965817809,50.3403113707,25.0412792253024,108.63989807324,10.2538748666921,32.8199476625054,0.745714912781508,0.895382495533393,171.9444,-0.006,0.291731989783942,0,0
202,2010,36,92.9884557312333,87.4884359652795,2.73267055311151,2.76734921284228,15.9407068960599,7.27502307513983,57.9116054188262,1.76125265432986,3.89383954194949,40.0169,0.008,-0.325772224268786,0,0
202,2011,36,133.230767292915,105.52191950083,13.7670691459683,13.9417786461162,66.8293705471094,15.4428171790561,57.9116054188262,2.44004889319649,3.89220595795436,58.4471,0.003,0.41995236817532,0,0
202,2012,36,127.170512832435,106.497362763706,10.2714009834243,10.4017490853046,34.6574371050078,2.54414873566337,57.9116054188262,0.983279289956416,1.79780518674784,57.7111,1e-04,0.276046956991066,0,0
202,2013,36,140.332974764637,105.008142149036,17.5510514489045,17.7737811666968,63.216552357906,3.04052112788595,57.9116054188262,3.44816877577997,2.00132801054826,60.9704,0.002,-0.374338185979081,0,0
202,2014,36,116.88770246177,102.841562981444,6.97878796370654,7.06735151662038,32.6067358611961,5.80001517013512,57.9116054188262,1.59189847606617,3.29671684918629,47.4832,0,-0.211082047494372,0,0
202,2015,36,126.894908728533,112.751864005791,7.02693508201873,7.11610964072361,47.2227143390118,8.48811817470632,57.9116054188262,1.64533744085318,3.90508407786349,55.9415,-0.003,0.294747251357762,0,0
202,2016,36,191.769710053711,160.847617111701,15.363561663229,15.5585312787815,55.1018762691328,-9.48694304856915,57.9116054188262,2.45179120614471,0,75.0621,-0.006,0.18327901349345,0,0
202,2017,36,177.034783498617,137.334782146535,19.7248426859988,19.9751586660835,64.6633721541194,13.1888565493636,57.9116054188262,1.99134645924897,4.2068040968902,68.3977,-0.007,0.127261737646938,0,0
202,2018,36,142.144541816853,117.909291990868,12.0412210073731,12.1940288186119,43.4768471584936,16.3360424914765,57.9116054188262,2.20397261618415,3.72655388571129,58.1868,-0.006,0.56996081044891,0,0
202,2019,36,170.078330052767,129.862117699272,19.981320782948,20.2348915705478,83.8837160496932,7.54111354403839,57.9116054188262,3.04185784277387,5.53984550000718,75.9373,-0.006,-0.162612793975428,0,0
202,2020,36,184.504145817884,151.934134726532,16.1823255208645,16.3876855704876,60.550377097189,6.85223112102692,57.9116054188262,5.77813662829042,8.84641355628542,78.587,-0.007,-0.177519162386633,0,0
202,2021,36,188.548619422522,159.336049179561,14.5141897448791,14.6983804980811,60.2398677058144,15.9838391047652,57.9116054188262,3.66192415843324,7.39821899782813,76.9628,-0.006,0.222562717233975,0,0
203,2010,28,535.487757547122,359.238818375059,106.146215347312,70.1027238247506,300.267192654927,-24.3111623486785,71.244161946971,12.3245307776103,0,245.1695,0.008,-0.455033376364684,1,1
203,2011,28,494.883611278969,341.267690052717,92.5154428268023,61.1004783994502,278.552387165083,27.4852989229607,71.244161946971,8.72001543440646,0,230.8812,0.003,0.147445459457747,1,1
203,2012,28,655.48854480534,387.15861254025,161.602145851977,106.727786413113,420.041108332587,22.4664232698034,71.244161946971,43.044388803067,0,270.1837,1e-04,-0.10784888353273,1,1
203,2013,28,646.888279954229,373.481475436793,164.659700569298,108.747103948138,390.118266277937,NA,71.244161946971,9.09073054109282,0,289.7169,0.002,0.0825558442227147,1,1
203,2014,28,731.272870814575,422.37112560715,186.036587351813,122.865157855612,437.185210913195,53.5289148233171,71.244161946971,11.7170205760465,0,336.7783,0,0.341747538053592,1,1
203,2015,28,620.679420502088,412.732214747014,125.236548864566,82.7106568905085,343.243394401902,28.9745527190354,71.244161946971,45.1796188580816,3.12527590873263,257.9729,-0.003,-0.428449325236239,1,1
203,2016,28,772.052360052995,475.828309987624,178.401424468124,117.822625597246,473.382862336207,-21.4195261084872,71.244161946971,12.7644986376271,0,338.8742,-0.006,-0.0535753369880838,1,1
203,2017,28,775.412530422268,523.629412975885,151.636799238776,100.146318207607,340.361025178776,53.3826783171012,71.244161946971,12.2407322014852,0,360.3511,-0.007,-0.240247601623201,1,1
203,2018,28,603.175228130772,416.826359920922,112.228914327933,74.1199538819163,274.041829703347,-2.75942316436668,71.244161946971,10.1465873165747,0,286.0762,-0.006,0.0202378492905146,1,1
203,2019,28,871.27698780907,524.369661744211,208.925511330836,137.981814734022,444.750644139396,69.9364282210738,71.244161946971,22.5397120081192,0,394.2981,-0.006,0.153945647373866,1,1
203,2020,28,768.75660204742,453.465271160014,189.884725903758,125.406604983648,478.675916139017,14.6543077306506,71.244161946971,7.85985580830733,2.78550125855344,364.5791,-0.007,0.08837601436678,1,1
203,2021,28,851.865145555982,521.143200178844,199.177839021276,131.544106355863,495.664014332273,-49.9332523750698,71.244161946971,8.6492281501723,0,380.3781,-0.006,-0.435155114285857,1,1
204,2010,48,5.65584727859359,4.09144178114121,1.04754856481161,0.516856932640763,2.39767868269159,-0.445748727008487,28.1677075937898,0.0649240410801339,0,2.4828,0.008,0.0416321179380423,0,1
204,2011,48,5.43741620936366,3.65530194471368,1.19332950651512,0.588784758134857,3.3925609932318,-0.443890565287708,28.1677075937898,0.0694198102684271,0,2.3881,0.003,0.374184266903704,0,1
204,2012,48,6.24930110417417,4.0189258210973,1.49349157273055,0.736883710346315,3.87859088506383,0.189292057022293,28.1677075937898,0.072913235634169,0.00422613540954599,2.5702,1e-04,0.361177120811365,0,1
204,2013,48,5.83676117076512,4.21560496872929,1.08554965802898,0.535606544006852,2.62929076337593,0.23082793110855,28.1677075937898,0.0690344148409483,0,2.7061,0.002,0.458927681348837,0,1
204,2014,48,6.60285588683228,4.55272400848357,1.3727979800225,0.677333898326201,2.84809756235076,-0.9193961511553,28.1677075937898,0.0935192965729717,0,2.7947,0,0.152442449078365,0,1
204,2015,48,6.98437310058867,5.06933592847181,1.28233660932465,0.632700562792223,3.35317668701568,-0.356277639850639,28.1677075937898,0.0868056888903916,0,3.0446,-0.003,0.130488776316779,0,1
204,2016,48,8.29168383826799,5.50907858254128,1.86327275557436,0.91933250015235,4.71326723814166,0.183393191503657,28.1677075937898,0.0995532639282047,0,3.5276,-0.006,0.380292734969167,0,1
204,2017,48,6.13280623038396,4.47259260500038,1.11170307403257,0.548510551351013,2.45064311252701,0.131611100908541,28.1677075937898,0.0738808104555033,0,2.698,-0.007,-0.142954422013051,0,1
204,2018,48,7.13130948784575,5.19638901156702,1.29565075758888,0.639269718689844,3.71231431666479,-0.0381759302298496,28.1677075937898,0.079046663352217,0,3.0782,-0.006,0.401379208562517,0,1
204,2019,48,8.36499416120261,5.62862640739902,1.83231145502989,0.904056298773695,4.35107077034672,-0.973488877899996,28.1677075937898,0.10489383852034,0,3.9114,-0.006,-0.0305176929989396,0,1
204,2020,48,9.60382264794538,6.25293491110125,2.24380293043733,1.1070848064068,5.13599789455404,0.366561335501248,28.1677075937898,0.117128448863365,0.0171227119528763,3.8133,-0.007,0.367611783737483,0,1
204,2021,48,7.29661429912025,5.982517102288,0.879938503672064,0.434158693160193,2.41129633959168,0.681263300381438,28.1677075937898,0.125002675612562,0,3.1442,-0.006,0.0371953159692982,0,1
205,2010,20,21.6957250604389,14.7563203127942,5.3515111334435,1.5878936142012,11.0493001892048,3.02730940645572,42.0541891552035,0.588734071037584,0.61121640963168,17.6666,0.008,0.00274239122477717,0,0
205,2011,20,27.5307637125302,19.5978892008094,6.11765242315529,1.81522208856549,13.9634919383888,1.61884120641564,42.0541891552035,1.38226619777109,2.32854882898837,22.9501,0.003,0.52711483140439,0,0
205,2012,20,33.0324144159231,20.3217138837163,9.80220319834466,2.90849733386215,18.0885968022114,0.739444413808288,42.0541891552035,0.910070353118779,1.22513027966556,27.8723,1e-04,-0.343026851370734,0,0
205,2013,20,26.8320546649353,16.4326930376787,8.01975119665091,2.37961043060565,13.3119538855216,0.515256002079842,42.0541891552035,0.629239560327449,0.612921591252448,23.3517,0.002,0.116613515329774,0,0
205,2014,20,29.9141625349014,21.0655968505972,6.82381263185897,2.02475305244522,16.679336833551,2.73369282560712,42.0541891552035,0.646695650148882,0.897653093496027,26.9975,0,0.265697924221907,0,0
205,2015,20,36.5950290576473,24.2320613885832,9.53403952202876,2.82892814703534,20.234748730166,3.03139771635548,42.0541891552035,1.29353167662095,1.8446508960144,29.6644,-0.003,0.172428369080998,0,0
205,2016,20,34.2893757377268,19.2523907837378,11.5961808427455,3.4408041112435,20.131810489867,3.1724911529689,42.0541891552035,4.57799595485855,4.68513533345314,31.6951,-0.006,-0.112270292624322,0,0
205,2017,20,28.7357737348966,19.4996178644742,7.12271336926423,2.11344250115809,16.7380338519126,4.68844143715204,42.0541891552035,0.63301775055244,1.0247929067665,26.4931,-0.007,0.00556825220182117,0,0
205,2018,20,48.0349230776131,28.8202273974348,14.8179363501032,4.39675933007513,27.249604347431,3.51785869976762,42.0541891552035,2.35458519609415,3.46681948281648,40.6859,-0.006,-0.176962888052959,0,0
205,2019,20,41.2281511532902,27.355992071908,10.6978936189179,3.1742654624644,23.9585176917548,NA,42.0541891552035,6.50493865687173,3.83439518800199,35.8051,-0.006,-0.133011789845653,0,0
205,2020,20,39.0813959110409,26.1914611468597,9.94042456210511,2.9495102020761,23.5707125164297,5.47074065177373,42.0541891552035,5.01947911617652,2.95448083838298,32.8566,-0.007,-0.228013258438357,0,0
205,2021,20,39.0798470225302,27.7185398000332,8.76158176424294,2.59972545825404,16.1309121849427,5.63510685830398,42.0541891552035,0.893810662967413,0.836279831621835,32.8145,-0.006,0.1032720456015,0,0
206,2010,20,59.1090693299689,47.7392172659684,6.85307703612877,4.51677502787176,17.9587244365139,4.02112370635462,66.1697137973404,2.10594185313549,4.29923787220536,47.0723,0.008,0.105277619194159,0,0
206,2011,20,61.1022526675008,49.8677463682833,6.7714985822183,4.46300771699919,24.1360259815405,7.8706153604608,66.1697137973404,0.635740542988694,0.658640726792384,43.9387,0.003,0.61363975557387,0,0
206,2012,20,63.5244689491431,55.3342176979774,4.93660097365768,3.25365027750805,21.2934060329664,6.16109389423997,66.1697137973404,1.39944495966513,2.46669343320914,55.8363,1e-04,-0.0724899445188799,0,0
206,2013,20,80.3723805867454,62.3978149466465,10.8340093018949,7.14055633820394,33.209974895969,8.89004568751648,66.1697137973404,1.69780757708003,2.46660042373325,70.7364,0.002,-0.169121252384831,0,0
206,2014,20,73.1171600310994,61.4715932454461,7.01926162822772,4.6263051574256,27.4228494775841,13.5916468831604,66.1697137973404,2.16193042638748,4.91097843015395,56.6235,0,0.505385297070185,0,0
206,2015,20,64.5248590121209,57.4802257690031,4.24608992576229,2.79854331735555,20.5753022665719,11.4347927069355,66.1697137973404,1.60631885023937,2.52165257597819,61.9978,-0.003,0.387449158473207,0,0
206,2016,20,83.3922758064751,71.7975232871627,6.98863378190143,4.60611873741094,20.5952878384937,9.81323508135579,66.1697137973404,1.82211785651382,3.71562845912371,73.1326,-0.006,0.209927860955104,0,0
206,2017,20,97.7409430459602,87.451688525365,6.20175649402119,4.08749802657407,30.7409811604503,NA,66.1697137973404,3.01668058886376,6.49635106819714,84.8396,-0.007,0.00487278490635207,0,0
206,2018,20,83.1001115023245,74.100998934549,5.42413492599662,3.57497764177887,19.664346613617,11.0966042875218,66.1697137973404,2.15774698141805,2.90896427245885,64.9336,-0.006,-0.0973753610069349,0,0
206,2019,20,87.8188040448501,73.4531613510098,8.65876314838774,5.70687954545257,39.764897981621,11.7317055960514,66.1697137973404,1.96531310272316,4.56867481773583,75.5202,-0.006,-0.011841549987684,0,0
206,2020,20,130.786021650386,98.9124230731365,19.2115275765231,12.6620710007263,55.6842852164733,-0.464947866325389,66.1697137973404,1.54530539886665,0,102.5229,-0.007,0.0760031102386712,0,0
206,2021,20,113.264479172011,89.7215941449025,14.1902642035547,9.35262082355412,54.9624933718386,11.0613149049786,66.1697137973404,1.74013805433431,5.37117108723693,83.8758,-0.006,-0.43036323337549,0,0
207,2010,20,182.381648550869,140.130176991548,21.0141579782886,21.2373135810324,83.9514969900967,13.6666657106236,49.1813221846099,1.04960926852067,0,135.9581,0.008,-0.498999801961622,1,0
207,2011,20,174.662061314077,138.924367763815,17.7744705764975,17.9632229737646,78.7611774830002,7.78375247956307,49.1813221846099,1.44831399151508,0.353878594038031,135.8305,0.003,0.33098257723412,1,0
207,2012,20,155.892451819049,126.164471539576,14.785484408305,14.9424958711675,74.8060703317557,9.4766956219103,49.1813221846099,0.958682814550191,0.215319490660992,131.5454,1e-04,0.096442119893897,1,0
207,2013,20,163.373164865489,135.916248058977,13.6559501024405,13.8009667040716,49.6415190589595,-3.17875369840121,49.1813221846099,0.965727933550819,0,121.9621,0.002,0.0966730516046836,1,0
207,2014,20,228.354833218858,178.360825577413,24.86497950894,25.1290281325043,91.312321221839,4.60630069974164,49.1813221846099,1.47428270849855,0.588068847076201,184.8632,0,0.494624517615601,1,0
207,2015,20,240.081953228589,194.006697922064,22.9159519933384,23.1593033131869,101.417212569608,24.3495136232615,49.1813221846099,1.26355997786833,0,161.5977,-0.003,0.105208553021504,1,0
207,2016,20,219.704676932255,174.883921137252,22.2920151233101,22.5287406716931,94.812724792656,30.9059310549506,49.1813221846099,1.47139349657635,0,165.1068,-0.006,0.160361923251029,1,0
207,2017,20,255.645105081535,186.276074258019,34.5013254858942,34.8677053376218,104.218423142269,-8.39181648864394,49.1813221846099,1.26360261184602,0,197.5447,-0.007,0.0603572083270875,1,0
207,2018,20,255.340400181015,175.6399490679,39.6397523878048,40.06069872531,128.580734867074,-16.3492389878522,49.1813221846099,1.46248214395784,0,182.5035,-0.006,-0.0686096256178952,1,0
207,2019,20,254.700360124387,186.373615975745,33.9829346219517,34.3438095266897,111.80045270723,1.43333422974834,49.1813221846099,1.59951737142348,0,196.2524,-0.006,0.163248068750178,1,0
207,2020,20,235.178560477568,174.45191498783,30.2029556537745,30.5236898359638,85.3052522809131,-10.0623936863861,49.1813221846099,1.57389007796459,0,185.637,-0.007,0.042220937952156,1,0
207,2021,20,296.933867200403,244.557404911562,26.0499152399052,26.3265470489357,110.452848340847,18.0448963775165,49.1813221846099,2.07329889372128,0.174083873211874,215.4854,-0.006,-0.302677407747399,1,0
208,2010,20,99.9164792164069,70.2803190890584,17.9223369794109,11.7138231479376,45.5305984777242,-8.30988859037124,79.6184585197701,1.01851296773262,0,113.9107,0.008,-0.169970086479403,0,0
208,2011,20,141.972006083745,103.05988356768,23.5319342762451,15.38018823982,73.7323658583198,1.31464876119199,79.6184585197701,1.38705629207093,0.709614561413539,158.6951,0.003,0.268448173091008,0,0
208,2012,20,126.506703508308,86.866864925039,23.9720173546777,15.6678212285916,56.0884395622105,-4.59232117836698,79.6184585197701,2.01452354165347,0,129.8536,1e-04,0.254276636531571,0,0
208,2013,20,131.172983480273,85.7712554943048,27.4564945295045,17.9452334564633,81.0786942225628,5.48903562982855,79.6184585197701,1.44870206580533,0,162.5482,0.002,-0.00516021081220715,0,0
208,2014,20,162.462669345113,113.212145144039,29.7840370463422,19.4664871547317,93.6034768130091,1.33111134818962,79.6184585197701,1.95970946518474,0,183.6224,0,0.0878490033895561,0,0
208,2015,20,123.071110555241,92.0297123682595,18.772148491186,12.2692496957952,47.5957312738506,-14.7070444534093,79.6184585197701,1.66504137993912,0,144.612,-0.003,0.0335772237186852,0,0
208,2016,20,155.911247916838,116.289329303126,23.9611803322134,15.6607382814992,58.6668487101506,-6.26075472275214,79.6184585197701,2.37162964821087,0,186.6551,-0.006,-0.0969372296192495,0,0
208,2017,20,186.939327758138,123.61529600813,38.2949285953969,25.0291031546113,95.5325165537034,-12.5008350925883,79.6184585197701,2.06133491188905,0,214.707,-0.007,-0.318610628005543,0,0
208,2018,20,170.029587786273,106.419018534478,38.4682108844045,25.1423583673905,89.8658627559636,14.7477369199375,79.6184585197701,1.84000179965027,3.64727173409357,183.2371,-0.006,0.530079415591452,0,0
208,2019,20,156.671182414764,106.808568808834,30.1541954112657,19.7084181946639,77.3103169370267,5.99756479655359,79.6184585197701,8.62997771639837,0,167.1599,-0.006,-0.0501464531881569,0,0
208,2020,20,163.34437705232,119.158669218095,26.7211117120395,17.4645961221852,61.8593277031424,NA,79.6184585197701,1.57057787222143,0,180.9389,-0.007,0.129066254414188,0,0
208,2021,20,223.285138322752,143.919741120763,47.9958735222998,31.3695236796894,131.761699202439,3.73817393664908,79.6184585197701,3.3323564701698,1.60714680298601,259.5542,-0.006,0.11312084035867,0,0
209,2010,48,44.1791040798963,37.9348904513366,4.85781456540231,1.38639906315744,18.7993443047327,2.374927217115,14.6325164228952,1.49286960068454,0,30.8225,0.008,0.0741726659013666,0,0
209,2011,48,43.7601578770716,35.2550009856162,6.61676193129758,1.88839496015778,13.8067265766103,-2.45284016872691,14.6325164228952,1.34338559941134,0,29.1877,0.003,0.368694215394684,0,0
209,2012,48,31.927079452651,28.4340752951476,2.71745450791772,0.775549649585703,12.6081975715,-0.413415066165726,14.6325164228952,1.04967891441677,0,19.9539,1e-04,0.429002189772676,0,0
209,2013,48,37.2164264354855,33.4838017076505,2.90387226457532,0.828752463259718,10.3101111507985,-2.51654979926407,14.6325164228952,1.49521442426611,0,25.227,0.002,0.272391884939931,0,0
209,2014,48,41.0755459628661,40.2559452598856,0.637625243079787,0.181975459900689,10.9010286594393,-1.86312442288418,14.6325164228952,2.01611900029114,0,30.8618,0,-0.0394732081819308,0,0
209,2015,48,45.6484726478586,42.6769609435262,2.31174871605071,0.659762988281684,10.736592747482,NA,14.6325164228952,1.38399062738738,0,32.6951,-0.003,0.279857477620826,0,0
209,2016,48,56.1314797197782,51.4797371620082,3.61891890570201,1.03282365206802,19.2431169145443,0.725477807748144,14.6325164228952,2.37970048989607,0.164948067638027,33.837,-0.006,0.496227886064141,0,0
209,2017,48,46.2744664906171,41.8579202554584,3.43594308365701,0.980603151501699,9.83668280811414,-2.91449384403787,14.6325164228952,1.5924102459526,0,30.6961,-0.007,0.0702962762915299,0,0
209,2018,48,52.133680600954,47.5192519980634,3.58988974618112,1.02453885670949,12.8350207564249,-2.47214271155939,14.6325164228952,2.58285964624808,0,33.8364,-0.006,0.300633434368337,0,0
209,2019,48,63.8481268317777,56.2567470016503,5.90587025107916,1.68550957904822,15.6853426764916,3.43335536962,14.6325164228952,3.13083882644175,0.620598120813395,42.3547,-0.006,-0.0551469883896352,0,0
209,2020,48,67.2506143697399,62.7522678209078,3.49958132200933,0.998765226822774,20.2160485297358,-1.39696546020114,14.6325164228952,2.59935886492851,0,40.8209,-0.007,0.687819512951868,0,0
209,2021,48,58.9830992307734,51.8755516384468,5.52946299921166,1.57808459311495,24.7435314391195,2.73341670343321,14.6325164228952,2.09539845965646,0,40.7428,-0.006,0.0180169807953655,0,0
210,2010,35,397.259688914137,379.285046931415,9.19307625347943,8.78156572924264,70.7803558510776,-23.0995511761485,64.5252836136163,6.46550915148784,0,323.3896,0.008,-0.0944531238947174,0,0
210,2011,35,367.397846434263,367.397846434263,0,0,102.339240870049,5.54365674751658,64.5252836136163,4.05827680254961,1.12043668712904,300.8763,0.003,0.0773442971122415,0,0
210,2012,35,510.434454526952,469.830534473432,20.7667520499709,19.8371680035485,104.460708115275,13.1205809875766,64.5252836136163,8.42010825788987,1.18883295284097,463.5049,1e-04,0.0927019944006617,0,0
210,2013,35,364.108054524881,350.900004610052,6.75521716335185,6.45283275147752,80.0481772128515,-13.0960052299782,64.5252836136163,5.09085711551239,0,264.8054,0.002,-0.0917088746476681,0,0
210,2014,35,532.691635758082,522.594163620064,5.16432157154561,4.93315056647212,166.937162500764,-10.7139233932962,64.5252836136163,8.70624219086181,0,463.8501,0,0.155287128013951,0,0
210,2015,35,527.849667447546,510.031427960169,9.11308467048593,8.70515481689132,93.5231441885115,-28.841294399934,64.5252836136163,8.73265471448727,0,413.0381,-0.003,-0.246112949796252,0,0
210,2016,35,612.081702381306,602.488950608665,4.90618386788213,4.68656790475878,143.710704578179,-0.560324597822429,64.5252836136163,93.3725381536372,0,484.9326,-0.006,0.105068008444191,0,0
210,2017,35,496.30796674938,496.30796674938,0,0,142.203537834222,-30.5875110735607,64.5252836136163,8.45002537967588,0,411.6666,-0.007,-0.034584447746474,0,0
210,2018,35,635.623843411911,572.427232255445,32.3217155524621,30.8748956040045,131.630547449096,-17.3391567879142,64.5252836136163,9.30051562684315,0,530.5899,-0.006,0.126434483899622,0,0
210,2019,35,530.228391806094,525.669714940445,2.33152148906019,2.22715537658839,121.427533770099,-53.903614219006,64.5252836136163,9.40050791622507,0,449.2796,-0.006,0.0318546113513847,0,0
210,2020,35,608.119193360398,597.834900849618,5.2598702859044,5.02442222487578,138.631057659907,13.1047706709382,64.5252836136163,11.749303527074,0,499.8825,-0.007,-0.0180655438136864,0,0
210,2021,35,553.06006395471,552.363296711824,0.356359498060102,0.340407744825381,73.0245329260208,-26.0845224668166,64.5252836136163,16.8305435372985,0,481.3741,-0.006,-0.130088017268725,0,0
211,2010,37,251.360586879207,185.897500592403,38.813554374751,26.6495319120535,115.214092902563,19.9057093487637,64.0521764594396,2.19476969582221,3.96230457665444,226.6461,0.008,-0.338100881541372,1,1
211,2011,37,265.571199820811,200.925110619347,38.3291506810883,26.3169385203753,143.083507988369,8.96941053808427,64.0521764594396,2.74937208285223,2.45125058717259,228.1366,0.003,0.174507951716622,1,1
211,2012,37,266.49015431671,202.20502823199,38.1151329444721,26.1699931402478,121.991043900909,45.7307627839506,64.0521764594396,2.2723832828227,3.66884924123982,254.4548,1e-04,-0.0530100863078051,1,1
211,2013,37,307.276886071564,218.523756089138,52.6223957943245,36.1307341881016,178.379553881083,54.3036639517482,64.0521764594396,2.15113814061466,4.95740198064481,309.2799,0.002,-0.110026885497473,1,1
211,2014,37,288.292775729247,259.190592903876,17.2549022599961,11.8472805653754,66.3918480358329,NA,64.0521764594396,3.80994588081526,4.44769487151001,255.3123,0,0.639004697009413,1,1
211,2015,37,266.383162985739,207.775089378412,34.7491659924369,23.8589076148899,138.058678197063,35.5454613396761,64.0521764594396,3.02026341964041,5.34223584055076,253.3722,-0.003,0.0801090036534551,1,1
211,2016,37,276.42492174642,221.228460148247,32.7263956689804,22.4700659291933,119.974413114207,40.0317176276811,64.0521764594396,2.32108869067482,1.71439454908128,247.6628,-0.006,0.441512269740597,1,1
211,2017,37,342.283717124435,251.999406495177,53.5302442729768,36.7540663562808,187.86392889432,17.4960408612511,64.0521764594396,2.56112858149411,3.8922894485583,297.1233,-0.007,-0.0975827933307227,1,1
211,2018,37,341.018701324485,268.531586018263,42.9781538114562,29.5089614947662,127.145535552722,33.6697904585052,64.0521764594396,3.71581455204867,0.983492418154488,317.645,-0.006,0.469995247658624,1,1
211,2019,37,274.296817782823,229.539444408904,26.5369820406687,18.2203913332512,80.9201729423892,23.6411856034886,64.0521764594396,2.34216357613257,3.73367363194844,242.4076,-0.006,0.190523002643361,1,1
211,2020,37,328.23909576461,252.037457129195,45.1805225262809,31.0211161091349,159.158705855554,52.5461703375246,64.0521764594396,7.34617486704483,13.8886493994212,300.6802,-0.007,-0.141776248614846,1,1
211,2021,37,309.296594673119,244.407651745619,38.4731404749595,26.4158024525402,143.489590525447,51.8341680051486,64.0521764594396,3.95850317726628,6.85477874939344,285.9156,-0.006,-0.126968351040632,1,1
212,2010,28,5.76291305466761,2.58915886419164,1.90667655110662,1.26707763936935,4.49731526499478,1.53796940418231,34.1740083730949,0.0389435759322975,0.041048529696297,6.7225,0.008,0.18391543387175,0,0
212,2011,28,8.6705596092651,3.96635859517241,2.8261135636082,1.87808745048449,6.33055661062346,2.39782642664852,34.1740083730949,0.0482901217138555,0.055409891366646,8.8241,0.003,0.448077446013226,0,0
212,2012,28,6.45830112614605,3.34835836951372,1.86834095316798,1.24160180346435,4.91060128202751,1.36387478245029,34.1740083730949,0.0630821043866715,0.0642290970563424,7.8493,1e-04,0.290271601972109,0,0
212,2013,28,7.00255848584083,3.11635944241688,2.33468761105226,1.5515114323717,5.50034416264951,1.11741111432118,34.1740083730949,0.0583710645195116,0.0815583135089372,8.4808,0.002,0.394201440220281,0,0
212,2014,28,7.18543616725138,3.83751369213226,2.01131054742306,1.33661192769606,4.15135846764328,1.06098231864779,34.1740083730949,0.0516785324711904,0.0599880403918776,8.439,0,0.260772961556916,0,0
212,2015,28,8.81636667465163,4.09168639971481,2.83841676167965,1.88626351325717,6.79386759566912,0.980904675438315,34.1740083730949,0.0669141434908582,0.0756097311776829,10.1191,-0.003,0.391071887457532,0,0
212,2016,28,9.80016132565266,4.68372966418978,3.07376680384555,2.04266485761732,7.75536954488485,1.83263087827316,34.1740083730949,0.0798863089468893,0.102080556004006,11.6006,-0.006,0.58140899420768,0,0
212,2017,28,10.7271302898501,4.484801877085,3.75016478738098,2.49216362538411,9.30385210603442,2.17491881768028,34.1740083730949,0.0558194944502629,0.0784281427517086,12.7036,-0.007,-0.177140552649011,0,0
212,2018,28,11.3001732558822,5.2226513441996,3.65115501150516,2.42636690017741,8.92646771593622,1.95770369173577,34.1740083730949,0.0620459928479472,0.0639047898538372,11.2774,-0.006,0.595267962918074,0,0
212,2019,28,11.8741772349107,5.17300241328585,4.02582308850516,2.67535173311968,8.24680172040586,1.48207968024641,34.1740083730949,0.0940414305234751,0.110723308612504,13.6172,-0.006,0.0526811360889913,0,0
212,2020,28,9.18593648557035,4.22753965808689,2.97882520026743,1.97957162721603,7.29749447391525,1.58500265070144,34.1740083730949,0.0539456426137939,0.0615526694848639,10.0249,-0.007,0.3434043134685,0,0
212,2021,28,10.647515726278,5.19420569274244,3.27615112665589,2.17715890687967,8.55155812414344,0.854674048237862,34.1740083730949,0.0886634643523304,0.123185464678708,12.5956,-0.006,0.336595689601675,0,0
213,2010,28,115.266459266653,77.3970958337354,21.5947881382543,16.2745752946629,67.9741178539231,16.4653999017889,26.6276136365129,1.55713424111668,1.32769621338631,81.0101,0.008,0.00189443842718827,0,0
213,2011,28,158.731529793044,105.251593954865,30.4966278643344,22.9833079738446,83.2659073425469,24.5420144362729,26.6276136365129,2.13754808434089,1.08819549724992,117.3535,0.003,0.246011124362195,0,0
213,2012,28,161.964792364266,109.6729703381,29.8191127510953,22.4727092750711,75.5647809034112,33.4291587561724,26.6276136365129,2.06329667962738,0.775484215194331,122.4646,1e-04,0.336683671365038,0,0
213,2013,28,177.933943234243,112.217166017816,37.4746167474268,28.2421604689998,102.593583401616,42.5583375492268,26.6276136365129,2.22224561187615,0.986860105905635,132.9504,0.002,0.00702815008672633,0,0
213,2014,28,141.798149381283,95.1678187575911,26.5906796246829,20.0396509990092,70.081868018698,17.4564995745357,26.6276136365129,2.01438759689458,1.80360118331001,103.8877,0,0.165932327528381,0,0
213,2015,28,146.759360142668,111.20230092169,20.2762098723042,15.2808493486743,73.1801409029391,17.457910303477,26.6276136365129,3.10882155940695,0.900868584940231,119.2024,-0.003,0.20765259315728,0,0
213,2016,28,179.83583134015,122.400983875998,32.751893623414,24.6829538407377,83.3619717116911,NA,26.6276136365129,3.1942941540239,2.04473437121983,139.5664,-0.006,0.331969780348225,0,0
213,2017,28,203.287012372865,136.829678291938,37.896915068378,28.5604190125489,97.480921248456,23.6339268450321,26.6276136365129,3.53874155749537,2.79678525558121,165.5976,-0.007,-0.457642445532907,0,0
213,2018,28,181.455823806266,117.495163438129,36.4732011479272,27.4874592202094,99.9810008515174,31.6408863961963,26.6276136365129,2.86586871233123,1.5300736442345,142.4515,-0.006,0.487458807556274,0,0
213,2019,28,185.815513819037,123.906287674504,35.3033825023943,26.6058436421385,94.958787372545,34.1211978701745,26.6276136365129,3.04102181484766,1.2618484290853,148.9931,-0.006,-0.245534083214175,0,0
213,2020,28,216.761048228881,138.894850470178,44.4027543982687,33.4634433604341,130.40319660734,29.681746332147,26.6276136365129,2.98751551133008,1.35047888793227,158.5637,-0.007,0.209217977609434,0,0
213,2021,28,182.41791936241,135.360335586534,26.8343182936865,20.2232654821894,68.7174362869875,17.6131897087023,26.6276136365129,3.99835700183042,2.27774344882024,148.9896,-0.006,-0.343632814114338,0,0
214,2010,20,61.9447394315359,41.3879262965211,17.0778967046878,3.47891643032692,33.4871916514449,-0.644619974789407,5.00357698853666,82.7166772717638,0,26.5478,0.008,0.102827003550974,0,0
214,2011,20,74.6948689134626,45.0581911553502,24.6211374350171,5.0155403230953,47.286874669641,12.8348523159344,5.00357698853666,13.0592987927523,1.25521798749551,35.4422,0.003,0.622414183937624,0,0
214,2012,20,63.1060034853856,44.1281818909014,15.7661245807867,3.21169701369749,25.3808214584912,4.68992327660943,5.00357698853666,26.1623848993025,2.37348013246152,30.1234,1e-04,0.492203099916729,0,0
214,2013,20,63.0338867334118,39.0522755264943,19.9231017139577,4.05850949295976,32.7772363288537,4.63141144128343,5.00357698853666,37.6203034214823,1.32959349074859,28.2146,0.002,-0.143148250730189,0,0
214,2014,20,62.9052805022553,42.4740000049533,16.973608486186,3.45767201111598,32.949164362556,2.05450082297806,5.00357698853666,13.3639265206188,0.911418289156075,28.9719,0,-0.0717503817303986,0,0
214,2015,20,62.8229308792578,40.9851396796599,18.1420894336016,3.6957017659963,30.1004490296974,7.53922921474608,5.00357698853666,34.9932191513858,1.90972100412078,30.0653,-0.003,-0.0784681893737542,0,0
214,2016,20,64.2340246521831,41.0883116078272,19.2286661328145,3.91704691154133,37.9740318894658,7.38330233814501,5.00357698853666,82.117876275236,1.83595915074442,28.5921,-0.006,0.397007456398851,0,0
214,2017,20,69.9181127786537,48.7796961197776,17.5610730043579,3.57734365451815,37.0834507050038,4.04058205249202,5.00357698853666,22.7876817547867,1.20380612861499,32.0621,-0.007,0.04228892597401,0,0
214,2018,20,75.5344848978527,52.6439954886973,19.0166350728481,3.87385433630726,35.8899019066246,5.33797322490399,5.00357698853666,105.212722037267,2.72830584280928,33.5375,-0.006,0.117313597202024,0,0
214,2019,20,99.7784731587644,62.0153834648928,31.3722823088424,6.39080738502928,63.1144724528393,4.05854668333347,5.00357698853666,34.0159761879416,1.48748955426337,45.5029,-0.006,-0.0263773592608467,0,0
214,2020,20,79.2763839453786,58.3748707145346,17.3642617454169,3.53725148542713,36.1094153541511,7.5712128667232,5.00357698853666,55.119097672955,2.43007560544881,39.4806,-0.007,0.539548567197583,0,0
214,2021,20,71.6549144755833,53.3000155300698,15.2486217663056,3.10627717920788,27.4866721615319,5.82149115238405,5.00357698853666,65.4764026340822,0,30.6115,-0.006,-0.0730340629647234,0,0
215,2010,73,39.5914304947645,24.0853916400071,10.8307257191234,4.67531313563396,24.8488365566203,-2.7289361206389,73.8756409212409,-0.173058750523256,0,51.5377,0.008,0.147114870714132,1,0
215,2011,73,42.8871840306217,25.3263332064059,12.2659797549243,5.2948710692915,23.779777847348,2.86806522890553,73.8756409212409,0.193138953630426,0,57.2291,0.003,1.0232373298,1,0
215,2012,73,26.5781007665824,19.7760958203521,4.75109411261005,2.05091083362018,11.5949989056564,-0.437466487499872,73.8756409212409,0.184050104216918,0,38.6301,1e-04,0.636782284380895,1,0
215,2013,73,49.099001605744,28.077363923802,14.683285269213,6.33835241272904,27.9625723636048,-0.977876254873741,73.8756409212409,0.187319497814963,0,64.3077,0.002,0.152631431670021,1,0
215,2014,73,38.970321031492,25.5281078714302,9.38917573716464,4.05303742289712,24.6482741912461,0.291161475601797,73.8756409212409,0.149070329088333,0.0166291606712943,46.5674,0,0.0617489161228081,1,0
215,2015,73,36.7237294192833,26.4899728261976,7.14811898604111,3.08563760704462,20.2957726768761,1.69771363785036,73.8756409212409,0.245539813131295,0.113576187020766,53.1649,-0.003,0.506626804748153,1,0
215,2016,73,50.0707449400997,34.8026893658727,10.664498118296,4.60355745593091,29.3883577586585,6.70127662788989,73.8756409212409,0.369538433105086,0,57.7769,-0.006,0.0741634677389801,1,0
215,2017,73,48.4624163971027,31.8171567895476,11.6264536044112,5.01880600314397,24.0867871180512,2.51095730976955,73.8756409212409,0.273727173122989,0,64.5623,-0.007,-0.18641459242591,1,0
215,2018,73,46.8654880696076,30.1298326153643,11.6895936900771,5.0460617641663,23.7522695177051,-2.46546218188323,73.8756409212409,0.206036524967229,0,61.8249,-0.006,0.273603350567492,1,0
215,2019,73,43.836530533154,27.9780028057511,11.0769336858663,4.78159404153654,22.5488266528153,0.197642371959139,73.8756409212409,0.220200827628083,0,59.9984,-0.006,0.496402627981494,1,0
215,2020,73,41.052389191649,26.7989106369363,9.95583193203057,4.29764662268208,19.8016372070073,0.0023931318208459,73.8756409212409,0.204118860935675,0,52.7794,-0.007,0.231415880114051,1,0
215,2021,73,61.4802524630417,34.4525029210017,18.8784605041271,8.1492890379128,34.2429991881669,0.234862279402451,73.8756409212409,0.249550405579165,0.206021142359169,77.397,-0.006,-0.129037209047141,1,0
216,2010,38,535.548653045904,276.406951685021,154.238722589696,104.902978771186,410.383380923788,68.375230517894,60.530024075988,2.35776927453093,2.44282359868046,352.0741,0.008,-0.0759138771388956,1,0
216,2011,38,450.544580815204,269.16385794166,107.956113784449,73.424609089095,304.865816642019,44.5420968643061,60.530024075988,2.11174433721992,0,307.0189,0.003,0.495960596957604,1,0
216,2012,38,536.603563732916,297.62628197378,142.237048197643,96.7402335614927,396.403890396558,19.1116836571666,60.530024075988,2.02217408076907,1.07515351153985,325.0358,1e-04,0.0796672627511221,1,0
216,2013,38,630.570721707617,341.653223401965,171.960999092218,116.956499213434,433.506973334997,29.7680818584049,60.530024075988,3.03124283122894,3.14264386957605,420.4907,0.002,0.0544956860438457,1,0
216,2014,38,704.216049122637,399.390386966904,181.429389776151,123.396272379581,508.110906180523,84.7921588365861,60.530024075988,3.82853783868462,2.09473535141255,470.9423,0,0.0780621832411897,1,0
216,2015,38,655.022346771608,335.025684285799,190.459027611476,129.537634874332,391.674751936945,86.6112997093774,60.530024075988,3.2799634241138,1.62211720003595,446.4115,-0.003,-0.165358618493007,1,0
216,2016,38,885.424261756718,366.156978407552,309.063041748197,210.204241600969,734.185544076173,114.492637455658,60.530024075988,3.40402627536689,1.15752222236461,568.5547,-0.006,0.412436624224405,1,0
216,2017,38,747.880277898268,435.200366361775,186.104165719303,126.57574581719,506.167021355768,129.753056253467,60.530024075988,3.61859660539478,4.08029826364562,534.6767,-0.007,0.116792258710817,1,0
216,2018,38,737.50093427922,382.034683394136,211.570195658752,143.896055226332,506.427030657952,17.2709141200457,60.530024075988,3.34479008227944,2.63009652234311,462.429,-0.006,0.454965704607675,1,0
216,2019,38,839.363507530698,475.248668981655,216.717754336066,147.397084212977,523.244171563609,66.0831992340126,60.530024075988,3.98338554262467,4.81098357665025,513.6897,-0.006,0.165053055175757,1,0
216,2020,38,807.732502321178,442.569500181728,217.341611524625,147.821390614825,524.833668263674,79.2067234096721,60.530024075988,3.41270003668928,0.0307561699839,570.7077,-0.007,0.345796966199794,1,0
216,2021,38,697.998284111756,421.991154032062,164.276868391226,111.730261688468,376.818553289522,76.1186326544929,60.530024075988,3.54288305985926,0.918952729712716,466.272,-0.006,-0.0380054546490771,1,0
217,2010,28,6328.17227615144,4931.00191430928,1042.16313867088,355.007223171278,3048.34572837586,868.237506642087,71.0229994526354,107.952208849247,481.017119145101,5248.3382,0.008,-0.453143046172924,0,0
217,2011,28,5508.59482697071,4053.77720538,1085.16279769322,369.654823897496,2868.77050812327,391.662102956387,71.0229994526354,43.8858247153431,156.781312938406,4364.8725,0.003,0.702953519157982,0,0
217,2012,28,4572.7782209653,3460.28168119546,829.822130007371,282.674409762468,2071.95992975806,574.061336606242,71.0229994526354,136.521088730181,495.743378026038,3840.1762,1e-04,0.15126454068665,0,0
217,2013,28,6062.18967829973,4581.31479575533,1104.59916537057,376.275717173832,3253.06823056723,580.989500845069,71.0229994526354,315.493656559049,1129.458321371,4764.8387,0.002,-0.0635698929717476,0,0
217,2014,28,5080.72550793757,3718.44384613982,1016.13931356304,346.142348234702,2325.7845695968,1066.90089460203,71.0229994526354,113.039852279076,383.439942779598,4392.65,0,0.0858116883067113,0,0
217,2015,28,4544.75734695564,3892.30466274588,486.670885513027,165.781798696729,1191.59180708699,803.407240992665,71.0229994526354,68.8978647154945,250.56992177934,3498.3797,-0.003,-0.0537447092287964,0,0
217,2016,28,5113.13629189187,4496.80583394288,459.726961046966,156.603496902029,1487.15858066364,506.729438500119,71.0229994526354,140.325573791574,512.241312504486,4125.0326,-0.006,0.0770942616725468,0,0
217,2017,28,6442.02187000396,5002.60848763416,1073.6726238864,365.740758483403,2761.3066360721,NA,71.0229994526354,110.657564558518,446.459318207657,5545.2756,-0.007,-0.136141464953782,0,0
217,2018,28,6393.95963903622,5209.44035920669,883.544601429768,300.974678399763,3035.89518031834,428.724453282863,71.0229994526354,68.2551533698117,253.003540801351,4994.0817,-0.006,-0.102842299456218,0,0
217,2019,28,6214.71636941356,5185.64179959979,767.596860693113,261.477709120654,1673.90857837669,924.079119108723,71.0229994526354,110.795958978902,411.843945488447,5238.179,-0.006,0.117537132018181,0,0
217,2020,28,5718.6362197267,4883.38383286691,623.022984773618,212.229402086167,2457.62157140328,932.973894842658,71.0229994526354,167.76187020303,552.139649497696,4490.2264,-0.007,0.373412643239451,0,0
217,2021,28,6374.96551063833,4790.39560378836,1181.94630566659,402.623601183383,3006.25114016107,657.541699743685,71.0229994526354,52.1476817472676,175.239004084525,5318.9493,-0.006,-0.263321059870171,0,0
218,2010,38,18.8979231979605,15.5870576519087,2.09578839176624,1.21507715428552,8.73034180293456,5.37033297397821,8.61497937120797,1.14714548129152,0.347610574880661,23.3945,0.008,-0.0486365002840406,0,0
218,2011,38,20.0929803775262,16.8434058007132,2.05699101384072,1.19258356297225,8.02024071338855,3.75416739477079,8.61497937120797,1.00469796418343,0.146922641294473,22.3729,0.003,0.523508878015158,0,0
218,2012,38,22.7740900896395,16.9325524831285,3.69771183260255,2.14382577390844,10.0277069262948,6.73453003847624,8.61497937120797,1.31821511548466,0.476937245987237,25.3602,1e-04,0.24975656502897,0,0
218,2013,38,28.0587019197733,19.5876931442138,5.36217542253832,3.10883335302122,13.4420719396321,5.71569672514733,8.61497937120797,1.19052103564674,0.184173920183855,32.2825,0.002,0.0766672793724746,0,0
218,2014,38,25.8425301127816,18.6390556556832,4.55982217869727,2.64365227840113,12.891214345675,6.0184331007599,8.61497937120797,0.979900980503462,0.141104577460064,30.9821,0,0.29165238363352,0,0
218,2015,38,29.273321218919,20.4506618275134,5.58477137770369,3.23788801370185,16.4376283139856,6.45681279969603,8.61497937120797,1.04969713008274,0.317621809648065,33.4186,-0.003,0.420869316378453,0,0
218,2016,38,25.7151517865789,18.1344577656105,4.79860335905922,2.78209066190921,11.3933463848644,4.22924875016692,8.61497937120797,0.934884083033464,0.22941882825013,30.643,-0.006,0.661454310575816,0,0
218,2017,38,32.5931258907751,22.5530928091922,6.35537278474602,3.68466029683693,13.5200584674148,7.11482408314625,8.61497937120797,1.41443947558626,0.211377397031735,35.641,-0.007,-0.0504867693137123,0,0
218,2018,38,22.4571881658445,18.3298956731093,2.6125892384889,1.51470325424635,8.18089345425145,4.26224484361895,8.61497937120797,1.08641699381527,0.253177878169324,26.8159,-0.006,0.27774024168718,0,0
218,2019,38,28.6140203771201,21.0995392559226,4.75669038349594,2.75779073770163,14.3426972335886,5.4188764673811,8.61497937120797,1.27434406682726,0.312158870337358,33.0276,-0.006,0.29775114122406,0,0
218,2020,38,30.7455801633486,22.4776142566394,5.23364864256239,3.03431726414689,14.0422328649941,9.28775978239913,8.61497937120797,1.5164400429651,0.341012849679364,34.33,-0.007,0.363043394283867,0,0
218,2021,38,28.4078859925977,22.9491349934309,3.45540669606439,2.0033443031024,11.5137272306411,6.27332615713614,8.61497937120797,1.19454339884336,0.297755829306945,32.8263,-0.006,-0.157051708123197,0,0
219,2010,37,50.6548188560829,31.7948984829478,14.4091449746521,4.45077539848301,31.890065189743,NA,6.74492706709873,9.97515115454609,1.04136560959991,52.636,0.008,-0.031016822956786,0,0
219,2011,37,56.5296744286772,35.4498017157659,16.1052080792566,4.9746646336547,34.4994601898506,2.74762452087272,6.74492706709873,2.65068971408214,0.188323363247322,55.401,0.003,0.494550123745548,0,0
219,2012,37,56.6052141589202,35.6191593756566,16.0335303561926,4.95252442707104,33.1277347093788,5.30387124612907,6.74492706709873,4.67129112152678,0.544110475194936,56.4572,1e-04,0.205911224698551,0,0
219,2013,37,67.5373899730958,43.436961619351,18.4129391444826,5.68748920926216,37.8395232613465,0.00128161798270602,6.74492706709873,4.59865755884479,0.7082150169173,65.582,0.002,-0.616077218168719,0,0
219,2014,37,65.3557327032199,39.3932734414441,19.8355471285184,6.12691213325735,38.8840464860443,4.60077256199884,6.74492706709873,4.43136706289099,0.326658394972257,71.3676,0,0.274611228630132,0,0
219,2015,37,77.1824768245505,46.8294961445179,23.1899440919379,7.16303658809468,48.0944010340955,3.40437284851283,6.74492706709873,4.01585728771218,0.665427215739319,82.9548,-0.003,0.45083748459975,0,0
219,2016,37,68.6389805636997,39.4378414884762,22.3099269792903,6.89121209593319,40.3038645162217,4.4592081397882,6.74492706709873,4.90479934449837,0.333241660150355,79.2821,-0.006,0.280831256942713,0,0
219,2017,37,74.4552752376323,41.8997211914687,24.8727295078878,7.68282453827573,53.0860330822967,2.64199568727271,6.74492706709873,4.25594191216439,0.414974058700372,77.1745,-0.007,-0.000409347492378254,0,0
219,2018,37,63.7444721033346,41.0993700070453,17.3010570890862,5.34404500720308,33.1395660313737,7.34534916119535,6.74492706709873,4.54504793548404,0.408409857498025,64.1065,-0.006,0.384378918102874,0,0
219,2019,37,64.5251441320232,41.81734323836,17.348959521505,5.35884137215826,29.9525814915703,4.58061694150072,6.74492706709873,5.30008812521794,0.699489673905298,67.1076,-0.006,-0.131537911081372,0,0
219,2020,37,92.126791879932,54.2151595537818,28.9648204024945,8.94681192365571,63.96202644431,6.24987947164314,6.74492706709873,3.82383322004372,0.569142947694579,93.7191,-0.007,0.238002231988985,0,0
219,2021,37,74.2843693549909,43.5536827847165,23.4785147127359,7.25217185753863,42.6759047522363,-0.0597173840207321,6.74492706709873,3.63513541783407,0,73.594,-0.006,-0.0065422366931369,0,0
220,2010,48,77.4045543152694,67.1148325197139,8.44736692218913,1.84235487336638,26.9945883807078,18.5747403744352,30.8559010339312,0.672959462209606,0.733972772986698,55.5759,0.008,0.162530746530118,0,1
220,2011,48,58.5472926922573,53.4742348827165,4.16473657754068,0.908321232000049,16.0236537299792,15.4428856418554,30.8559010339312,0.804067797534677,0.736109436812942,43.6682,0.003,0.53855230871365,0,1
220,2012,48,76.2272711082776,62.8315610205102,10.9972339916438,2.39847609612355,23.9082097300773,13.0079171028285,30.8559010339312,0.906017948889336,1.21733201550719,54.1452,1e-04,0.147243373682503,0,1
220,2013,48,79.5057274473148,63.0662974486521,13.4959817135513,2.94344828511144,29.1319504410389,12.2418849453712,30.8559010339312,0.807429258470132,1.0676251944431,55.399,0.002,0.542421423470163,0,1
220,2014,48,73.7890006738797,59.5171326034747,11.7165175746404,2.55535049576461,24.3828083136565,12.9375962273827,30.8559010339312,0.774863579571208,0.617505377134395,54.3074,0,0.483724031563471,0,1
220,2015,48,77.2927717558829,69.7579674073898,6.18571213909004,1.34909220940302,19.285827165452,12.4104829356072,30.8559010339312,0.712127899881012,0.592078880025505,58.3438,-0.003,0.203051543996121,0,1
220,2016,48,76.8617181535791,65.9540697841271,8.95465493292325,1.95299343652875,31.8549177439211,14.7114132118601,30.8559010339312,0.944316357007772,0.836344698010227,54.3835,-0.006,0.125643469835957,0,1
220,2017,48,73.8004410772805,62.8181115741918,9.01596455338999,1.96636494969866,18.9571064560963,15.9478393287112,30.8559010339312,0.940587590961851,1.25805419143375,55.2223,-0.007,-0.0580989374723402,0,1
220,2018,48,83.3335331475691,72.287078536418,9.06860818433462,1.97784642681643,24.8908330559606,13.7212644599973,30.8559010339312,0.813808605923804,0.966071119394521,59.9701,-0.006,0.384356276194488,0,1
220,2019,48,85.8195604258193,80.3529004169021,4.48786506104831,0.978794947868837,22.273774723085,17.8529035202113,30.8559010339312,0.989455229215571,1.4360226837676,63.4689,-0.006,-0.0842804032105892,0,1
220,2020,48,111.725666052563,84.6377031689427,22.2379152905203,4.85004759310034,52.2348499681865,26.4551537335455,30.8559010339312,1.01142572833882,1.13164359071505,82.8398,-0.007,0.0430796997391273,0,1
220,2021,48,92.3334066963764,87.8288892958777,3.69799223394301,0.806525166555726,30.7423965093342,15.2761274466795,30.8559010339312,1.17519455537276,1.4891665460708,68.8448,-0.006,0.297910507688738,0,1
221,2010,51,256.168671343409,128.65635210758,63.5884223941385,63.9238968416903,171.491668549915,0.717191468556946,56.7350640236156,3.57678751953229,0,114.3874,0.008,-0.108490567313187,0,0
221,2011,51,280.508613965672,133.930814016819,73.0960828930817,73.4817170557719,194.494179496816,19.7916168143384,56.7350640236156,2.95267857089104,0,118.1507,0.003,0.321084259050788,0,0
221,2012,51,396.123744705192,145.060737286032,125.201240625121,125.861766794039,293.615943422959,2.29779991740283,56.7350640236156,3.50208476706366,0.224433114428206,197.1788,1e-04,0.24208224773428,0,0
221,2013,51,225.842539774896,122.011777161006,51.7787961991862,52.0519664147036,156.043638336913,-5.73576362951917,56.7350640236156,4.4405600451278,0,104.2738,0.002,-0.155936909763965,0,0
221,2014,51,353.87009192061,139.8175554196,106.744690921898,107.307845579112,264.021038866866,25.3637033016187,56.7350640236156,4.23057039473191,0.101100880096379,162.8518,0,-0.176278811898684,0,0
221,2015,51,256.134230830257,145.320638718682,55.2610253223492,55.5525667892259,138.499090000139,12.7698715542712,56.7350640236156,3.82164013258079,1.0027783178934,125.8383,-0.003,0.133669825473912,0,0
221,2016,51,284.332376416785,140.194764451601,71.8791988684116,72.258413096772,226.10260772068,-6.20378424133942,56.7350640236156,2.5495436776963,0,132.9124,-0.006,0.0145565310132512,0,0
221,2017,51,258.370490425269,145.805412294838,56.1344643237879,56.4306138066437,150.122293982815,-9.27279455705074,56.7350640236156,4.0288196914891,0,113.6552,-0.007,-0.0414927329399213,0,0
221,2018,51,358.934561782391,166.387431941806,96.0202770717224,96.5268527688634,281.851704047926,6.18244765888974,56.7350640236156,2.8898731189685,1.58579276601425,161.0107,-0.006,0.279301637227468,0,0
221,2019,51,330.712250716351,164.173496291238,83.0503023146503,83.4884521104625,208.058213777648,-10.5838678807934,56.7350640236156,3.98984278360549,0,151.0125,-0.006,-0.264423740838158,0,0
221,2020,51,331.186258803251,170.437754150665,80.1627942643725,80.5857103882128,243.130503209205,-24.5618119867652,56.7350640236156,3.0740896772165,0,157.1741,-0.007,0.47948757280522,0,0
221,2021,51,301.729196481546,171.949790617295,64.7189834489143,65.060422415336,165.432477773541,8.28153990488701,56.7350640236156,3.48350823382026,0.800930675211676,131.536,-0.006,0.103856335336034,0,0
222,2010,48,25.413066557872,23.3763814673188,1.152423539342,0.884261551211219,6.10597898077618,1.25239833149857,74.7028972619624,0.13886751953804,0.41352465944638,30.6946,0.008,0.0428619365101527,0,0
222,2011,48,21.5335189098473,21.5335189098473,0,0,3.24307128246296,2.23554370588098,74.7028972619624,0.139858962040622,0.363618058284721,25.5504,0.003,0.826668677835484,0,0
222,2012,48,25.3074930185199,20.9450520887847,2.46841283403822,1.89402809569699,9.7595819891044,3.78475299072577,74.7028972619624,0.157170343057364,0.562954963318123,29.0726,1e-04,0.724788378495512,0,0
222,2013,48,23.8315840498196,23.8315840498196,0,0,4.48758136957405,4.92758785458556,74.7028972619624,0.133901403194687,0.530769955558537,27.7881,0.002,0.293026104833327,0,0
222,2014,48,23.6609000469265,23.2988377124591,0.204866799921428,0.157195534545949,3.70577101131613,1.03719376536058,74.7028972619624,0.150050807641389,0.382421640379068,27.2409,0,0.257008705629604,0,0
222,2015,48,22.7833187443035,21.583040733731,0.679156851274765,0.521121159297777,3.92659697344665,2.40384628771343,74.7028972619624,0.136124266605273,0.439885576486235,27.8039,-0.003,0.562266715635662,0,0
222,2016,48,29.4317381692633,28.0739830605873,0.768262582741805,0.589492525934251,4.74866501008957,4.49025203720837,74.7028972619624,0.173328414399777,0.558967555779489,35.8577,-0.006,0.469162744121733,0,0
222,2017,48,38.7054565325888,32.5643762307545,3.47482560247001,2.66625469936425,14.7022991186224,8.47450099498499,74.7028972619624,0.198576345704543,0.711661817671269,45.0678,-0.007,-0.143298465264104,0,0
222,2018,48,36.8554355108352,33.593092486911,1.84594118728353,1.41640183664072,13.7560912042383,2.31729769518282,74.7028972619624,0.234018607068572,0.743830975482617,39.7989,-0.006,0.595991279499686,0,0
222,2019,48,30.4651060512724,27.2260104957516,1.83278700358444,1.40630855193628,7.87131744655586,5.47374439327274,74.7028972619624,0.1611860294762,0.557556596388933,37.6762,-0.006,0.24700687044706,0,0
222,2020,48,32.6883969324631,30.4205393724133,1.28322854043489,0.984629019614917,10.0156975894586,4.29042340983823,74.7028972619624,0.19556401257893,0.470154668246778,40.1926,-0.007,0.799772999320889,0,0
222,2021,48,39.9961763598936,34.9151184452564,2.87503000476003,2.20602790987718,15.9009899764921,3.53114597285533,74.7028972619624,0.234525513684175,0.743771428459321,49.551,-0.006,0.034079680493362,0,0
223,2010,37,3.89045085586728,3.71966820659636,0.110480751426625,0.0603018978442973,0.930519972406939,0.867963765656157,67.999107544245,0.060803536512218,0,2.3053,0.008,0.0237506905931088,0,1
223,2011,37,3.78583840457033,3.46755359281455,0.205901157527287,0.112383654228486,0.787714453038793,0.669036722155398,67.999107544245,0.0491768575294388,0,2.0775,0.003,0.219731115586345,0,1
223,2012,37,4.5817035166718,4.36946669597151,0.137297808246135,0.074939012454156,1.56970587900435,0.506431798376117,67.999107544245,0.0875753115759436,0.00206765010850687,2.749,1e-04,0.191515431386518,0,1
223,2013,37,4.51351994903969,4.50888622332561,0.00299759665857094,0.00163612905550885,1.04987958940743,0.205220618438114,67.999107544245,0.0610250159368443,0,2.5891,0.002,-0.07040995048611,0,1
223,2014,37,4.3383755008724,4.21608017652467,0.0791138876670478,0.0431814366806872,1.01908309355966,0.735769266578511,67.999107544245,0.0463416335229937,0,2.5455,0,0.143641469562488,0,1
223,2015,37,5.34184061229019,4.55159885344396,0.511214129179657,0.279027629666575,1.39469861073285,0.456544160397106,67.999107544245,0.071988447693206,0.00423377560455044,2.8833,-0.003,-0.271300451213852,0,1
223,2016,37,3.89402219604843,3.79804928157936,0.0620856963655969,0.0338872181034791,0.790192029025606,0.373158940675682,67.999107544245,0.0737610094298171,0.0448240809816491,2.383,-0.006,0.470687327229764,0,1
223,2017,37,5.22363049733298,4.80779296634158,0.269008843061344,0.146828687930054,1.97093587635967,0.535699567258734,67.999107544245,0.0554267267913968,0.0314706686251905,3.0812,-0.007,0.272083119290689,0,1
223,2018,37,4.83922972405001,4.69367007192071,0.0941637795952674,0.0513958725340309,1.04574830871758,0.963196801928121,67.999107544245,0.0610681729815244,0.0623389498067237,2.8602,-0.006,0.207591648070406,0,1
223,2019,37,4.91082350357136,4.91082350357136,0,0,1.19431060438012,0.686675534657373,67.999107544245,0.0447523536232074,0.0168629621494896,2.9695,-0.006,0.273927165853614,0,1
223,2020,37,5.82101325012695,5.59665483608633,0.14513937029266,0.0792190437479632,1.75945294487905,0.996065098136726,67.999107544245,0.0848508809688165,0.00946728391513237,3.491,-0.007,0.237053093133358,0,1
223,2021,37,6.29195542663797,5.87070353028191,0.27251144216342,0.148740454192644,1.96770960119808,0.797657909370591,67.999107544245,0.0407987724073534,0.00480093759366324,3.9733,-0.006,0.30731580393907,0,1
224,2010,37,217.210058817056,193.646340809611,14.1080625006828,9.45565550676206,87.6763685256773,35.8179415333376,28.4997976726988,14.5355865341009,17.5852723083402,222.8513,0.008,0.0874000048298323,1,1
224,2011,37,239.051449958318,205.60847564085,20.022968010842,13.4200063066261,66.9248434836735,49.0842361148787,28.4997976726988,23.7472639696727,33.0935824968686,247.0434,0.003,0.327734403529548,1,1
224,2012,37,266.652613327384,258.262259138603,5.0234704583029,3.36688373047747,85.7625180529703,27.3844325470701,28.4997976726988,21.2916083249593,23.6651829976775,281.7391,1e-04,0.251747817372134,1,1
224,2013,37,296.81421365824,273.540402866101,13.9344893357163,9.33932145642292,79.4647886806984,72.0728891140669,28.4997976726988,95.9797701048722,162.34517145121,303.2112,0.002,0.00453336992336848,1,1
224,2014,37,262.859079013422,218.27998832937,26.690380414309,17.8887102697426,73.7784001161926,42.3940810938824,28.4997976726988,13.8602417310818,22.6331411473847,292.8575,0,0.252122834210952,1,1
224,2015,37,297.329057011327,255.398391428454,25.1047160957999,16.8259494870723,111.961168206206,70.0497290665515,28.4997976726988,16.9702494174033,23.9444261919444,313.1551,-0.003,0.116272438184447,1,1
224,2016,37,311.780037967633,290.466547399167,12.7608069725088,8.55268359595729,54.8186588144687,63.885977165879,28.4997976726988,34.1387584661875,48.9405663564801,285.7342,-0.006,-0.146596905638267,1,1
224,2017,37,271.862297613825,246.013460406964,15.4762084136784,10.3726287931821,96.0660107304999,53.6798520100031,28.4997976726988,20.8831861779214,25.3506911794699,291.4941,-0.007,0.265525504125952,1,1
224,2018,37,291.199689417574,250.346574104971,24.459565506416,16.3935498061874,91.4837705025187,58.6472328461063,28.4997976726988,87.8415267996056,101.028957774846,286.1093,-0.006,0.531766060316173,1,1
224,2019,37,389.470562729091,365.409679812689,14.4057249326678,9.65515798373353,87.0160137244751,35.1170685509791,28.4997976726988,19.6885580839656,22.8698839026564,406.7176,-0.006,0.0880536674501367,1,1
224,2020,37,322.098591553652,277.581660120093,26.653164445646,17.8637669879127,116.939044707574,72.028050853744,28.4997976726988,10.9720990647317,14.7686401967533,336.6231,-0.007,0.0640218222688208,1,1
224,2021,37,324.631223549679,308.485619934213,9.66669117523321,6.47891244023324,59.4066234562552,82.3540040188498,28.4997976726988,34.6094380725141,51.010510594243,332.6097,-0.006,0.116852699658736,1,1
225,2010,20,24.6137880867344,19.0827131430847,4.63641809488258,0.894656848767096,9.27536359066685,0.476203644549392,44.5224296712403,0.430896917232814,0,9.8844,0.008,-0.495603161247918,0,0
225,2011,20,31.6864903803793,21.8475362950449,8.2474935199238,1.59146056541067,13.4106466328352,-0.707078193119679,44.5224296712403,0.402703317840769,0,12.085,0.003,0.263621356875925,0,0
225,2012,20,24.1028803883649,17.1425341016243,5.83450338302568,1.12584290371486,12.0552306893552,-0.657529385355112,44.5224296712403,0.464637147087303,0,10.2076,1e-04,0.218703267663187,0,0
225,2013,20,29.1666857109544,20.3800287078887,7.36540653265118,1.42125047041453,13.2626780960842,1.31188331594035,44.5224296712403,0.804439080833004,0,12.1322,0.002,0.134834318266892,0,0
225,2014,20,31.0013801100116,20.1120164345736,9.12799831875784,1.76136535668017,15.0968013960784,-2.28101109935851,44.5224296712403,0.293753919475502,0,12.5253,0,0.442994121546504,0,0
225,2015,20,25.7180434101279,19.6701991727753,5.06959944364636,0.978244793706195,12.7997819870981,-0.378977842019985,44.5224296712403,0.484912322599611,0,9.9731,-0.003,-0.194871743669095,0,0
225,2016,20,33.2304327033392,24.6262114104414,7.21247997924284,1.39174131365489,18.4003068839228,0.385482375226001,44.5224296712403,0.948547140753204,0,13.9787,-0.006,-0.112745767475008,0,0
225,2017,20,30.1815647225268,21.8823650036565,6.95679594683355,1.34240377203675,15.2323423761244,-2.11199330911965,44.5224296712403,0.761172050673221,0,13.17,-0.007,-0.394355083501712,0,0
225,2018,20,38.8422735237339,26.8224003230378,10.0756468089237,1.94422639177243,16.990837172051,1.42328646851683,44.5224296712403,1.28005252353062,0,17.0778,-0.006,0.538936699785245,0,0
225,2019,20,39.7150710402668,26.3030579995373,11.2426066513949,2.16940638933462,17.9051180646495,1.74848142695685,44.5224296712403,0.673489773794478,0,17.8517,-0.006,0.0989236950107425,0,0
225,2020,20,49.4081395768511,33.305679249694,13.497871425278,2.6045889018791,29.0788169964548,-1.37585014111016,44.5224296712403,0.882653825782,0,21.2537,-0.007,0.328553537768055,0,0
225,2021,20,35.9872959544462,23.8235955232325,10.1962098424936,1.96749058872016,18.9608654113735,1.15766308639628,44.5224296712403,0.81369910712881,0,15.8528,-0.006,0.400898652362367,0,0
226,2010,36,118.047176967136,66.5595182242375,23.2022624672287,28.2853962756697,82.8031470496748,21.6706479678587,62.1443098006366,0.396937143547453,0.805899787747111,156.6044,0.008,0.578842840796362,1,0
226,2011,36,82.5121877270425,47.6631409343531,15.7042823495687,19.1447644431208,50.8660830392014,12.5457289222996,62.1443098006366,0.441866486749705,0.434553249429548,108.2273,0.003,0.18590676981582,1,0
226,2012,36,111.237183894432,59.0116000750531,23.5347990735471,28.6907847458315,70.547949266536,18.7108656259107,62.1443098006366,0.513307158392151,1.05624530855964,129.8283,1e-04,0.481328060829458,1,0
226,2013,36,136.81827760006,65.0633577154489,32.3354474669593,39.419472417652,102.992118785432,35.9257206862445,62.1443098006366,0.47361767117316,0.9647374899141,192.8852,0.002,0.162200064856966,1,0
226,2014,36,108.121576523944,56.4501303629287,23.2850839436259,28.3863622173894,65.2076953287396,16.8905472700858,62.1443098006366,0.480296879175098,0.860813250044382,142.0257,0,0.155099917057112,1,0
226,2015,36,130.129976759145,64.0968378566755,29.756999206366,36.2761396961037,92.5417187514409,35.4350778661467,62.1443098006366,0.512683281694707,0.983945325315714,175.0347,-0.003,0.0459924687435193,1,0
226,2016,36,168.948576549172,83.0739692615218,38.698306083554,47.1763012040966,123.51403461916,30.409503291004,62.1443098006366,0.539535936260155,0.419722735285601,214.1469,-0.006,0.0412556661990051,1,0
226,2017,36,153.99897022812,82.0427911302363,32.426142386952,39.530036710932,95.6101886170551,21.325545625596,62.1443098006366,0.54579548906273,1.01035545269719,204.1513,-0.007,0.385786960091308,1,0
226,2018,36,125.283470340035,79.8367693538858,20.4799812284287,24.9667197577209,65.9377843960841,18.3153329575465,62.1443098006366,0.482528300638921,1.06940485883677,159.5219,-0.006,0.342957807512364,1,0
226,2019,36,139.26019436494,75.6936136773492,28.6454759308933,34.9211047566971,88.5588816332267,14.8924200209775,62.1443098006366,0.746273738195661,1.61018683849462,191.5517,-0.006,0.0676158712145907,1,0
226,2020,36,135.130558351533,66.7349009123913,30.8216383162017,37.5740191229403,98.1546027205939,NA,62.1443098006366,0.460642970416246,1.14834279253733,186.5272,-0.007,0.711872719617046,1,0
226,2021,36,143.292888531615,95.6384154174558,21.4748858256197,26.1795872885394,81.2663989719626,12.9700316892587,62.1443098006366,-0.667214079593145,1.36431884135018,178.2311,-0.006,0.245649933324414,1,0
227,2010,73,85.4774629329516,35.0634744521922,34.529856673545,15.8841318072144,67.2209765049829,-0.308931659977209,41.2752371365663,0.423176572848099,0,56.6205,0.008,-0.396536384116145,1,0
227,2011,73,80.7013671027078,27.9552428407372,36.1271973461483,16.6189269158223,68.3499522064191,NA,41.2752371365663,0.368429697903949,0.00197074634977112,54.9136,0.003,0.442518429618479,1,0
227,2012,73,83.8361744661986,32.0510769734204,35.4689650261183,16.3161324666599,63.6035030968563,7.56525189334616,41.2752371365663,0.351431376071116,0,56.7714,1e-04,0.753819884571415,1,0
227,2013,73,129.260524797368,44.5628466502106,58.0116506377902,26.6860275093673,107.372904135516,6.41564366390332,41.2752371365663,0.658274988215962,0.105504051287352,92.594,0.002,0.279967737339148,1,0
227,2014,73,125.429774527833,43.2825794444511,56.2647582118104,25.8824368715716,100.653581301487,4.95276471950544,41.2752371365663,0.612722328345291,0,80.6992,0,0.088935310307848,1,0
227,2015,73,103.442554972782,38.5894804178276,44.419563631153,20.4335109238015,80.4074449789037,10.7480452659667,41.2752371365663,0.468993574584272,0,76.3615,-0.003,0.144822286002968,1,0
227,2016,73,112.786672903882,47.0447477984003,45.0283605749936,20.713564530488,86.7777369815805,NA,41.2752371365663,0.707938006437012,0,79.3098,-0.006,0.689837950563678,1,0
227,2017,73,126.759009229184,39.4995352705295,59.7662914599828,27.493182498672,119.686783699509,-2.14766114557953,41.2752371365663,0.51276584384274,0,90.6209,-0.007,-0.31782768562827,1,0
227,2018,73,140.207865507656,46.0075904294475,64.5202273234235,29.6800477547849,120.922693012932,10.6977710856366,41.2752371365663,0.670926696874112,0.114827921093621,103.0997,-0.006,0.621357330889073,1,0
227,2019,73,119.475102992037,45.3673354564333,50.7583444300861,23.3494231055173,98.3123184011173,8.00133389035818,41.2752371365663,0.509976431295257,0.265879784184215,82.1812,-0.006,0.204886384248604,1,0
227,2020,73,107.131081601723,46.0382107999844,41.8441019274749,19.2487688742639,87.459178900803,-1.93799681485411,41.2752371365663,0.656912972758651,0,74.0506,-0.007,0.238967112490038,1,0
227,2021,73,139.717950936311,49.4668501804198,61.8153347442435,28.4357660116473,127.720268219196,3.012842646629,41.2752371365663,0.534829619388101,0.00964243321193082,90.0997,-0.006,-0.015336859597608,1,0
228,2010,51,31.0003179658662,26.3663184513929,2.86970651589944,1.76429299857389,9.02501769986479,1.55788227087309,18.0269227832437,1.58193013727041,0.612630360728976,42.3028,0.008,0.0521139979667107,1,0
228,2011,51,37.021777438169,30.4879374410918,4.04622468234931,2.48761531472785,11.8441163778646,4.8650627389024,18.0269227832437,1.35384637578887,0.841734167548416,49.9045,0.003,0.737117408523027,1,0
228,2012,51,38.7689949685676,36.1232989133111,1.63840569796044,1.00729035729606,13.7864466402279,4.23545470108025,18.0269227832437,1.10953571384016,0.554172358556463,53.3867,1e-04,0.318834860313243,1,0
228,2013,51,45.9011831974936,40.2341529600932,3.50943359991172,2.15759663748876,11.3352071119104,6.30879489622865,18.0269227832437,1.27449709950239,0.405787177730351,63.5327,0.002,0.181623669257934,1,0
228,2014,51,48.6733088045708,43.825620818332,3.00203782018266,1.84565016605618,15.5825487267507,4.95228571392115,18.0269227832437,2.15019426176232,0.780674726291597,69.8506,0,0.0106312977034836,1,0
228,2015,51,43.2655969847249,40.2193520981657,1.88645440567724,1.159790480882,15.9864928879475,6.09076136409494,18.0269227832437,2.19408691146293,0.824230281367966,60.1302,-0.003,0.0976066372366296,1,0
228,2016,51,41.595454086269,37.4270018982176,2.58140605494343,1.58704613310797,13.2072508028522,3.17825980280745,18.0269227832437,1.37549244702329,0.636457695684281,52.2897,-0.006,0.0758754231742303,1,0
228,2017,51,40.9293359644841,36.7898049991657,2.56349594919881,1.57603501611956,14.2834149047836,5.62118680155256,18.0269227832437,1.7571579873723,0.618824193724924,56.503,-0.007,0.248226557252322,1,0
228,2018,51,58.2036447245213,49.3066413504807,5.50966578108613,3.38733759295442,22.836040594528,5.16345656577428,18.0269227832437,3.07605355421071,1.45028771647439,82.8692,-0.006,0.268697555225207,1,0
228,2019,51,63.5449639128021,52.8789337562631,6.60517467543989,4.06085548109915,28.99774743748,5.96583409845617,18.0269227832437,2.40273526531848,1.59543813826837,92.532,-0.006,0.1352095706736,1,0
228,2020,51,63.6465688697648,48.2141944768313,9.55683858249913,5.87553581043439,26.5853217813385,5.51606878630401,18.0269227832437,2.01528258782752,0.849156405557731,90.1147,-0.007,0.12743523595539,1,0
228,2021,51,57.6082086371591,48.2628874429381,5.78729648988258,3.5580247043384,19.5400349460609,4.77457747020976,18.0269227832437,1.44322658583958,0.534293235894424,78.7126,-0.006,-0.0546070421371662,1,0
229,2010,50,4.81462052669541,2.28000677611642,1.63342009219442,0.901193658384572,3.51937652117191,0.320439593059987,36.1236590313518,0.427120570557332,0.537205428370332,4.2376,0.008,0.0635858456753293,0,1
229,2011,50,3.85367036438455,2.26633545809834,1.02295062842501,0.564384277861205,2.23978973843751,0.472568844952399,36.1236590313518,0.061756870348307,0.0930947832756339,3.4699,0.003,0.384402962622324,0,1
229,2012,50,3.67273602225417,2.20866949988939,0.943510889339082,0.520555633025703,1.84158949041572,0.127776621098471,36.1236590313518,0.153993988135322,0.154758987069945,3.2393,1e-04,0.204103868300415,0,1
229,2013,50,4.21144000131777,2.03381419572633,1.40336086447949,0.774264941111959,2.91750735640336,0.790875740759738,36.1236590313518,0.110823501087155,0.1093785572992,3.8674,0.002,0.0361562948461066,0,1
229,2014,50,4.87289925367955,2.62501777411069,1.44863680817668,0.799244671392169,3.0510820109726,0.530674517998119,36.1236590313518,0.0673762989247537,0.0812082907363227,4.4561,0,-0.0679150913353289,0,1
229,2015,50,5.41007701905691,2.80913801357925,1.67616309552053,0.924775909957131,3.50311394452691,0.245624125129702,36.1236590313518,0.203780926544398,0.0621033762596885,4.616,-0.003,0.0249251198000529,0,1
229,2016,50,5.35634251851157,2.87424750651674,1.59957463436067,0.882520377634165,4.06230119098148,0.496409541230363,36.1236590313518,0.122351077829581,0.135409575783337,5.0618,-0.006,0.0530021494708318,0,1
229,2017,50,5.6055860505869,2.83025344460519,1.78855024364058,0.986782362341129,3.63142675322948,0.654438403277932,36.1236590313518,0.108854915411904,0.130286638915539,4.5271,-0.007,-0.308721212991711,0,1
229,2018,50,5.41892084288858,2.87883256220349,1.63694812776536,0.903140152919737,3.31402258178745,0.401315213211512,36.1236590313518,0.138906182682005,0.101928080040645,4.7762,-0.006,0.487908081673572,0,1
229,2019,50,6.58766772660069,3.22550986543937,2.16672706138985,1.19543079977147,4.370628115289,0.746807136164483,36.1236590313518,0.216047638814156,0.234772835513235,6.1613,-0.006,-0.114840692143009,0,1
229,2020,50,5.48589311100841,3.15514071219609,1.50204258825658,0.82870981055574,3.52106177261402,0.561715466503842,36.1236590313518,0.141325139550376,0.192303235007837,4.4971,-0.007,0.222595772084342,0,1
229,2021,50,8.22200203653157,3.46412435427345,3.06619223565268,1.69168544660543,5.73754290491924,1.25525779743852,36.1236590313518,0.116496232596787,0.0494164663607191,7.7216,-0.006,0.0793220033717511,0,1
230,2010,50,6.84436414891469,5.83026791977561,0.714767248865641,0.299328980273443,2.72564597992668,1.05221959639908,67.0434616404982,0.214738740102091,0.323274928944834,6.8117,0.008,0.00201075009155428,0,0
230,2011,50,7.49002210857728,6.46782935268248,0.720473938219432,0.301718817675365,3.25008132335325,1.24677375319296,67.0434616404982,0.161506570781876,0.342723142450885,6.9254,0.003,0.304473022294792,0,0
230,2012,50,7.51611852002489,6.92648938019328,0.415589355347707,0.174039784483901,2.18898049990789,0.456204791107367,67.0434616404982,0.338080608164683,0.252919631003691,7.0934,1e-04,0.18725627223236,0,0
230,2013,50,5.84431325804605,5.84431325804605,0,0,1.41996954013389,0.595305486145948,67.0434616404982,0.871720092465473,0.6427773650768,5.1617,0.002,0.0984858842014836,0,0
230,2014,50,6.48857441526729,6.39389126732915,0.0667356915656208,0.0279474563725223,1.44255225082388,0.679884490861024,67.0434616404982,0.0948977400614992,0.0986586318301573,6.3038,0,0.252257844411974,0,0
230,2015,50,9.12942799181394,8.39375167209533,0.518528048908412,0.217148270810193,3.23440077132818,0.892302307031762,67.0434616404982,0.172353341750339,0.18973948713049,9.0894,-0.003,0.0831193040690699,0,0
230,2016,50,7.37238770960716,7.09218034704982,0.197499053730868,0.0827083088264768,2.04814759680047,0.59137485721757,67.0434616404982,0.261507040736222,0.413453842582865,7.1942,-0.006,0.0572331183954855,0,0
230,2017,50,8.87910310585683,8.16711574394225,0.501831318645985,0.210156043268592,3.08260685327683,0.663997261072369,67.0434616404982,0.143938830593138,0.253534823424052,9.7639,-0.007,-0.66947667988934,0,0
230,2018,50,8.12823793844414,7.64511055208658,0.340523535021524,0.142603851336033,1.89179605248111,0.775373004682235,67.0434616404982,0.352624470665908,0.720424749244922,7.5411,-0.006,0.111778390018567,0,0
230,2019,50,9.65222376883649,9.03504415057134,0.435007808063572,0.182171810201577,3.4053523161229,NA,67.0434616404982,0.72151859709096,0.84386091565544,9.4299,-0.006,0.0635814152178106,0,0
230,2020,50,9.6074816497522,9.16798733209797,0.309769561601147,0.129724756053075,2.89747078175252,0.595123691996419,67.0434616404982,0.192540866927044,0.173070528222064,8.6915,-0.007,0.355193164296216,0,0
230,2021,50,10.7485087839507,10.5741011309187,0.122928056289733,0.051479596742294,2.67979638410341,0.814727847770509,67.0434616404982,0.261774068562182,0.485351266054516,11.084,-0.006,-0.337614425044462,0,0
231,2010,63,90.5363789284978,31.9466713012875,35.1538245763262,23.4358830508841,82.1963048460424,1.54012159723912,81.5231411567228,42.4372334610167,37.3216364351172,47.6577,0.008,0.0569522416233881,0,0
231,2011,63,91.0233286081724,32.372469941581,35.1905151999549,23.4603434666366,89.5378542897138,1.99826854414665,81.5231411567228,46.5996165425969,87.7790528649275,50.8283,0.003,-0.0489405359567856,0,0
231,2012,63,90.9779287696036,33.5925719722,34.4312140784422,22.9541427189615,72.2814424744881,0.892826620755361,81.5231411567228,41.1653134281694,56.2250368507084,47.7566,1e-04,0.145594098744275,0,0
231,2013,63,87.7178026805188,32.2480694853328,33.2818399171116,22.1878932780744,78.6117629237533,2.41382575156485,81.5231411567228,56.3092395458528,45.4215780113805,50.118,0.002,0.173566126853776,0,0
231,2014,63,82.1323056373346,33.7355649161894,29.0380444326872,19.3586962884581,75.0968148586359,1.36903027982366,81.5231411567228,55.0456990706178,108.683206854921,46.2593,0,-0.207423570842679,0,0
231,2015,63,86.0820623889417,25.5066218648428,36.3452643144594,24.2301762096396,86.2240537035952,1.22574074175646,81.5231411567228,41.16186479748,75.0719532493999,47.0547,-0.003,0.404296135606354,0,0
231,2016,63,75.0143538966543,28.0559217908917,28.1750592634576,18.783372842305,71.5329613732916,-0.153635686426871,81.5231411567228,42.9564282778949,91.8612412365877,45.3663,-0.006,0.233660162554458,0,0
231,2017,63,84.7145494310648,28.2331146302585,33.8888608804837,22.5925739203225,83.0399984216606,1.84574545402827,81.5231411567228,39.0962228842643,73.3919992971192,46.0975,-0.007,-0.216696730735417,0,0
231,2018,63,85.883918603985,28.9617989904588,34.1532717681157,22.7688478454105,78.8773616703061,1.5480698053383,81.5231411567228,51.0303793782536,106.84632531058,47.7395,-0.006,0.229233987939188,0,0
231,2019,63,84.5249268656774,28.3751382805922,33.6898731510511,22.4599154340341,73.1288769780049,1.40251744651038,81.5231411567228,33.8467085380676,67.531976429997,43.8802,-0.006,-0.0511041100082972,0,0
231,2020,63,90.0248332596363,28.1580945840131,37.1200432053739,24.7466954702493,82.4303704291889,0.313207331697642,81.5231411567228,41.816981193537,82.6416995585505,48.2242,-0.007,0.26176957255879,0,0
231,2021,63,72.2839023200105,26.8589395119059,27.2549776848628,18.1699851232418,57.8679791313613,1.15131551138462,81.5231411567228,42.1481073175282,67.0780118562372,40.9922,-0.006,-0.000320643803078932,0,0
232,2010,62,3093.01412611956,245.672744233182,1708.40482913183,1138.93655275455,3729.7613958172,19.8423622990645,77.6118420082738,74.9912389182157,128.546675294801,2049.6173,0.008,0.0368212625726724,0,0
232,2011,62,1212.17394115687,230.728791686437,588.867089682261,392.578059788174,1330.69187828261,39.3528127124552,77.6118420082738,67.8361040083622,97.0218437682081,826.5054,0.003,-0.0794483123959588,0,0
232,2012,62,1046.03748233966,226.232800104866,491.882809340874,327.921872893916,1151.96239927365,25.6669192872125,77.6118420082738,62.6632220042125,91.1243634804772,654.2555,1e-04,0.00183715441277596,0,0
232,2013,62,1411.74995973399,221.087804217959,714.397293309616,476.264862206411,1539.19921938807,4.36261020326372,77.6118420082738,93.6005715524407,105.337180552195,984.4001,0.002,0.182551796400508,0,0
232,2014,62,2146.3003377523,226.224652123123,1152.04541137751,768.03027425167,2371.73212723714,16.7615189239874,77.6118420082738,54.8948664172475,92.3540970388574,1314.8997,0,0.16745173605332,0,0
232,2015,62,1600.42657607359,220.892451058281,827.720475009183,551.813650006122,1879.5838243349,8.19524824120928,77.6118420082738,82.7579563521841,123.864891520043,1043.6996,-0.003,0.195491802177018,0,0
232,2016,62,2086.89000096379,246.601739331917,1104.17295697913,736.11530465275,2130.62695582557,55.4598856382557,77.6118420082738,89.8499457542558,133.898564171575,1371.4542,-0.006,-0.230950966007364,0,0
232,2017,62,1367.26360517105,205.121032885683,697.285543371219,464.857028914146,1601.90215288664,26.3436178326027,77.6118420082738,44.9802469856151,75.5232231768021,848.6446,-0.007,0.15736800489844,0,0
232,2018,62,1559.0908221431,180.017690633129,827.44387890598,551.629252603987,1877.47588364567,25.975127830433,77.6118420082738,118.539493657474,166.3227077105,1013.5497,-0.006,0.0140174814268575,0,0
232,2019,62,745.681617070992,188.981459179544,334.020094734869,222.680063156579,714.15001892054,2.79079488254341,77.6118420082738,103.891455530495,105.770015976783,470.675,-0.006,0.0857971419270759,0,0
232,2020,62,1279.83789741951,207.847914516009,643.193989742102,428.795993161401,1234.78651637063,29.7791749048599,77.6118420082738,124.670268225478,234.552584293601,813.8392,-0.007,0.0681058740477571,0,0
232,2021,62,1243.38570894091,185.964452213119,634.452754036676,422.968502691117,1344.09249459358,19.7180015278751,77.6118420082738,84.292192548377,145.471756635419,823.1538,-0.006,0.061358372382876,0,0
233,2010,60,8950.41383501143,4065.92961079994,2930.6905345269,1953.7936896846,7822.28700059632,270.577495152245,80.0493229085513,33.252806173555,58.5606290254438,11638.2431,0.008,-0.0955647769874577,1,0
233,2011,60,7718.13910999783,3607.75007626879,2466.23342023742,1644.15561349162,6124.17421727944,141.940170655663,80.0493229085513,28.6926275664745,47.4404038411798,9173.6131,0.003,-0.0295581515933559,1,0
233,2012,60,9014.94345230134,3799.74565756178,3129.11867684373,2086.07911789582,6925.41011790177,117.206648000391,80.0493229085513,33.0779829816024,61.3745668213243,12475.001,1e-04,0.13181632917988,1,0
233,2013,60,9501.155261494,3701.16983332987,3479.99125689848,2319.99417126565,7210.01023323569,8.88188231677273,80.0493229085513,30.3262100614282,49.4522659271666,10425.4289,0.002,0.432673589445824,1,0
233,2014,60,5811.1018660667,2986.22920213494,1694.92359835906,1129.9490655727,3920.30111588538,146.606633815941,80.0493229085513,26.9479364994723,61.7257075661483,7737.3415,0,0.179226532296258,1,0
233,2015,60,9135.50317688175,3804.27556422521,3198.73656759392,2132.49104506262,7010.13183382007,305.925449343941,80.0493229085513,23.4357374987637,37.3683512891494,12018.1543,-0.003,-0.107507548511608,1,0
233,2016,60,8181.66563649012,3768.92907138577,2647.64193906261,1765.09462604174,6154.24094660529,141.567585528524,80.0493229085513,33.6969284130355,65.26966507592,9623.1159,-0.006,-0.319685278430397,1,0
233,2017,60,8812.93438424634,4305.89890852163,2704.22128543483,1802.81419028988,6938.41034602589,196.21658145764,80.0493229085513,30.6722046660574,65.0399133986251,10681.7213,-0.007,-0.000595704327174949,1,0
233,2018,60,9483.67050055259,4640.02185001119,2906.18919032484,1937.45946021656,6529.31849531561,82.687143654824,80.0493229085513,23.6064613447078,44.553372366558,11731.2076,-0.006,-0.127684670557871,1,0
233,2019,60,7504.34770180884,3413.31157684289,2454.62167497957,1636.41444998638,5088.18242405954,113.981549469074,80.0493229085513,21.7224895021852,37.2751981325673,8809.6782,-0.006,0.130762226257768,1,0
233,2020,60,7137.84251174836,3318.95624976061,2291.33175719265,1527.5545047951,5788.49225564579,136.841875176391,80.0493229085513,22.5557749828189,39.8298938002165,9274.8188,-0.007,0.0892613566305993,1,0
233,2021,60,10776.8249511011,3850.81037546658,4155.60874538073,2770.40583025382,10440.2925220296,238.12582080622,80.0493229085513,27.2459774255182,35.5924601975072,14042.3123,-0.006,-0.0187210902330376,1,0
234,2010,63,407.114761143949,178.473554381332,137.18472405757,91.4564827050469,327.820012727737,8.34073663639488,69.1676339022567,18.3086232164904,19.7920197500641,586.7361,0.008,-0.00860470714288138,0,0
234,2011,63,424.768891908783,201.451650903731,133.990344603031,89.3268964020209,354.505091441798,9.97102850301096,69.1676339022567,17.0637988791665,25.0278747837211,593.9237,0.003,0.3498867197494,0,0
234,2012,63,440.29547585987,182.748311112016,154.528298848713,103.018865899142,365.725625575074,6.06613153287133,69.1676339022567,20.172606485948,17.576825632455,612.9221,1e-04,0.283693307504809,0,0
234,2013,63,374.474779262109,180.493194285382,116.388950986036,77.5926339906909,275.465481187715,2.06587582939976,69.1676339022567,19.7409155541888,16.7694547790637,483.3479,0.002,-0.096780410428501,0,0
234,2014,63,476.530388507682,185.637763006436,174.535575300748,116.357050200498,378.489027642116,NA,69.1676339022567,19.4305489565647,29.6192449596516,682.2861,0,-0.11510294965622,0,0
234,2015,63,351.247650653706,163.589508488303,112.594885299242,75.0632568661613,266.582831926988,8.71054685629444,69.1676339022567,12.9563737527286,14.4589308853639,500.1169,-0.003,0.104686030670813,0,0
234,2016,63,394.050662060086,153.501886356607,144.329265422087,96.2195102813914,374.474836790411,9.09418563732752,69.1676339022567,15.6268608114085,25.586021228857,541.7781,-0.006,-0.0792553412370578,0,0
234,2017,63,409.44521957301,177.433646082731,139.206944094168,92.8046293961118,314.757602859989,3.64367184344155,69.1676339022567,16.8908344917685,19.4778915719532,637.5652,-0.007,0.238460715291097,0,0
234,2018,63,403.316849144035,185.329016829498,130.792699388723,87.1951329258151,287.158217023247,10.0154565372799,69.1676339022567,14.1998274960846,23.822761176081,508.1716,-0.006,0.0671918197748746,0,0
234,2019,63,465.483172464132,199.851362715989,159.379085848886,106.252723899257,346.544894702433,4.82447747193482,69.1676339022567,18.070184780831,26.4474520893164,688.0631,-0.006,0.17590176222292,0,0
234,2020,63,516.937780921438,221.793300992706,177.086687957239,118.057791971493,428.185395211456,17.2942894829835,69.1676339022567,14.5294607997762,23.9965521514881,732.8606,-0.007,0.309305553714927,0,0
234,2021,63,591.701439975406,217.310771337913,224.634401182496,149.756267454997,442.151824274552,22.0036462893662,69.1676339022567,16.2493989754648,42.6290021400255,839.2782,-0.006,0.3288049745853,0,0
235,2010,62,1307.27007911907,411.857014762046,537.247838614217,358.165225742811,1234.6603310614,29.7677409921145,16.2400762975866,68.2165259358764,23.4889740495058,1462.273,0.008,-0.00933533931276143,0,1
235,2011,62,1174.46340811176,438.475396924102,441.592806712593,294.395204475062,985.384221506941,15.0449979006948,16.2400762975866,63.2223752679328,16.770551517599,1182.8626,0.003,-0.224798551724993,0,1
235,2012,62,1191.09238882188,409.977292551098,468.669057762469,312.446038508313,1194.63108408174,8.83517679158607,16.2400762975866,51.2970601074531,12.3106879295059,1270.1452,1e-04,-0.282563842489583,0,1
235,2013,62,1097.76001354501,438.198944681864,395.73664131789,263.82442754526,1037.56859356651,NA,16.2400762975866,60.4579656828769,25.4348133488649,1213.4658,0.002,0.108212396373863,0,1
235,2014,62,1358.21754038112,406.019672034587,571.318721007917,380.879147338612,1197.9769001497,22.2844425272424,16.2400762975866,42.4739343483097,13.4630712016324,1451.8208,0,0.231948988959991,0,1
235,2015,62,1033.82863566629,354.90958754425,407.351428873222,271.567619248815,951.140807500097,42.2101759070992,16.2400762975866,59.92140597415,17.0417296240933,1100.0175,-0.003,0.101674498919291,0,1
235,2016,62,1005.47249530456,364.69320718473,384.467572871897,256.311715247932,870.706241083113,24.5301967771149,16.2400762975866,36.6546257600535,4.80315485598849,1067.8202,-0.006,0.290225352604719,0,1
235,2017,62,1106.99211071163,398.05010789449,425.365201690281,283.576801126854,823.2954986602,17.7447687199856,16.2400762975866,42.2742214430162,20.9536248939488,1140.3349,-0.007,-0.407771208323501,0,1
235,2018,62,1389.19838164997,425.813905108649,578.030685924795,385.35379061653,1190.81488939282,61.325104059163,16.2400762975866,71.2958093355542,22.906941234951,1461.1747,-0.006,0.162460587771702,0,1
235,2019,62,1277.36802293913,405.094501993825,523.364112567184,348.909408378123,1058.03309669626,29.1068545123153,16.2400762975866,58.8785783927891,20.0034936917138,1372.3888,-0.006,0.00781306035286981,0,1
235,2020,62,1468.68514666763,428.970589808167,623.828734115676,415.885822743784,1532.53771591408,33.5719495584149,16.2400762975866,60.6234637073353,20.0380560798035,1635.1924,-0.007,0.291969585326889,0,1
235,2021,62,1045.24193586672,400.819034110463,386.653741053755,257.769160702504,957.157377041115,33.7616834375583,16.2400762975866,61.0203445203464,18.0522716965903,1056.1482,-0.006,0.179614163221941,0,1
236,2010,63,413.346959135195,149.7264136027,158.172327319497,105.448218212998,364.000424217838,1.13700823442513,21.1199668465777,25.4285228709937,7.84502622504614,437.2676,0.008,0.00879825483078835,0,0
236,2011,63,508.753516697347,182.733020316811,195.612297828321,130.408198552214,452.158203769268,12.5822743666495,21.1199668465777,40.2133214724181,18.0456899512917,526.3527,0.003,0.299213181205017,0,0
236,2012,63,400.837790084936,166.80196771515,140.421493421872,93.6143289479145,322.609143267378,5.93731557379248,21.1199668465777,32.5060177382337,15.0672471232557,420.2879,1e-04,-0.286794171573697,0,0
236,2013,63,447.08854790035,173.64533679695,164.06592666204,109.37728444136,394.905915245984,9.982963497129,21.1199668465777,27.0967664337475,14.7497848283249,436.92,0.002,0.152626569676243,0,0
236,2014,63,533.536764563347,171.132149385659,217.442769106613,144.961846071075,494.921428813517,3.26947295735011,21.1199668465777,36.7443913670629,15.8526398012086,531.3291,0,-0.199157742030343,0,0
236,2015,63,404.386996984199,172.169632902602,139.330418448958,92.8869456326386,272.708445355258,5.85282295935699,21.1199668465777,41.7718531301563,17.1070319814385,455.0482,-0.003,-0.123152110033232,0,0
236,2016,63,483.713024076425,166.383133018092,190.397934635,126.931956423333,392.36264040109,NA,21.1199668465777,34.4063108697568,13.0202781819091,461.4367,-0.006,0.0068672554927492,0,0
236,2017,63,364.661880323091,149.184530171364,129.286410091036,86.1909400606907,299.877496681568,-1.27436624025655,21.1199668465777,34.6964847318628,7.77291444687775,397.524,-0.007,0.464968415560825,0,0
236,2018,63,444.741989185226,186.425216805731,154.990063427697,103.326708951798,400.123789829501,15.4832371461794,21.1199668465777,34.3043471228806,11.9479158880903,481.8482,-0.006,0.163960182229233,0,0
236,2019,63,487.255813775082,169.124121387714,190.879015432421,127.252676954947,464.114074228793,5.91490981843095,21.1199668465777,35.8555571085077,10.8297881129365,506.2251,-0.006,-0.0623196758087289,0,0
236,2020,63,408.746346232708,153.504620474268,153.145035455064,102.096690303376,333.263103389387,10.0539699589022,21.1199668465777,31.9728815630208,7.10107800930829,459.2763,-0.007,-0.00947253662034657,0,0
236,2021,63,473.748035060459,183.395908289139,174.211276062792,116.140850708528,441.864569515422,-2.65456384080581,21.1199668465777,38.2660680595697,18.6975714668867,536.2267,-0.006,0.345731631382533,0,0
237,2010,62,1463.82663873003,366.865345420943,658.17677598545,438.784517323634,1350.29701659082,42.0543055595324,90.5819205238954,39.3266449113965,101.690986229435,734.0318,0.008,0.0619346872266596,0,0
237,2011,62,1194.43925076509,448.350787491103,447.653077964389,298.435385309593,1054.80634986374,47.3989805254147,90.5819205238954,51.4726427083267,98.2660697079903,578.1215,0.003,-0.00166624840951919,0,0
237,2012,62,1219.96223711044,472.741721477026,448.332309380049,298.888206253366,1107.55504334553,40.1000682913974,90.5819205238954,57.2994516086803,100.367301043214,602.1707,1e-04,0.248774531315624,0,0
237,2013,62,1195.14765189135,431.396217999392,458.250860335175,305.500573556783,1066.79320304052,46.6538804723079,90.5819205238954,49.1677499226616,98.9584629810394,593.148,0.002,0.105258313602734,0,0
237,2014,62,1205.94394065252,456.66085221045,449.56985306524,299.713235376827,1146.8395649492,23.5902862058488,90.5819205238954,53.9097739940098,113.623128104216,622.265,0,0.111095180152268,0,0
237,2015,62,1714.7189893721,585.705063311748,677.408355636209,451.60557042414,1575.19805509829,29.608979347719,90.5819205238954,43.2288077859388,95.8868188934378,889.8988,-0.003,0.0846372938655803,0,0
237,2016,62,1663.92378364611,531.259169873575,679.598768263523,453.065845509015,1454.37752928986,25.5835728442493,90.5819205238954,44.6561161778458,78.6477526332194,815.0842,-0.006,0.185606543297995,0,0
237,2017,62,1172.44819997973,423.43095031815,449.410349796946,299.606899864631,877.262350733759,34.3828777989122,90.5819205238954,48.1705351905813,120.12488583369,592.9151,-0.007,-0.0921407287640689,0,0
237,2018,62,1335.32897057932,450.755737230963,530.743940009013,353.829293339342,1112.16000229632,25.2968274402494,90.5819205238954,33.2088752227679,68.5677972831559,634.4184,-0.006,-0.0783279775175449,0,0
237,2019,62,1480.95325891486,447.224420193545,620.23730323279,413.491535488527,1359.80269577299,38.1510807131253,90.5819205238954,46.2262213120246,111.144499107607,748.1613,-0.006,0.124407975236878,0,0
237,2020,62,1281.25967488835,419.878718012519,516.828574125497,344.552382750331,1285.21456082467,38.1442773230711,90.5819205238954,41.6796912430105,81.3140077594531,677.193,-0.007,-0.169882925735297,0,0
237,2021,62,1763.53676011805,508.023817596249,753.307765513082,502.205177008721,1832.33155066405,46.09310417251,90.5819205238954,65.8049310590439,103.673697584114,817.047,-0.006,-0.168908585382732,0,0
238,2010,61,3936.90776568117,348.963086089667,2152.7668077549,1435.1778718366,4590.99227510795,129.502542579372,31.0814124896279,67.4324112017942,57.9276774743513,4570.6096,0.008,0.144431686612333,0,0
238,2011,61,3462.32754154888,326.977011638859,1881.21031794601,1254.14021196401,3797.4209825189,74.181209638296,31.0814124896279,63.494729143463,31.6588561376054,4118.5008,0.003,0.252641884513765,0,0
238,2012,61,2393.09576953515,439.660708146773,1172.06103683302,781.37402455535,2229.11654842559,69.4773381383354,31.0814124896279,64.4985031839601,44.420527288735,2692.0335,1e-04,-0.222710950728931,0,0
238,2013,61,2269.12128470184,358.434426087039,1146.41211516888,764.27474344592,2445.64434076991,24.0159377115865,31.0814124896279,80.3575148683158,44.1768617470147,2558.8736,0.002,0.289581551381629,0,0
238,2014,61,2220.4998159529,371.66668987741,1109.2998756453,739.533250430198,2087.81443428856,47.2284974620164,31.0814124896279,77.2104644548981,53.5005558781338,2684.0741,0,-0.257728975812587,0,0
238,2015,61,2608.92780479448,419.965305459076,1313.37749960124,875.584999734163,2586.52226107157,29.8975164975695,31.0814124896279,51.217087889607,34.9050569535615,3150.3544,-0.003,0.0529784539234437,0,0
238,2016,61,2106.49526332605,369.342793855745,1042.29148168218,694.860987788121,2138.80117968925,51.500489684699,31.0814124896279,65.7810244355304,45.1254416060739,2392.6155,-0.006,0.157266312297561,0,0
238,2017,61,2722.96828601032,344.633055448988,1427.0011383368,951.334092224533,3183.61275691272,43.2210262494365,31.0814124896279,60.6194483261466,40.9781588409761,3183.3032,-0.007,-0.261966575758358,0,0
238,2018,61,5877.50989966611,390.877987854455,3291.97914708699,2194.65276472466,7033.41212816417,57.7720410264772,31.0814124896279,72.8654549463735,42.0209825262498,6542.271,-0.006,-0.115670639380314,0,0
238,2019,61,6149.67450782505,355.707806113109,3476.38002102716,2317.58668068478,7496.35250600901,76.8837931459925,31.0814124896279,60.9665897474262,29.1075696627665,7303.0344,-0.006,-0.292688758687247,0,0
238,2020,61,2221.18309950927,390.515761657301,1098.40040271118,732.266935140789,2147.39754721574,53.9139543829616,31.0814124896279,57.5662447000057,53.4455026821837,2756.806,-0.007,0.1492329083948,0,0
238,2021,61,2315.92809795753,354.172188749342,1177.05354552491,784.702363683276,2440.35657521308,74.8465732479897,31.0814124896279,59.490564982253,32.1786932220503,2706.2007,-0.006,0.190704769977154,0,0
239,2010,62,273.76775830651,90.3611468876869,110.043966851294,73.3626445675292,256.917915495003,3.55304777113875,90.1966385212909,10.7998277723805,16.4647716674043,263.6206,0.008,-0.00447006732912134,0,0
239,2011,62,486.022372804277,102.802022479706,229.932210194742,153.288140129828,448.824396952573,10.63024519267,90.1966385212909,16.463649259919,13.1539456748697,435.6024,0.003,0.322732116449336,0,0
239,2012,62,388.365221270328,92.5700175012561,177.477122261443,118.318081507629,374.773042865248,9.09797128114047,90.1966385212909,9.92398364021584,18.223545316185,335.6699,1e-04,0.222318102493388,0,0
239,2013,62,408.090600634823,102.784592736,183.183604739294,122.122403159529,369.229454960875,5.51836012525452,90.1966385212909,11.159711147863,21.0240058171353,332.893,0.002,0.0750292683738511,0,0
239,2014,62,429.071737134355,113.49261825333,189.347471328615,126.23164755241,384.625258549341,11.4978018082942,90.1966385212909,11.5973898982468,21.6438195619574,371.0951,0,0.0873352236275102,0,0
239,2015,62,471.906586668228,93.440191447012,227.07983713273,151.386558088486,426.452831956961,4.26627479133386,90.1966385212909,13.7981343142553,31.5603966081107,442.2265,-0.003,-0.0683564225798627,0,0
239,2016,62,430.570282074545,102.461049424997,196.865539589729,131.243693059819,448.812898747642,12.7268016297129,90.1966385212909,14.7481651437919,29.9511490131714,422.6916,-0.006,-0.50456015137106,0,0
239,2017,62,401.559046589138,100.418296505421,180.684450050231,120.456300033487,354.00690332525,6.893422293094,90.1966385212909,13.3465178018304,24.9524575058485,384.3937,-0.007,0.109893505618125,0,0
239,2018,62,345.913666083823,98.1128554258291,148.680486394796,99.1203242631976,315.886873413084,NA,90.1966385212909,11.1564736896682,21.6578773050397,313.2694,-0.006,-0.200804507802069,0,0
239,2019,62,517.656434684193,108.96805849113,245.213025715838,163.475350477225,522.259542083373,10.3682915607843,90.1966385212909,11.3375681483344,25.5946942616408,463.1771,-0.006,0.0979988487389834,0,0
239,2020,62,334.101037638075,89.5071959141299,146.756305034367,97.837536689578,300.909165808479,8.0404539420831,90.1966385212909,12.3646636665715,28.1507751427961,302.0856,-0.007,-0.187344129656816,0,0
239,2021,62,426.740462404202,98.4078293264282,196.999579846664,131.333053231109,403.079237176578,14.8202811731806,90.1966385212909,12.5250994225049,21.2368079565821,414.4042,-0.006,0.0407841387397657,0,0
240,2010,61,5686.0435658085,511.288715555392,3104.85291015186,2069.90194010124,7114.36946922501,192.21497614666,103.718075528221,15.248792577309,15.6359813961404,6702.6973,0.008,-0.152787059770149,0,0
240,2011,61,6377.9719719543,584.612771039832,3476.01552054868,2317.34368036579,7341.69278920737,148.710599682653,103.718075528221,13.5789774650616,27.6198612436298,8469.0113,0.003,0.289803904179148,0,0
240,2012,61,5635.49998519869,651.792834941315,2990.22429015443,1993.48286010295,6646.28847015967,46.3256828902948,103.718075528221,16.4555835390294,29.8027219860876,6962.7382,1e-04,-0.0128332883325098,0,0
240,2013,61,3812.72703617774,533.123017843778,1967.76241100038,1311.84160733358,4536.28251123084,101.050732468417,103.718075528221,13.5185141266218,21.3032887570144,5086.413,0.002,0.0473184199339041,0,0
240,2014,61,2468.04019233284,551.006516072087,1150.22020575645,766.813470504299,2165.7568900037,51.6258250996446,103.718075528221,14.0891255555992,27.1134951930733,3337.0728,0,-0.0484051449039762,0,0
240,2015,61,7268.7872526851,591.915590510811,4006.12299730458,2670.74866486972,7716.4701648412,200.56218612243,103.718075528221,12.4258279264684,28.9977690641106,9011.7506,-0.003,-0.204406635904112,0,0
240,2016,61,4210.88156658031,562.600628225469,2188.9685630129,1459.31237534194,4866.05149881215,8.7852879500154,103.718075528221,14.6702672586852,34.4488350318019,5221.5254,-0.006,-0.202776086795768,0,0
240,2017,61,4716.61773771403,579.686779161683,2482.15857513141,1654.77238342094,5505.9963349159,122.55333506223,103.718075528221,11.2863146128581,25.1008511107954,5779.2564,-0.007,-0.216862709965621,0,0
240,2018,61,5206.48366731039,490.590802844312,2829.53571867965,1886.35714578643,5366.1739613949,102.886048882455,103.718075528221,14.030789512674,26.4419697592999,6748.6113,-0.006,0.283273167718353,0,0
240,2019,61,3998.06875088119,558.947473526274,2063.47276641295,1375.64851094197,4779.13192419107,115.171634681372,103.718075528221,11.9985659588393,39.3879369015049,5479.5162,-0.006,0.172565129761508,0,0
240,2020,61,4770.1276629027,618.472523901965,2490.99308340044,1660.66205560029,4661.12335323686,52.0145073667832,103.718075528221,9.40907174142188,23.2039944265748,6743.5491,-0.007,0.0523793551727019,0,0
240,2021,61,5237.63140955225,680.756737731755,2734.1248030923,1822.7498687282,5261.50710188109,100.603235894937,103.718075528221,13.0806540678805,30.7574724852169,7241.4419,-0.006,0.0137918227050958,0,0
241,2010,60,987.393170144156,460.014099850176,316.427442176388,210.951628117592,861.599331122607,31.9357731505256,86.3499686674637,48.0195805424026,79.2935212470818,1241.6736,0.008,-0.0741060248965454,1,1
241,2011,60,1098.21643093909,416.939904968666,408.765915582252,272.510610388168,1046.05354118854,23.5727658235392,86.3499686674637,40.0125680919697,90.3089119659609,1339.182,0.003,0.215971270246881,1,1
241,2012,60,1333.52380089309,562.440848516418,462.649771426005,308.43318095067,1109.36397155144,21.6291242702816,86.3499686674637,62.1859948113695,83.6380409250258,1559.3277,1e-04,0.414093891663847,1,1
241,2013,60,1199.36485315049,466.769252077627,439.557360643717,293.038240429145,899.541670808411,21.3061325770589,86.3499686674637,65.8843090036207,146.187086766286,1445.4978,0.002,0.247535501770077,1,1
241,2014,60,1469.84727700845,538.283710986324,558.938139613274,372.625426408849,1292.13297949628,29.8950844799904,86.3499686674637,63.7047485294629,117.189912001006,1685.0741,0,-0.214741850464972,1,1
241,2015,60,1429.48000394571,532.57881171131,538.140715340641,358.760476893761,1217.63521327719,10.2223497417015,86.3499686674637,40.6498074684731,110.107293946014,1715.8816,-0.003,0.227909799089778,1,1
241,2016,60,1149.20217963284,529.906489791194,371.577413904986,247.718275936657,743.516976641875,22.8096320850245,86.3499686674637,75.2498612777244,156.717317742837,1364.5784,-0.006,-0.0586770313428003,1,1
241,2017,60,1760.04222733705,587.51392677283,703.516980338531,469.011320225687,1718.31823269631,42.8053479527333,86.3499686674637,63.8788065997347,86.5152683116567,2045.61,-0.007,-0.0988705803595244,1,1
241,2018,60,1011.65418019265,431.75189694518,347.941369948483,231.960913298988,878.000448349763,28.5451966412942,86.3499686674637,65.2430979103224,135.937316490161,1170.3897,-0.006,9.76244275398205e-05,1,1
241,2019,60,1246.45069614147,539.040869676885,424.445895878754,282.963930585836,883.091837758017,41.7190057724886,86.3499686674637,50.190086362346,26.7888701475235,1527.8108,-0.006,-0.209963596676538,1,1
241,2020,60,1360.19017478045,515.778795179556,506.646827760538,337.764551840358,1214.82746459259,47.5831359109444,86.3499686674637,55.7754725595587,115.05449085217,1623.1016,-0.007,0.0642590301710302,1,1
241,2021,60,1174.26514239964,489.985891478033,410.567550552964,273.711700368642,824.385503173024,45.7967257816333,86.3499686674637,45.4230837661855,47.5341913428816,1387.1693,-0.006,0.278042979872982,1,1
242,2010,63,3088.7390528634,964.952258001229,1274.2720769173,849.51471794487,2936.6349888562,99.2978480560637,23.5623043839723,27.311732154276,12.727307404877,2911.1455,0.008,-0.0189246852884986,0,1
242,2011,63,3078.15514038897,779.913941927298,1378.94471907701,919.296479384671,2962.0084343772,40.9918688640206,23.5623043839723,24.6089112668835,17.8003973892583,2728.9155,0.003,0.0640913272140822,0,1
242,2012,63,3108.175296733,1059.84726951468,1228.99681633099,819.331210887324,2365.6552064146,43.257351640685,23.5623043839723,14.7621906246505,7.20263416905633,2612.7829,1e-04,-0.267815749219877,0,1
242,2013,63,3524.45539419315,957.763923077066,1540.01488266965,1026.67658844643,3561.11414809277,58.7945459580809,23.5623043839723,23.0122967335636,5.55050029264186,3137.375,0.002,-0.446489386276322,0,1
242,2014,63,2170.11471246191,796.554341495622,824.136222579775,549.424148386517,1900.64080116731,24.9476420840374,23.5623043839723,24.8286876101761,11.8187374293254,1910.925,0,0.0876063493480653,0,1
242,2015,63,2864.98128212402,1008.94665459929,1113.62077651484,742.413851009892,2421.85778938936,58.7493964259036,23.5623043839723,28.7456208616268,8.26571518563559,2567.6627,-0.003,-0.282701582001283,0,1
242,2016,63,2574.06185300571,965.975282627551,964.851942226893,643.234628151262,2029.41799849781,52.5773096089305,23.5623043839723,21.340463919009,11.4096080871503,2248.583,-0.006,0.287245971028368,0,1
242,2017,63,2542.97116586376,883.592919210232,995.626947992118,663.751298661412,2243.68115942798,60.5859038124873,23.5623043839723,24.2594423130028,12.7949019668094,2161.5635,-0.007,-0.0537273903628198,0,1
242,2018,63,2968.67840434942,895.410759059586,1243.9605871739,829.307058115933,2382.81618901852,51.6640368322285,23.5623043839723,33.2199143769815,12.5274777900347,2891.4315,-0.006,0.331746478532535,0,1
242,2019,63,2402.31612516261,793.668649469509,965.18848541586,643.45899027724,2066.31335313095,60.5088024650027,23.5623043839723,16.1035451242937,7.13628282507288,2297.3062,-0.006,-0.39301081405528,0,1
242,2020,63,3003.82158568605,887.915500973581,1269.54365082748,846.362433884988,2986.97736999873,52.1999532719192,23.5623043839723,20.9972170015138,8.11649394249968,2763.2106,-0.007,-0.236763882688096,0,1
242,2021,63,2971.60314914143,928.148113611901,1226.07302131772,817.382014211813,2347.55350646934,61.2435624367087,23.5623043839723,23.097385546332,12.1834743443919,2659.2021,-0.006,0.312634480466739,0,1
243,2010,63,424.156427979126,179.817542153028,146.603331495659,97.7355543304391,317.226512323102,5.38630350330236,68.6630923750405,21.7553328705383,14.8701361327316,651.4938,0.008,-0.244240161535404,0,0
243,2011,63,527.757258942345,207.163065101762,192.35651630435,128.237677536233,391.988811339054,6.71134795521208,68.6630923750405,23.7762416342788,20.0785976102773,764.8144,0.003,0.0727601196037722,0,0
243,2012,63,471.505689808176,217.949744280949,152.133567316336,101.422378210891,328.370752752798,7.74097823749806,68.6630923750405,13.8885276256015,22.9695880516389,643.8617,1e-04,0.225100711457097,0,0
243,2013,63,586.885680379238,250.232699237716,201.991788684914,134.661192456609,444.817227891521,12.3314469236187,68.6630923750405,21.6220077311549,25.8644732620309,846.5539,0.002,0.0424001609288388,0,0
243,2014,63,534.214991404614,222.274441331221,187.164330044036,124.776220029357,441.935754861678,6.95106380121128,68.6630923750405,22.3817128527558,27.8524768869005,770.1276,0,0.143311517865061,0,0
243,2015,63,659.417545979618,239.412003337427,252.003325585315,168.002217056877,507.679707945799,7.30907172724307,68.6630923750405,18.910189935649,29.7850829877101,871.1041,-0.003,0.264157852584781,0,0
243,2016,63,644.991550445533,244.592391405926,240.239495423764,160.159663615843,575.0039281881,15.3535688517749,68.6630923750405,18.7570999791419,24.8339356479402,853.5389,-0.006,-0.405561100618153,0,0
243,2017,63,495.906451099058,222.239158350936,164.200375648873,109.466917099249,388.509830171381,11.3574931565717,68.6630923750405,13.475323854581,16.1060032082332,754.8079,-0.007,-0.0670800323435963,0,0
243,2018,63,457.479785739113,198.735689027393,155.246458027032,103.497638684688,414.372538991216,12.8346567325787,68.6630923750405,17.911724930613,28.5847634978448,630.4505,-0.006,0.294200972302266,0,0
243,2019,63,449.490087398016,174.579250749623,164.946501989036,109.964334659357,379.70573714254,12.5831127013318,68.6630923750405,17.7556723065983,24.8300514543256,631.9991,-0.006,0.0761777769142352,0,0
243,2020,63,666.753695270321,233.650894188242,259.861680649247,173.241120432832,633.239278930313,13.4758799309264,68.6630923750405,28.1200417132602,35.22705711937,962.8273,-0.007,0.259678869553095,0,0
243,2021,63,426.831863246766,182.522220376342,146.585785722255,97.7238571481698,291.131538243884,18.298489905558,68.6630923750405,25.4017520811842,33.4641904893584,585.4549,-0.006,0.228406986541884,0,0
244,2010,62,806.699153284187,240.442791564131,339.753817032033,226.502544688022,758.108099726989,21.7911702767084,13.9707901379473,37.6121417094175,12.1606232130289,504.855,0.008,0.110812292505561,1,0
244,2011,62,613.857795981657,227.291358075522,231.939862743681,154.626575162454,477.260218588498,4.68859226749396,13.9707901379473,34.2349793129792,8.42340485445401,370.8847,0.003,0.0682255742470476,1,0
244,2012,62,652.1611716465,216.725745344065,261.261255781462,174.174170520974,594.853195315951,20.9633014098006,13.9707901379473,39.0918449962548,13.0184196752906,382.4285,1e-04,-0.0538976805931839,1,0
244,2013,62,811.273381554924,232.628077527606,347.187182416391,231.458121610927,733.201195649722,3.85562018294288,13.9707901379473,33.4847890111847,6.95092034772519,509.8778,0.002,0.113758743873698,1,0
244,2014,62,556.256623611468,220.922894011443,201.200237760015,134.13349184001,433.548922822685,8.96636421539542,13.9707901379473,43.1937921748955,11.2146695521976,322.5926,0,-0.0954481211401625,1,0
244,2015,62,872.243575010302,198.017956076926,404.535371360025,269.69024757335,970.6947947651,6.41161910154258,13.9707901379473,42.5134446032931,7.21769937913075,469.7467,-0.003,-0.390365462607193,1,0
244,2016,62,932.247566993336,261.028099149322,402.731680706408,268.487787137606,871.032825537185,22.9818315532189,13.9707901379473,37.2438490726746,8.74483777815291,568.8342,-0.006,0.0782060263048592,1,0
244,2017,62,727.103377731453,236.28275962108,294.492370866223,196.328247244149,651.376246815141,16.2728705663931,13.9707901379473,43.7720779526804,11.7066294527532,452.9614,-0.007,-0.34698353670639,1,0
244,2018,62,663.1112377567,227.131128829238,261.588065356477,174.392043570985,585.436585573654,9.75902467144797,13.9707901379473,32.268628594603,12.3807877533168,408.1913,-0.006,0.320334695083391,1,0
244,2019,62,928.087160147673,244.474973713063,410.167311860766,273.444874573844,813.541792664852,13.0373218746279,13.9707901379473,32.3681789711419,9.71916862716725,539.7256,-0.006,-0.265811302070588,1,0
244,2020,62,823.039084737554,219.845506189305,361.916147128949,241.2774314193,704.088952083786,35.012048359167,13.9707901379473,46.3591240616613,10.4832508066094,501.227,-0.007,0.0288480760709294,1,0
244,2021,62,883.712407691294,221.468565763725,397.346305156541,264.897536771027,819.984898245271,21.2188258575015,13.9707901379473,44.1857744685752,10.5016235448582,502.8277,-0.006,0.260417442155091,1,0
245,2010,62,6377.0554619199,1048.88846716978,3196.90019685008,2131.26679790005,6201.5326245991,65.9261757807488,67.543697234123,66.7852445976432,64.5303138553115,7867.3187,0.008,0.0394835298585525,1,0
245,2011,62,10634.6463101164,1409.83790693879,5534.88504190659,3689.92336127106,10591.7220464597,321.64346512991,67.543697234123,27.0190896509127,38.3475877843051,13285.9668,0.003,0.194819107226337,1,0
245,2012,62,5583.13106750566,1234.99619852333,2608.8809213894,1739.25394759293,4943.92106967329,142.400754979876,67.543697234123,59.4693489051097,52.1627519794327,6910.6679,1e-04,0.0484017338082857,1,0
245,2013,62,5979.83889695066,1388.80122921944,2754.62260063873,1836.41506709249,5863.77919442649,274.632206134438,67.543697234123,70.5764457175293,137.638274865798,7542.4775,0.002,0.14281230486002,1,0
245,2014,62,7002.23481404771,1274.56906452393,3436.59944971427,2291.06629980951,6706.87268403622,191.415648080035,67.543697234123,65.28433300804,92.7228162629867,8338.9296,0,0.157131900399083,1,0
245,2015,62,7335.60741419761,1238.19510394939,3658.44738614893,2438.96492409929,8428.34254188432,160.073376741941,67.543697234123,89.2158159971625,107.67687803496,8897.9394,-0.003,-0.0401380654711853,1,0
245,2016,62,12545.3444670896,1282.42495699985,6757.75170605384,4505.1678040359,14517.6634149172,25.0977280868151,67.543697234123,71.701529038452,103.313312752561,15958.3886,-0.006,-0.00866933811337792,1,0
245,2017,62,8683.83938154335,1315.5613377758,4420.96682626053,2947.31121750702,8453.79862367142,218.512248484086,67.543697234123,81.4144613554667,95.4716904072243,10386.6344,-0.007,-0.298158729119616,1,0
245,2018,62,8135.51324612298,1385.20726908116,4050.18358622509,2700.12239081673,7754.83301161553,223.069367314622,67.543697234123,53.1892283583705,76.7627572158203,9471.018,-0.006,-0.0342569592062863,1,0
245,2019,62,6507.39443289125,1308.22281484639,3119.50297082692,2079.66864721795,5875.83289783649,61.0161529933163,67.543697234123,87.9636497394492,129.852374579,8519.4383,-0.006,0.336232539118476,1,0
245,2020,62,7453.84502612094,1534.00726834713,3551.90265466428,2367.93510310952,7501.97039241688,33.3997649497191,67.543697234123,67.0862850586826,90.4522802150568,9038.1883,-0.007,0.146324425015332,1,0
245,2021,62,6024.20452826153,1425.62100232573,2759.15011556147,1839.43341037432,5671.22253985029,77.0179267688814,67.543697234123,88.9730989296954,109.337183722477,7264.8385,-0.006,-0.0256260050462814,1,0
246,2010,60,13092.0690538644,2549.22103208946,6325.70881306497,4217.13920870998,13192.536895701,216.474665101889,102.194293216917,15.8275179119073,39.7368622577428,14472.2252,0.008,0.521568993308707,0,0
246,2011,60,30398.0279149135,2380.46216551969,16810.5394496363,11207.0262997575,36635.172202582,1001.61947496755,102.194293216917,22.6478038128284,21.2621275402494,34257.3809,0.003,-0.236176722255692,0,0
246,2012,60,24622.9294340302,2733.51366008927,13133.6494643645,8755.76630957635,28931.930546509,365.225813317908,102.194293216917,18.9251725961579,49.630988341481,29180.1164,1e-04,0.315244403404643,0,0
246,2013,60,32241.9753345121,3004.89243946136,17542.2497370304,11694.8331580203,37040.1480971854,110.595892001113,102.194293216917,21.8786560258203,37.0785515127274,38481.4874,0.002,-0.059618248491383,0,0
246,2014,60,47341.3716268233,2765.79969926498,26745.343156535,17830.2287710233,51600.7627124926,464.618747586272,102.194293216917,19.1071236551045,32.3624576644367,52029.5864,0,0.100449514821715,0,0
246,2015,60,40711.5332914742,2983.64827247194,22636.7310114013,15091.1540076009,50398.7746872485,561.645467080996,102.194293216917,25.0533739166992,64.0932589394752,44780.9435,-0.003,-0.301828702466405,0,0
246,2016,60,70724.4619245851,2428.23486305589,40977.7362369175,27318.4908246117,82839.7229247503,1613.96926442919,102.194293216917,16.8177896300804,12.7805069112335,79679.9852,-0.006,-0.126767206368827,0,0
246,2017,60,31849.366250268,3032.91926181956,17289.8681930691,11526.5787953794,34676.9821576941,15.4372849160277,102.194293216917,17.3242101113325,36.5367729969315,36228.3404,-0.007,-0.231677714379635,0,0
246,2018,60,28387.4164600615,2289.06543605036,15659.0106144067,10439.3404096045,32773.3906388114,281.246461506259,102.194293216917,25.8029900057583,47.2856418128554,33388.0828,-0.006,0.169961923651249,0,0
246,2019,60,30433.8161448708,2712.47239419523,16632.8062504053,11088.5375002702,34967.8362265041,897.547800242525,102.194293216917,27.2097696559893,36.5774071694948,34378.7618,-0.006,-0.135762134257175,0,0
246,2020,60,38057.3603717953,2551.75255122936,21303.3646923396,14202.2431282264,43061.7179459702,1153.94357366765,102.194293216917,23.7427041639017,70.0816018037727,43161.1628,-0.007,-0.319926395739843,0,0
246,2021,60,23292.3250209142,3121.78420007675,12102.3244925024,8068.21632833496,26493.9608747206,423.794316277723,102.194293216917,26.309645499462,64.8887780130623,26373.4463,-0.006,0.119774930320271,0,0
247,2010,60,2152.43324158907,253.324908559385,1139.46499981781,759.643333211875,2251.19075359793,26.0370514588479,105.199497742347,48.0156308875441,99.5433290735375,2639.7675,0.008,-0.253924518724679,0,0
247,2011,60,3311.45322696469,221.188604586176,1854.15877342711,1236.10584895141,3959.0753213697,31.1446691026431,105.199497742347,46.3634911744702,94.1568884116153,4198.2224,0.003,0.189975918453122,0,0
247,2012,60,8215.26102613013,246.457830783904,4781.28191720774,3187.52127813849,10265.3819103023,247.283297969505,105.199497742347,56.8608535206664,66.0623703974311,9732.7947,1e-04,-0.0617502198053988,0,0
247,2013,60,3478.47897430144,261.220990354819,1930.35479036797,1286.90319357865,3708.07382958329,57.995012606409,105.199497742347,43.4565514246401,90.3730994705041,4318.4094,0.002,0.570845774157796,0,0
247,2014,60,6239.6840901459,248.394905190481,3594.77351097325,2396.51567398217,7438.16865713924,127.523891829313,105.199497742347,32.7453337245449,68.9665793136647,7744.1943,0,-0.0107936050177882,0,0
247,2015,60,3519.67111998882,215.958715921496,1982.22744244039,1321.48496162693,3786.58449849167,-14.3639598380362,105.199497742347,49.8677238654206,108.490571665585,4292.5773,-0.003,-0.120739360688784,0,0
247,2016,60,4854.2815757766,235.053933885013,2771.53658513495,1847.69105675663,5525.151011582,182.668978229769,105.199497742347,53.3824441644142,137.430965532347,6707.3471,-0.006,0.13507504186998,0,0
247,2017,60,2313.71719912147,287.640881608873,1215.64579050756,810.430527005039,2561.97004691803,35.3953275718805,105.199497742347,38.573921940227,79.0072164753987,2954.6202,-0.007,0.530262317506825,0,0
247,2018,60,1992.52056183797,226.951685325899,1059.34132590724,706.227550604827,2291.57895117078,58.0823370650346,105.199497742347,36.4404015823453,93.3969061317241,2730.7192,-0.006,-0.0419684658257911,0,0
247,2019,60,2127.31745831036,252.132601564138,1125.11091404773,750.073942698487,2194.33777400153,68.2487602687139,105.199497742347,33.3307161151786,96.5501931921144,2483.5656,-0.006,0.113991437519355,0,0
247,2020,60,3411.10440409091,252.832758936831,1894.96298709245,1263.30865806163,3725.62816790954,83.3984271064892,105.199497742347,47.9749405381566,137.924101123773,4188.7199,-0.007,-0.0248623516776054,0,0
247,2021,60,5318.22430686464,295.603023472242,3013.57277003544,2009.04851335696,6435.73554785767,67.3061754907253,105.199497742347,51.1312732282978,78.1711700269264,7043.0705,-0.006,-0.0956690040004428,0,0
248,2010,60,2034.78462082123,430.391837358557,962.635670077606,641.757113385071,1871.31387492653,26.2197840697881,45.067168638953,26.0543007026669,21.0144651074855,2350.066,0.008,0.00365920297765338,0,0
248,2011,60,1737.56850858701,392.150252261877,807.250953795079,538.167302530053,1613.06352586326,42.1661550272985,45.067168638953,21.4714325451949,20.6098014949898,2055.4992,0.003,0.178493667451237,0,0
248,2012,60,1937.95408622602,381.828456298914,933.675377956265,622.450251970843,1768.91131568737,43.3981595649304,45.067168638953,21.1610520730501,27.3200422967253,2443.9486,1e-04,0.33378570113214,0,0
248,2013,60,2386.46636493549,482.507415294978,1142.37536978431,761.583579856205,2477.36979000865,58.0523428205718,45.067168638953,21.0436158843886,21.3137970309412,3189.6913,0.002,-0.199694045323794,0,0
248,2014,60,2342.67354823754,396.788327959556,1167.53113216679,778.354088111194,2678.81513510828,25.8706410158222,45.067168638953,17.702507464541,24.2994131526337,3282.4014,0,0.0517494566836294,0,0
248,2015,60,1454.88799638331,363.432063738569,654.873559586842,436.582373057895,1571.37338839349,45.0885561416212,45.067168638953,21.7206128149139,17.158899625559,1848.492,-0.003,0.240612010970648,0,0
248,2016,60,1943.355680733,386.706386661805,933.989576442718,622.659717628479,1939.11721371834,50.6904794279909,45.067168638953,21.6367368450281,23.8469067435325,2608.1329,-0.006,-0.186517866827667,0,0
248,2017,60,2558.82135656916,399.9655920448,1295.31345871462,863.542305809744,2971.2835057255,52.8942956412934,45.067168638953,23.8874932125622,19.9804943185316,3465.6852,-0.007,-0.0182109612161815,0,0
248,2018,60,2201.03481643034,439.574911374534,1056.87594303348,704.583962022321,2161.08072162393,103.215033944397,45.067168638953,17.9752283463981,25.7017175203156,2562.918,-0.006,-0.0879327453556874,0,0
248,2019,60,2503.70330284449,371.532692164832,1279.30236640779,852.868244271863,2390.99871608138,79.4729123367832,45.067168638953,22.3075295210449,20.9793335940607,3146.8261,-0.006,-0.0911870393615028,0,0
248,2020,60,2957.00537415663,327.325718640069,1577.80779330994,1051.87186220662,2988.60798438881,71.176310718295,45.067168638953,19.9891627788832,14.6247876772188,3733.184,-0.007,0.299391302165461,0,0
248,2021,60,1922.07290238094,465.574170969721,873.899238846728,582.599492564486,1800.45235185905,24.2382697917656,45.067168638953,22.603106193833,12.7520553552262,2494.8127,-0.006,-0.17901999238403,0,0
249,2010,60,2991.1288432586,1021.51674072235,1181.76726152175,787.844841014498,2762.35113166686,-14.0692673976636,140.421972397685,59.760236777277,103.584501175715,2929.5985,0.008,-0.0253652392263527,1,0
249,2011,60,2836.96415660954,1014.17303957218,1093.67467022241,729.116446814942,2349.39192334573,89.2917863888349,140.421972397685,67.1287213215794,229.402337496217,2727.2999,0.003,0.217539338993888,1,0
249,2012,60,2621.73451918352,934.171184942707,1012.53800054449,675.025333696325,2201.07259995499,78.8984241874151,140.421972397685,63.8844228804356,204.670708481865,2442.1145,1e-04,-0.227342706843514,1,0
249,2013,60,2615.8260196601,1004.42738871259,966.839178568507,644.559452379005,2282.98653943201,92.9432880465654,140.421972397685,62.2253362329214,186.495987555673,2530.2301,0.002,0.0338585295045837,1,0
249,2014,60,2743.57501207296,1005.60977431182,1042.77914265668,695.186095104453,2205.3725296163,76.2703976695005,140.421972397685,70.3523506039615,206.035684736662,2958.4298,0,0.244869178129968,1,0
249,2015,60,2908.38774109331,1051.67707901263,1114.0263972484,742.684264832269,2746.20403216342,60.3422489023857,140.421972397685,57.7536192800899,123.833544052441,2837.1884,-0.003,-0.0410579788118756,1,0
249,2016,60,3337.32841506514,1116.45584599949,1332.52354143939,888.349027626261,2892.12500693941,30.8803969751735,140.421972397685,57.9897045739596,163.250831679455,3365.5714,-0.006,-0.215647949474817,1,0
249,2017,60,2898.14217466135,1222.09169031345,1005.63029060874,670.42019373916,2197.81448099625,40.1154706839939,140.421972397685,63.0004921045485,232.696692280765,2659.4028,-0.007,-0.0145051017165922,1,0
249,2018,60,3555.54587954441,1178.19307737834,1426.41168129964,950.941120866428,2858.7261803496,115.008005896814,140.421972397685,58.5335295987612,155.83213134615,3366.1537,-0.006,0.349628420623583,1,0
249,2019,60,2921.88399122735,1082.04649231468,1103.9024993476,735.934999565067,2473.96451103713,59.3310614903215,140.421972397685,69.5384264909082,191.259937586325,2966.0469,-0.006,0.19048235457149,1,0
249,2020,60,3204.5121242195,1023.1411959106,1308.82255698534,872.54837132356,2579.64109069421,76.7933103939876,140.421972397685,63.1513693284224,292.958402341693,3245.3006,-0.007,0.209538477302964,1,0
249,2021,60,3786.4054029191,970.054086157813,1689.81079005677,1126.54052670451,4060.47009751222,75.422412860034,140.421972397685,70.1164339788491,176.122895308553,3848.5619,-0.006,-0.0302669653478411,1,0
250,2010,60,2188.4252606803,722.948780589633,879.285888054403,586.190592036269,1827.40485352306,52.6764697223714,161.284077487794,37.9749082302406,103.165018771444,1497.7536,0.008,-0.16749932107758,0,0
250,2011,60,1787.60900800438,681.541299325671,663.640625207225,442.427083471484,1430.96084628515,56.3457166524193,161.284077487794,36.1403825165571,98.4937490486937,1169.6784,0.003,0.0721967648182619,0,0
250,2012,60,1786.32660557043,661.346964422213,674.987784688928,449.991856459285,1390.47025201293,55.4116720120049,161.284077487794,37.9122893745168,139.102098148038,1136.7242,1e-04,0.0862218315080148,0,0
250,2013,60,1805.72259333413,701.704000089545,662.411155946753,441.607437297835,1326.88475066805,56.566952873886,161.284077487794,39.1892342432971,137.725033297044,1283.9744,0.002,0.433251984727972,0,0
250,2014,60,2064.58248901457,681.97754209389,829.562968152411,553.041978768274,1991.44980943829,60.7682905720282,161.284077487794,42.7829040805766,128.90130531157,1400.4365,0,-0.116637693729008,0,0
250,2015,60,2051.430959153,710.550573147241,804.528231603456,536.352154402304,1962.55069104697,39.7792621332066,161.284077487794,38.0220478907744,115.642848186861,1485.04,-0.003,0.403961255958548,0,0
250,2016,60,1713.07937574475,600.865290983203,667.328450856929,444.885633904619,1594.90788946064,18.4548794788012,161.284077487794,44.7613971429776,161.442613451393,1262.4296,-0.006,0.123408826430937,0,0
250,2017,60,1658.20928191394,606.311666600401,631.138569188125,420.759046125416,1585.69246176062,26.5602509912891,161.284077487794,44.9873251873211,148.915609144356,1175.616,-0.007,-0.151339970088445,0,0
250,2018,60,1622.78398243342,566.94795988229,633.501613530678,422.334409020452,1373.33267798481,16.7965154561763,161.284077487794,35.1523069875235,71.2905516883599,1153.3103,-0.006,-0.144958470771896,0,0
250,2019,60,1786.21169184901,553.588227505173,739.5740786063,493.049385737533,1663.65996138743,43.8752721221767,161.284077487794,39.1762849144062,122.335383990327,1186.2031,-0.006,0.310514376019397,0,0
250,2020,60,2015.75887871398,715.135551697726,780.373996209752,520.249330806501,1834.884472327,40.9513520425093,161.284077487794,52.1537633107807,103.122329602888,1508.6849,-0.007,0.234220616232023,0,0
250,2021,60,1986.23600373444,728.092866037003,754.885882618464,503.257255078976,1593.24932581822,71.4604867320104,161.284077487794,38.5546772656765,164.01656973705,1352.3876,-0.006,0.2871246178005,0,0
251,2010,62,2987.66771024744,844.516299714841,1285.89084631956,857.26056421304,3074.63365249348,72.4521498344387,41.6261271651017,62.7551133994909,37.0168534019135,2127.7595,0.008,-0.100662971562361,0,0
251,2011,62,4339.60533588295,1207.89399655556,1879.02680359643,1252.68453573096,4206.90167492085,81.8815419550153,41.6261271651017,82.911267191889,111.401972594489,2997.1499,0.003,-0.127277208913561,0,0
251,2012,62,3899.1102397913,1094.63640219033,1682.68430256058,1121.78953504039,4151.56930102765,28.4092459947771,41.6261271651017,53.7472860460143,49.0653448094714,2724.4789,1e-04,0.0655927180722718,0,0
251,2013,62,3360.64828377577,1013.55398815064,1408.25657737508,938.837718250051,3029.75535948688,14.6131783718608,41.6261271651017,84.3224111063899,57.0591069668907,2258.7022,0.002,0.0949533722410271,0,0
251,2014,62,2864.20779733445,914.325895131436,1169.92914132181,779.952760881204,2248.43582743509,17.8811910285871,41.6261271651017,68.5888797363483,45.5940667928304,2149.9132,0,0.39030747990186,0,0
251,2015,62,4274.0611846223,1245.41544759211,1817.18744221811,1211.45829481207,4186.60729519592,93.2951203010821,41.6261271651017,56.2733141575218,50.1382385508377,2875.0795,-0.003,0.11170190702389,0,0
251,2016,62,4599.17142073551,991.761908212318,2164.44570751392,1442.96380500928,4497.90136371271,131.594118500282,41.6261271651017,69.2583627442943,64.4561936949244,3417.7788,-0.006,0.308277169344714,0,0
251,2017,62,3937.81536751495,1001.5346314793,1761.76844162139,1174.51229441426,4191.76766532315,61.0170116426439,41.6261271651017,62.7782764819805,49.9474993559845,2989.8249,-0.007,0.174472004094091,0,0
251,2018,62,3755.75195926269,1158.20823420214,1558.52623503633,1039.01749002422,3632.40510539165,34.8889947457402,41.6261271651017,58.2935520992831,28.2875443364082,2479.0156,-0.006,-0.0604293454202975,0,0
251,2019,62,4006.3291033865,1067.44068042743,1763.33305377544,1175.55536918363,3680.2618468283,78.9894309479935,41.6261271651017,66.4955324264859,58.7797801358873,3118.0853,-0.006,0.300610618160787,0,0
251,2020,62,4562.80167546802,1101.47508667563,2076.79595327543,1384.53063551696,4108.02063379827,80.6483643630868,41.6261271651017,66.4684882165913,38.3593470561477,3051.1897,-0.007,0.18310812949789,0,0
251,2021,62,4659.15456721542,1084.6845375779,2144.68201778251,1429.78801185501,5135.16334447043,134.133026033216,41.6261271651017,57.711552574639,65.5678813901272,3103.3693,-0.006,0.458582057566155,0,0
252,2010,63,15588.3626073003,467.65087821901,9072.42703744878,6048.28469163252,17106.5103487671,221.419940026616,11.7515714971148,46.1163350663798,5.8996660044318,16574.8565,0.008,0.250887708685779,0,0
252,2011,63,4294.17079399156,512.35116447804,2269.09177770811,1512.72785180541,5218.58153930747,57.8737964907764,11.7515714971148,38.5121124242699,10.5499386035807,4679.2624,0.003,-0.0587073933713437,0,0
252,2012,63,6026.15191746612,595.289194034592,3258.51763405892,2172.34508937261,7131.7796111823,75.3302287292185,11.7515714971148,33.8691933205809,6.64732801204948,7332.7836,1e-04,0.0583043358630777,0,0
252,2013,63,9822.79953110044,585.853013260713,5542.16791070383,3694.77860713589,12367.2845702665,294.076146695345,11.7515714971148,37.2165449429483,9.05477010402293,9439.1571,0.002,0.384917270430399,0,0
252,2014,63,4047.99129535836,477.789911233927,2142.12083047466,1428.08055364978,4444.63840870771,76.3900297463929,11.7515714971148,51.0592737944251,15.6339322480797,4411.2369,0,0.21817152942644,0,0
252,2015,63,4251.2719814216,528.502100292755,2233.66192867731,1489.10795245154,5021.97240920657,82.6021097106624,11.7515714971148,28.2639113848083,6.21070298047134,4186.6092,-0.003,-0.020632236383617,0,0
252,2016,63,7079.69534431152,566.910058342651,3907.67117158132,2605.11411438755,7286.31921718555,140.806085730603,11.7515714971148,38.6791284124779,10.1818698504207,7639.0761,-0.006,-0.14932758384285,0,0
252,2017,63,3743.90526338975,513.448523252714,1938.27404408222,1292.18269605481,4164.27648969063,5.27932635577608,11.7515714971148,34.187519314969,5.20397473700707,3869.8179,-0.007,-0.15881726974801,0,0
252,2018,63,6274.43999537179,506.062631769852,3461.02641816116,2307.35094544077,7230.10989022107,169.340286760325,11.7515714971148,45.5056375503764,11.2935919405177,6325.8753,-0.006,0.071877207758269,0,0
252,2019,63,11842.7380120279,559.059541852327,6770.20708210536,4513.47138807024,13080.1976901248,179.330978259542,11.7515714971148,41.2214701986376,10.4120078427539,12431.8475,-0.006,0.0734051937051234,0,0
252,2020,63,8720.45927519776,587.036673804578,4880.05356083591,3253.36904055727,10792.7210603096,222.986125822731,11.7515714971148,45.2716111205447,13.8938372395447,10407.4894,-0.007,-0.020666908570816,0,0
252,2021,63,8735.18937049663,613.37622336453,4873.08788827926,3248.72525885284,10648.5756832637,205.019169292066,11.7515714971148,25.4633257860053,6.98456498905986,8827.6807,-0.006,-0.267170928010408,0,0
253,2010,60,3603.81042006975,754.704872510966,1709.46332853527,1139.64221902351,4019.2351993964,56.3719208790351,148.309288222309,20.1657797503761,41.544004391429,4072.6809,0.008,0.266583186195705,0,1
253,2011,60,5702.09452677254,847.03144895287,2913.0378466918,1942.02523112787,5667.42166514061,214.157862654948,148.309288222309,24.7725379304562,76.7257231178001,6392.0226,0.003,0.0934449289497841,0,1
253,2012,60,4176.30581405497,695.90938282525,2088.23785873783,1392.15857249189,4531.00559518405,169.300968611939,148.309288222309,30.2649148683185,67.7889876288549,3985.7469,1e-04,0.024054265973524,0,1
253,2013,60,3522.86124598158,729.071173715102,1676.27404335989,1117.51602890659,3814.7504617851,84.6308226263485,148.309288222309,28.4240194448057,95.1602025781884,3699.1674,0.002,0.465506948846132,0,1
253,2014,60,5101.34461566916,873.188571166968,2536.89362670131,1691.26241780088,5562.7783253733,161.16711483708,148.309288222309,33.5305435874837,102.600400013431,5489.5012,0,0.045853694270621,0,1
253,2015,60,3983.08553190692,763.18548173433,1931.94003010355,1287.96002006904,4343.20345200243,-14.6437752134606,148.309288222309,34.1433282437322,44.9906704458536,4340.539,-0.003,0.155811874110235,0,1
253,2016,60,2845.68636336815,700.809410684659,1286.9261716101,857.950781073398,2530.67182344316,65.9327788599848,148.309288222309,31.9926995651302,78.166271289857,3158.0915,-0.006,0.0200627729163149,0,1
253,2017,60,4726.38349531931,803.035645767728,2354.00870973095,1569.33913982063,5238.06815101362,193.812782081199,148.309288222309,34.342988565927,85.5807972242423,5182.0558,-0.007,-0.167591995683687,0,1
253,2018,60,3813.31800903685,710.552209313932,1861.65947983375,1241.10631988917,4036.32310821367,132.441347523962,148.309288222309,32.0716921232921,109.86007691319,3899.691,-0.006,0.0288361524543915,0,1
253,2019,60,2795.969673613,668.546893440069,1276.45366810376,850.969112069174,2431.23883512867,75.1490087873759,148.309288222309,32.7037522696135,114.277682250175,2522.1853,-0.006,-0.0563676381863558,0,1
253,2020,60,4341.02690171058,939.231983897671,2041.07695068774,1360.71796712516,4795.96106370848,-18.4647755782656,148.309288222309,29.6959149128568,97.5372741752793,4809.6306,-0.007,0.228533152480844,0,1
253,2021,60,3810.47837019166,829.004478132478,1788.88433523551,1192.58955682367,3887.23366355857,98.3762346521955,148.309288222309,28.0294911465907,88.9246056362384,3991.8426,-0.006,0.208476065435912,0,1
254,2010,60,802.334937439858,364.235903775845,262.859420198408,175.239613465605,683.228427335842,7.32697486290896,79.9171236442579,27.6944584068309,44.6603942839741,394.3702,0.008,0.0569196561792334,0,0
254,2011,60,998.364140143287,398.977121838708,359.632210982747,239.754807321832,803.524778724937,12.4583777306356,79.9171236442579,28.1259464008085,54.7128466532507,464.2134,0.003,-0.380051606084505,0,0
254,2012,60,825.558195075586,326.243238663234,299.588973847412,199.725982564941,778.845643947543,16.4736796532361,79.9171236442579,27.2674295459932,35.7982943419588,389.4284,1e-04,0.381864060847731,0,0
254,2013,60,861.371700343198,365.766959599189,297.362844446406,198.241896297604,633.076355598717,15.4770591335119,79.9171236442579,20.787683691149,35.2377496928262,433.7088,0.002,-0.0968812020343058,0,0
254,2014,60,1002.67316906639,410.255734401304,355.450460799054,236.966973866036,824.079221771238,28.3090660688195,79.9171236442579,25.3260312404321,47.3725852462341,507.0553,0,0.232376540696199,0,0
254,2015,60,858.789667773249,345.678961125255,307.866423988797,205.244282659198,662.457239710604,8.85408897714312,79.9171236442579,27.5987105128068,34.5145061656906,441.3969,-0.003,-0.111082490724537,0,0
254,2016,60,1237.68580012127,365.019473817589,523.599795782207,349.066530521471,1107.04984282907,41.7051831479857,79.9171236442579,22.760890462737,48.3680730669544,612.8979,-0.006,-0.0827467768296483,0,0
254,2017,60,888.300173590871,351.089967462369,322.326123677101,214.884082451401,673.145530755458,20.7290426665321,79.9171236442579,21.0929161271751,31.4265163408399,409.0204,-0.007,0.403159416931917,0,0
254,2018,60,717.745026103803,328.869220884255,233.325483131729,155.55032208782,537.588703548787,NA,79.9171236442579,24.6609561317603,34.1869772593049,336.1389,-0.006,0.317130906714162,0,0
254,2019,60,978.42005740494,422.049243109786,333.822488577092,222.548325718062,808.832390834993,9.2302822797481,79.9171236442579,22.904717129455,27.5464673874673,463.486,-0.006,-0.236754617872134,0,0
254,2020,60,842.21674196622,364.480671580978,286.641642231145,191.094428154097,613.885019099405,16.9171471807348,79.9171236442579,20.8876441672482,28.2517081140077,405.4542,-0.007,-0.181677393477364,0,0
254,2021,60,918.904793007897,351.089360745379,340.689259357511,227.126172905007,820.966094843096,28.931894441058,79.9171236442579,23.0986892672996,26.6633842423839,452.3412,-0.006,-0.0414014371300254,0,0
255,2010,62,7756.17435208621,1820.12876592228,3561.62735169836,2374.41823446557,6917.2743467272,158.521911241756,189.862384549542,13.1192361777056,37.6339866077467,8032.0658,0.008,-0.233743972623013,0,0
255,2011,62,9453.87521747443,1813.06121995014,4584.48839851457,3056.32559900972,8650.20567192284,-31.1550966853255,189.862384549542,17.0786924389595,60.0321716135631,9098.1862,0.003,-0.0283672142562674,0,0
255,2012,62,10020.0239653011,1899.13720649106,4872.532055286,3248.354703524,10576.0173702477,136.858992969117,189.862384549542,15.7580698135008,75.4444639824015,9684.9861,1e-04,0.0204610968067395,0,0
255,2013,62,6863.83427992951,1862.51393277696,3000.79220829153,2000.52813886102,5699.8288743046,267.859980773927,189.862384549542,15.8099327546194,48.1836049745226,6493.838,0.002,0.254627602944631,0,0
255,2014,62,6785.7525636872,1907.6178233416,2926.88084420736,1951.25389613824,6050.07453466242,245.48040839331,189.862384549542,14.7340949708974,63.0975580652347,6674.9645,0,0.105013862980774,0,0
255,2015,62,6106.18030299747,1509.69437899849,2757.89155439939,1838.59436959959,6498.85477417462,114.813929854618,189.862384549542,16.3047040894825,11.4009321947001,6521.3604,-0.003,0.0777067912868077,0,0
255,2016,62,7389.851596498,2020.51625579893,3221.60120441944,2147.73413627963,7812.70120999594,210.386790658768,189.862384549542,18.6030242557627,57.9749360896473,7307.5746,-0.006,-0.0708935474441652,0,0
255,2017,62,5590.53975520368,1464.86610429189,2475.40419054708,1650.26946036472,4781.2733712384,110.811714277806,189.862384549542,16.1119637359922,97.2193976807552,5319.9378,-0.007,0.161342728492783,0,0
255,2018,62,9445.25435635853,1687.29736294626,4654.77419604736,3103.18279736491,11013.0692491837,128.009065811706,189.862384549542,14.1877101686838,54.401611596465,10040.6423,-0.006,-0.0699409308971287,0,0
255,2019,62,8073.3448821575,1720.9980488563,3811.40809998072,2540.93873332048,8583.65258335415,260.041356904843,189.862384549542,17.4133676554724,82.2456659773692,8399.1503,-0.006,0.000496495092950938,0,0
255,2020,62,7024.4847406584,1967.81938892981,3033.99921103715,2022.66614069143,6254.6796236082,258.620541263614,189.862384549542,20.315389343441,68.6395504808409,7562.2627,-0.007,-0.0190617810434863,0,0
255,2021,62,9021.05896927437,2090.1193426003,4158.56377600444,2772.37585066963,8511.51666709068,128.227720442081,189.862384549542,19.5715846980097,27.3590336326419,8572.5074,-0.006,0.308222838604007,0,0
